<powerpagecomponent powerpagecomponentid="0ed5b9c3-5a9a-ee11-be37-0022483c04c3">
  <content>{
  "contentdisposition": 756150000,
  "enabletracking": false,
  "excludefromsearch": false,
  "hiddenfromsitemap": false,
  "parentpageid": "66308cbe-5a9a-ee11-be37-000d3aff3da3",
  "partialurl": "mathjax_script-regular.woff",
  "publishingstateid": "e007803a-e299-ee11-be37-0022483c04c3"
}</content>
  <filecontent mimetype="application/octet-stream">MathJax_Script-Regular.woff</filecontent>
  <iscustomizable>1</iscustomizable>
  <name>MathJax_Script-Regular.woff</name>
  <powerpagecomponenttype>3</powerpagecomponenttype>
  <powerpagesiteid>
    <powerpagesiteid>27ad7a40-e299-ee11-be37-0022483c04c3</powerpagesiteid>
  </powerpagesiteid>
  <statecode>0</statecode>
  <statuscode>1</statuscode>
</powerpagecomponent>