{
  "locale": "en-US",
  "card": {
    "title": "B2CverifiedAccount",
    "issuedBy": "b2ctenant",
    "backgroundColor": "#B8CEC1",
    "textColor": "#ffffff",
    "logo": {
      "uri": "https://cljungdemob2c.blob.core.windows.net/uxcust/templates/images/snoopy-small.jpg",
      "description": "B2C Logo"
    },
    "description": "Use your verified credential card to prove you have a B2C account."
  },
  "consent": {
    "title": "Do you want to get your B2C VC card?",
    "instructions": "Sign in with your account to get your card."
  },
  "claims": [
    {
      "claim": "vc.credentialSubject.firstName",
      "label": "First name",
      "type": "String"
    },
    {
      "claim": "vc.credentialSubject.lastName",
      "label": "Last name",
      "type": "String"
    },
    {
      "claim": "vc.credentialSubject.country",
      "label": "Country",
      "type": "String"
    },
    {
      "claim": "vc.credentialSubject.oid",
      "label": "oid",
      "type": "String"
    },
    {
      "claim": "vc.credentialSubject.tid",
      "label": "tid",
      "type": "String"
    },
    {
      "claim": "vc.credentialSubject.displayName",
      "label": "displayName",
      "type": "String"
    },
    {
      "claim": "vc.credentialSubject.username",
      "label": "username",
      "type": "String"
    }
  ]
}