{
  "attestations": {
    "idTokens": [
      {
        "clientId": "ac455c95-6f77-4dd5-bffe-117329946906",
        "configuration": "https://yourtenant.b2clogin.com/yourtenant.onmicrosoft.com/B2C_1A_VC_susi_issuevc/v2.0/.well-known/openid-configuration",
        "redirectUri": "vcclient://openid",
        "scope": "openid",
        "mapping": [
          {
            "outputClaim": "displayName",
            "required": true,
            "inputClaim": "name",
            "indexed": false
          },
          {
            "outputClaim": "oid",
            "required": true,
            "inputClaim": "oid",
            "indexed": false
          },
          {
            "outputClaim": "tid",
            "required": true,
            "inputClaim": "tid",
            "indexed": false
          },
          {
            "outputClaim": "username",
            "required": true,
            "inputClaim": "email",
            "indexed": true
          },
          {
            "outputClaim": "lastName",
            "required": true,
            "inputClaim": "family_name",
            "indexed": false
          },
          {
            "outputClaim": "firstName",
            "required": true,
            "inputClaim": "given_name",
            "indexed": false
          },
          {
            "outputClaim": "country",
            "required": true,
            "inputClaim": "ctry",
            "indexed": false
          }
        ],
        "required": true
      }
    ]
  },
  "validityInterval": 2592000,
  "vc": {
    "type": [
      "B2CVerifiedAccount"
    ]
  }
}