{{
  "attestations": {
    "idTokenHints": [
      {
        "mapping": [
          {
            "outputClaim": "displayName",
            "required": true,
            "inputClaim": "displayName",
            "indexed": false
          },
          {
            "outputClaim": "oid",
            "required": true,
            "inputClaim": "oid",
            "indexed": false
          },
          {
            "outputClaim": "tid",
            "required": true,
            "inputClaim": "tid",
            "indexed": false
          },
          {
            "outputClaim": "username",
            "required": true,
            "inputClaim": "username",
            "indexed": true
          },
          {
            "outputClaim": "lastName",
            "required": true,
            "inputClaim": "lastName",
            "indexed": false
          },
          {
            "outputClaim": "firstName",
            "required": true,
            "inputClaim": "firstName",
            "indexed": false
          },
          {
            "outputClaim": "country",
            "required": true,
            "inputClaim": "country",
            "indexed": false
          }
        ],
        "required": true
      }
    ]
  },
  "validityInterval": 2592000,
  "vc": {
    "type": [
      "B2CVerifiedAccount"
    ]
  }
}