<powerpagecomponent powerpagecomponentid="0dda0c96-5a9a-ee11-be37-0022483d081a">
  <content>{
  "contentdisposition": 756150000,
  "enabletracking": false,
  "excludefromsearch": false,
  "hiddenfromsitemap": false,
  "parentpageid": "cfbeaa99-5a9a-ee11-be37-000d3aff3da3",
  "partialurl": "2021-03-trial.min.css",
  "publishingstateid": "e007803a-e299-ee11-be37-0022483c04c3"
}</content>
  <filecontent mimetype="application/octet-stream">2021-03-trial.min.css</filecontent>
  <iscustomizable>1</iscustomizable>
  <name>2021-03-trial.min.css</name>
  <powerpagecomponenttype>3</powerpagecomponenttype>
  <powerpagesiteid>
    <powerpagesiteid>27ad7a40-e299-ee11-be37-0022483c04c3</powerpagesiteid>
  </powerpagesiteid>
  <statecode>0</statecode>
  <statuscode>1</statuscode>
</powerpagecomponent>