<powerpagecomponent powerpagecomponentid="139cc03b-e299-ee11-be37-000d3aff3da3">
  <content>{
  "value": "{\"status\":\"enable\",\"selectedThemeId\":\"f21551a1-7244-432f-ad88-220609e070d3\",\"siteSettingId\":\"139cc03b-e299-ee11-be37-000d3aff3da3\",\"version\":\"V2\"}"
}</content>
  <iscustomizable>1</iscustomizable>
  <name>ThemeFeature</name>
  <powerpagecomponenttype>9</powerpagecomponenttype>
  <powerpagesiteid>
    <powerpagesiteid>27ad7a40-e299-ee11-be37-0022483c04c3</powerpagesiteid>
  </powerpagesiteid>
  <statecode>0</statecode>
  <statuscode>1</statuscode>
</powerpagecomponent>