<powerpagecomponent powerpagecomponentid="2dad7a40-e299-ee11-be37-0022483c04c3">
  <content>{
  "managecontentsnippets": true,
  "managesitemarkers": true,
  "manageweblinksets": true,
  "previewunpublishedentities": true,
  "adx_websiteaccess_webrole": [
    "1fad7a40-e299-ee11-be37-0022483c04c3"
  ]
}</content>
  <iscustomizable>1</iscustomizable>
  <name>Administrative permissions for Blank Template</name>
  <powerpagecomponenttype>12</powerpagecomponenttype>
  <powerpagesiteid>
    <powerpagesiteid>27ad7a40-e299-ee11-be37-0022483c04c3</powerpagesiteid>
  </powerpagesiteid>
  <statecode>0</statecode>
  <statuscode>1</statuscode>
</powerpagecomponent>