{
  "@/css/noscript.css": {
    "hashes": {
      "sha256": "oKzQT267tSC8Z3hJTKkJCuEaIDSI/t2WYGI/DabpMcI=",
      "sha512": "bxntafxCutZ0w3vk94e+9DrwyeqYcHKxGl2TpbGJf4w3GCMR3BrNn/ea7BppjOs9CVMu/+c6p55NBpdXrccT9w=="
    },
    "integrity": "sha256-oKzQT267tSC8Z3hJTKkJCuEaIDSI/t2WYGI/DabpMcI= sha512-bxntafxCutZ0w3vk94e+9DrwyeqYcHKxGl2TpbGJf4w3GCMR3BrNn/ea7BppjOs9CVMu/+c6p55NBpdXrccT9w==",
    "path": "/css/noscript.css"
  },
  "@/css/noscript.min.css": {
    "hashes": {
      "sha256": "0Cy2uEQJV8OPxJjuywcikDwAOp8rr2O+memANAdWu5k=",
      "sha512": "2wIJsTjaN02/kit+phdMbKgFHp4oGj6s6/zFmseYS8uUc6fR6eA0NLGKtmt2za9A7iCIMu38J/6iWWXQ8AH85w=="
    },
    "integrity": "sha256-0Cy2uEQJV8OPxJjuywcikDwAOp8rr2O+memANAdWu5k= sha512-2wIJsTjaN02/kit+phdMbKgFHp4oGj6s6/zFmseYS8uUc6fR6eA0NLGKtmt2za9A7iCIMu38J/6iWWXQ8AH85w==",
    "path": "/css/noscript.min.css"
  },
  "@/css/polyfills/datalist.css": {
    "hashes": {
      "sha256": "MkeBfrRF9gQ136zOoLBC4n4onRJTjWzzlNw+TF5dP7I=",
      "sha512": "S7M9UnWzHl6QdnXJSb34HVHHjgSHq8I/UzK4CUsTux1awM+GqpGLgYEItGdDnSCFO9uPONr/cECxWbivU79Mpw=="
    },
    "integrity": "sha256-MkeBfrRF9gQ136zOoLBC4n4onRJTjWzzlNw+TF5dP7I= sha512-S7M9UnWzHl6QdnXJSb34HVHHjgSHq8I/UzK4CUsTux1awM+GqpGLgYEItGdDnSCFO9uPONr/cECxWbivU79Mpw==",
    "path": "/css/polyfills/datalist.css"
  },
  "@/css/polyfills/datalist.min.css": {
    "hashes": {
      "sha256": "bjgjYwiFnMFLdbhcNGaAnQssVSUfRnHq/vF4fbJMHdU=",
      "sha512": "3IEB71gyYqicqAd1guQX61XKnY15jESQ7cg0lACaX0zN+oYqO6AjXwwfFUW1jPKQD2yoVjXxRMSf0q+5x8st+w=="
    },
    "integrity": "sha256-bjgjYwiFnMFLdbhcNGaAnQssVSUfRnHq/vF4fbJMHdU= sha512-3IEB71gyYqicqAd1guQX61XKnY15jESQ7cg0lACaX0zN+oYqO6AjXwwfFUW1jPKQD2yoVjXxRMSf0q+5x8st+w==",
    "path": "/css/polyfills/datalist.min.css"
  },
  "@/css/polyfills/datepicker.css": {
    "hashes": {
      "sha256": "meh26ltfOEX9b+YGkS0gG5dpPldt5bTptP/yryLi05A=",
      "sha512": "OlzTQMRmPKpQI7K7MC6JyntOu0oI9PiBnvQkPJYlnPE8UUZDknPfddBNbrKTjKTLqbRbxR1bNXiSvPTt+h94Ow=="
    },
    "integrity": "sha256-meh26ltfOEX9b+YGkS0gG5dpPldt5bTptP/yryLi05A= sha512-OlzTQMRmPKpQI7K7MC6JyntOu0oI9PiBnvQkPJYlnPE8UUZDknPfddBNbrKTjKTLqbRbxR1bNXiSvPTt+h94Ow==",
    "path": "/css/polyfills/datepicker.css"
  },
  "@/css/polyfills/datepicker.min.css": {
    "hashes": {
      "sha256": "Yj1Nsq8iHFJjtfwMV3kDbnbph4gO6VgzKIA5OVNVY0o=",
      "sha512": "P1hG2dqF1NsahSEKx4MxJwLZZUWzH3xiXf8WxR8dXnRcem7B6Yu0OFCDK1dTVfSquZENYKu5INuGxQyhd93Mlw=="
    },
    "integrity": "sha256-Yj1Nsq8iHFJjtfwMV3kDbnbph4gO6VgzKIA5OVNVY0o= sha512-P1hG2dqF1NsahSEKx4MxJwLZZUWzH3xiXf8WxR8dXnRcem7B6Yu0OFCDK1dTVfSquZENYKu5INuGxQyhd93Mlw==",
    "path": "/css/polyfills/datepicker.min.css"
  },
  "@/css/polyfills/details.css": {
    "hashes": {
      "sha256": "yd1JMe2B0BDXxDX8SfjjswRQQnxay6hLBglSmBKGWh0=",
      "sha512": "4g9OkEPhkCFs9E145j1vKa92po0a6f761nOfHFITB1Krcce5/iB6E77UYd3ozvxgiA43wam/WBeWYHO4pbD1ZQ=="
    },
    "integrity": "sha256-yd1JMe2B0BDXxDX8SfjjswRQQnxay6hLBglSmBKGWh0= sha512-4g9OkEPhkCFs9E145j1vKa92po0a6f761nOfHFITB1Krcce5/iB6E77UYd3ozvxgiA43wam/WBeWYHO4pbD1ZQ==",
    "path": "/css/polyfills/details.css"
  },
  "@/css/polyfills/details.min.css": {
    "hashes": {
      "sha256": "88wn8wVsMeX/gi5+Os6bY3U9vTTuk1VqQgNLjOMEMUA=",
      "sha512": "mGpWmCEqBo2uXeCiDjqduE0t23SsuGAIRz45YIQTk5ohiGOnKJWhlAVKtrElz6CS7jL0RMQkSgtxhWUHWMFGAg=="
    },
    "integrity": "sha256-88wn8wVsMeX/gi5+Os6bY3U9vTTuk1VqQgNLjOMEMUA= sha512-mGpWmCEqBo2uXeCiDjqduE0t23SsuGAIRz45YIQTk5ohiGOnKJWhlAVKtrElz6CS7jL0RMQkSgtxhWUHWMFGAg==",
    "path": "/css/polyfills/details.min.css"
  },
  "@/css/polyfills/mathml.css": {
    "hashes": {
      "sha256": "BQAoM8A/mOP9peMmgEQ1pClwignfMBBlinmAjL6hQwA=",
      "sha512": "b5fnCyoY4rF0mBRaImm3rWJ8PBZXhuiVP6kAT975NUDRzVVvHhde8cyKeLXMhNjAYWh9II28YSvtI9VgWUnDMg=="
    },
    "integrity": "sha256-BQAoM8A/mOP9peMmgEQ1pClwignfMBBlinmAjL6hQwA= sha512-b5fnCyoY4rF0mBRaImm3rWJ8PBZXhuiVP6kAT975NUDRzVVvHhde8cyKeLXMhNjAYWh9II28YSvtI9VgWUnDMg==",
    "path": "/css/polyfills/mathml.css"
  },
  "@/css/polyfills/mathml.min.css": {
    "hashes": {
      "sha256": "ud0mQS4dqusUR6tRCx6zabZlnp/ybsAuJ4OBXrTiL8I=",
      "sha512": "J0UGN025IcaMFFOe178q3/W8UbrXSXHCtUHmtTX7IGOY5Re37u0HdkEo6tyS9QwEUH3RVtMOyEKuO9T9XnUQ9Q=="
    },
    "integrity": "sha256-ud0mQS4dqusUR6tRCx6zabZlnp/ybsAuJ4OBXrTiL8I= sha512-J0UGN025IcaMFFOe178q3/W8UbrXSXHCtUHmtTX7IGOY5Re37u0HdkEo6tyS9QwEUH3RVtMOyEKuO9T9XnUQ9Q==",
    "path": "/css/polyfills/mathml.min.css"
  },
  "@/css/polyfills/meter.css": {
    "hashes": {
      "sha256": "zuJmF6qlepwPZvtAK9C22yvstszbHOM4wW5QgCgF08A=",
      "sha512": "PImeid9MQmHT+EI9H9O72PWZjiQYAmwhqW3JbEXUMdOyOBo6qjVgiBR7yzpYWKlWvN34iPMVHR+8j9XJejfdtA=="
    },
    "integrity": "sha256-zuJmF6qlepwPZvtAK9C22yvstszbHOM4wW5QgCgF08A= sha512-PImeid9MQmHT+EI9H9O72PWZjiQYAmwhqW3JbEXUMdOyOBo6qjVgiBR7yzpYWKlWvN34iPMVHR+8j9XJejfdtA==",
    "path": "/css/polyfills/meter.css"
  },
  "@/css/polyfills/meter.min.css": {
    "hashes": {
      "sha256": "gxzHL9/VdJlJd9G0/ebIp2jEnbfLd0ALIBnZ0ixWoNE=",
      "sha512": "MpMZX0XRjoKxqv5E2EjA3m0tyyatmBZnffMVDSVPNOz5V5uBNJtzQrQBa7yvgqdKqe9TZKAK9Mg2FY7wrRqi5Q=="
    },
    "integrity": "sha256-gxzHL9/VdJlJd9G0/ebIp2jEnbfLd0ALIBnZ0ixWoNE= sha512-MpMZX0XRjoKxqv5E2EjA3m0tyyatmBZnffMVDSVPNOz5V5uBNJtzQrQBa7yvgqdKqe9TZKAK9Mg2FY7wrRqi5Q==",
    "path": "/css/polyfills/meter.min.css"
  },
  "@/css/polyfills/progress.css": {
    "hashes": {
      "sha256": "FgCfBSLIlFYPMzgudQaWkKIw+URwyBH5DEirQNp7tA4=",
      "sha512": "bSiflFx311hJ+cILBkoU83YjsQOziXJed9wzXOTw0dTER+/vffvFcQm5B+qaOJAAMOO2kLbIhAZaHm0k8M7FfA=="
    },
    "integrity": "sha256-FgCfBSLIlFYPMzgudQaWkKIw+URwyBH5DEirQNp7tA4= sha512-bSiflFx311hJ+cILBkoU83YjsQOziXJed9wzXOTw0dTER+/vffvFcQm5B+qaOJAAMOO2kLbIhAZaHm0k8M7FfA==",
    "path": "/css/polyfills/progress.css"
  },
  "@/css/polyfills/progress.min.css": {
    "hashes": {
      "sha256": "X6WQ9ILLgEvL1J8/J+FvlQX3NwmDM0gJOJeU53RtOEw=",
      "sha512": "mUvioGcSQGkU84vOz3ANuacd+yBVw5SpH47EmCMBd66NRmoNWGq/kfgfixOPgXvA9l5IpVK7G6Gpbk1VwHbj/A=="
    },
    "integrity": "sha256-X6WQ9ILLgEvL1J8/J+FvlQX3NwmDM0gJOJeU53RtOEw= sha512-mUvioGcSQGkU84vOz3ANuacd+yBVw5SpH47EmCMBd66NRmoNWGq/kfgfixOPgXvA9l5IpVK7G6Gpbk1VwHbj/A==",
    "path": "/css/polyfills/progress.min.css"
  },
  "@/css/polyfills/slider.css": {
    "hashes": {
      "sha256": "JDg4JH+r21wDzgYJaIBB6FMRLol2j2/SnsaMKsR4IPU=",
      "sha512": "JjyvxdyA26pBeqKr3vNbVe6AFQhNprw/3EqYfz7noXHcfCbrhQuv+hF0pjOHAFsZlul7RkR5bGCluxdyS14x7Q=="
    },
    "integrity": "sha256-JDg4JH+r21wDzgYJaIBB6FMRLol2j2/SnsaMKsR4IPU= sha512-JjyvxdyA26pBeqKr3vNbVe6AFQhNprw/3EqYfz7noXHcfCbrhQuv+hF0pjOHAFsZlul7RkR5bGCluxdyS14x7Q==",
    "path": "/css/polyfills/slider.css"
  },
  "@/css/polyfills/slider.min.css": {
    "hashes": {
      "sha256": "NE1azSEbtU3OQyB62Q2DBV7NITfibiBx4AplLunIY5A=",
      "sha512": "A+/CMu+Pq3QhLBZbEM5JTePbXpvpspSnAszAHBVjvJj92OtSZz6O0xMeQcv8WgCwX9xHWCEpq+fhdvlg9ouRQQ=="
    },
    "integrity": "sha256-NE1azSEbtU3OQyB62Q2DBV7NITfibiBx4AplLunIY5A= sha512-A+/CMu+Pq3QhLBZbEM5JTePbXpvpspSnAszAHBVjvJj92OtSZz6O0xMeQcv8WgCwX9xHWCEpq+fhdvlg9ouRQQ==",
    "path": "/css/polyfills/slider.min.css"
  },
  "@/js/deps/additional-methods.js": {
    "hashes": {
      "sha256": "0HeMWyQUbTbe7SGnSYbjj9+HVA0hKDmEUtbYoTKe+Bk=",
      "sha512": "n9HW9lIIxL1++t4PqOLyw1sTcqZhvaLBKQOBEwKR3lntF4nVULdfYrD+lklcoM8i0rqEeN522u7d4v7NhvdUWg=="
    },
    "integrity": "sha256-0HeMWyQUbTbe7SGnSYbjj9+HVA0hKDmEUtbYoTKe+Bk= sha512-n9HW9lIIxL1++t4PqOLyw1sTcqZhvaLBKQOBEwKR3lntF4nVULdfYrD+lklcoM8i0rqEeN522u7d4v7NhvdUWg==",
    "path": "/js/deps/additional-methods.js"
  },
  "@/js/deps/additional-methods.min.js": {
    "hashes": {
      "sha256": "71DylbH1sBhESoKjc3r59Dek8UDJVyhICbH3mrFQAro=",
      "sha512": "vo4hvcbSOFicsIKG65psK6MEtMM4qze+j9tx8l3H385IqqE8w/u5XQhG8DxNQtWkIKxakE3fq6gKlriIBhW52A=="
    },
    "integrity": "sha256-71DylbH1sBhESoKjc3r59Dek8UDJVyhICbH3mrFQAro= sha512-vo4hvcbSOFicsIKG65psK6MEtMM4qze+j9tx8l3H385IqqE8w/u5XQhG8DxNQtWkIKxakE3fq6gKlriIBhW52A==",
    "path": "/js/deps/additional-methods.min.js"
  },
  "@/js/deps/geomap-lib.js": {
    "hashes": {
      "sha256": "b9VvbjksrV2sQlh3yLeJn6jeLjNCIsYlAO3mBjbtJ4E=",
      "sha512": "TAzE3k4f35n2lKF6/V7fSJBo6Ks1f+tFHT4WFuBno8iNf8cuy4LiWNVclO2tDoIa/kCPzg4sD5muUGg8dUP5iQ=="
    },
    "integrity": "sha256-b9VvbjksrV2sQlh3yLeJn6jeLjNCIsYlAO3mBjbtJ4E= sha512-TAzE3k4f35n2lKF6/V7fSJBo6Ks1f+tFHT4WFuBno8iNf8cuy4LiWNVclO2tDoIa/kCPzg4sD5muUGg8dUP5iQ==",
    "path": "/js/deps/geomap-lib.js"
  },
  "@/js/deps/geomap-lib.min.js": {
    "hashes": {
      "sha256": "ghvZ2hNNZ3Q+X9WZLqHtDQ8/hiM5+Y7toXG9vfii5K0=",
      "sha512": "OrWJ7qBVH/ZePjWos0PC9GYx5bm4VC1O7/HZwgU0H7kjb+6sJz6nt3dTAScD7KyHbrQyOXTvv7YGYTJsZym7vQ=="
    },
    "integrity": "sha256-ghvZ2hNNZ3Q+X9WZLqHtDQ8/hiM5+Y7toXG9vfii5K0= sha512-OrWJ7qBVH/ZePjWos0PC9GYx5bm4VC1O7/HZwgU0H7kjb+6sJz6nt3dTAScD7KyHbrQyOXTvv7YGYTJsZym7vQ==",
    "path": "/js/deps/geomap-lib.min.js"
  },
  "@/js/deps/jquery.dataTables.js": {
    "hashes": {
      "sha256": "38kzJaiQSbkhoqXbpsRa/Pcj3Bq5JVqhSTFvmcN8Mf8=",
      "sha512": "g4e/mud5brYkgJR0+/gdR9N93AeSQQKPHfrQu7sbkmlcNpCNLw+9Zbl3zWRRcI3Pty3exhFUHzCEOJkv+W/NRw=="
    },
    "integrity": "sha256-38kzJaiQSbkhoqXbpsRa/Pcj3Bq5JVqhSTFvmcN8Mf8= sha512-g4e/mud5brYkgJR0+/gdR9N93AeSQQKPHfrQu7sbkmlcNpCNLw+9Zbl3zWRRcI3Pty3exhFUHzCEOJkv+W/NRw==",
    "path": "/js/deps/jquery.dataTables.js"
  },
  "@/js/deps/jquery.dataTables.min.js": {
    "hashes": {
      "sha256": "wfzC64CoUIUZXaXQ/Zmu9BRkpvZsvBJ0TJxRfIUKQq8=",
      "sha512": "AKGjKcXYvMms6de0SprCoBE67DmhedLO8BDWqAyDFDwzshW6di30RVRKZ1m/yLhWUpK1fOQMy4y540AV123BOw=="
    },
    "integrity": "sha256-wfzC64CoUIUZXaXQ/Zmu9BRkpvZsvBJ0TJxRfIUKQq8= sha512-AKGjKcXYvMms6de0SprCoBE67DmhedLO8BDWqAyDFDwzshW6di30RVRKZ1m/yLhWUpK1fOQMy4y540AV123BOw==",
    "path": "/js/deps/jquery.dataTables.min.js"
  },
  "@/js/deps/jquery.flot.canvas.js": {
    "hashes": {
      "sha256": "mTHUpH3yGB4kOQC51JVul/r4yVT3376j/9xYDliYsKE=",
      "sha512": "VcbxgAnq/R3U5FCfOFs9TIbHPNzlQ7bjKEGys2768wGZNWwx9ZyIBQ9vHMbHhz/HwH27Qx2lfNOBSHEL+4lzEA=="
    },
    "integrity": "sha256-mTHUpH3yGB4kOQC51JVul/r4yVT3376j/9xYDliYsKE= sha512-VcbxgAnq/R3U5FCfOFs9TIbHPNzlQ7bjKEGys2768wGZNWwx9ZyIBQ9vHMbHhz/HwH27Qx2lfNOBSHEL+4lzEA==",
    "path": "/js/deps/jquery.flot.canvas.js"
  },
  "@/js/deps/jquery.flot.canvas.min.js": {
    "hashes": {
      "sha256": "Qg+0u1clin31AzmkweONpb3LE/uDiovtP9ugaCTt5ZE=",
      "sha512": "LURFEXD5edAQCG5qmxGPfgGnN+Qg5YpswZTmZTXFP/lV0fTgVA5yzm15nXvd6T1hrwqmzn/WCap/cexwhSMjkQ=="
    },
    "integrity": "sha256-Qg+0u1clin31AzmkweONpb3LE/uDiovtP9ugaCTt5ZE= sha512-LURFEXD5edAQCG5qmxGPfgGnN+Qg5YpswZTmZTXFP/lV0fTgVA5yzm15nXvd6T1hrwqmzn/WCap/cexwhSMjkQ==",
    "path": "/js/deps/jquery.flot.canvas.min.js"
  },
  "@/js/deps/jquery.flot.js": {
    "hashes": {
      "sha256": "t7kx8nPDixJ3ucbB9OBcTsCYhaSHvdrzJ54tfkmjjhI=",
      "sha512": "1bVFcysZL1+sq86GjuK3hopY6NUKgO8hbXkMn8Bh7OEKYuUKAsu+77qYVCCEkm5XkeKh4yodJtVNRQzbDjoA1Q=="
    },
    "integrity": "sha256-t7kx8nPDixJ3ucbB9OBcTsCYhaSHvdrzJ54tfkmjjhI= sha512-1bVFcysZL1+sq86GjuK3hopY6NUKgO8hbXkMn8Bh7OEKYuUKAsu+77qYVCCEkm5XkeKh4yodJtVNRQzbDjoA1Q==",
    "path": "/js/deps/jquery.flot.js"
  },
  "@/js/deps/jquery.flot.min.js": {
    "hashes": {
      "sha256": "b76AmNr2/f8xyqjwaBoJ4y4+Pddupo75YwWnIvktwSI=",
      "sha512": "NMzDDk81zKKF6EDAkx9E6FRxH1s8KEq0VDVgeEfIBu1dmxIweuPtur+6nCzGw0+bLJk0wG54vDzZiL0CCYcMkQ=="
    },
    "integrity": "sha256-b76AmNr2/f8xyqjwaBoJ4y4+Pddupo75YwWnIvktwSI= sha512-NMzDDk81zKKF6EDAkx9E6FRxH1s8KEq0VDVgeEfIBu1dmxIweuPtur+6nCzGw0+bLJk0wG54vDzZiL0CCYcMkQ==",
    "path": "/js/deps/jquery.flot.min.js"
  },
  "@/js/deps/jquery.flot.orderBars.js": {
    "hashes": {
      "sha256": "nVTzClItiOo0w9+7Hv1miZVYWJuStu1JmhEG6/uxFXk=",
      "sha512": "LENlY0WNHYPxuUB1eYcIEL64n5NWNjDxdgahXqS6BUMAze/NEYAvdYzww9NR1Nckw/7Skk2g28LSHehNMAySqA=="
    },
    "integrity": "sha256-nVTzClItiOo0w9+7Hv1miZVYWJuStu1JmhEG6/uxFXk= sha512-LENlY0WNHYPxuUB1eYcIEL64n5NWNjDxdgahXqS6BUMAze/NEYAvdYzww9NR1Nckw/7Skk2g28LSHehNMAySqA==",
    "path": "/js/deps/jquery.flot.orderBars.js"
  },
  "@/js/deps/jquery.flot.orderBars.min.js": {
    "hashes": {
      "sha256": "hnuXlLBtbZFEHEjVVzk2VGiyCH7vSE5HhalOLyy7ot4=",
      "sha512": "j769cBhfy7hTuyUlXDJhF1eOBCPaHBRt6ayKPUGfYDvFzOjSWdS4CLDgH/yxqzQm/94xJ6HkZkggwY+Ea0tEBg=="
    },
    "integrity": "sha256-hnuXlLBtbZFEHEjVVzk2VGiyCH7vSE5HhalOLyy7ot4= sha512-j769cBhfy7hTuyUlXDJhF1eOBCPaHBRt6ayKPUGfYDvFzOjSWdS4CLDgH/yxqzQm/94xJ6HkZkggwY+Ea0tEBg==",
    "path": "/js/deps/jquery.flot.orderBars.min.js"
  },
  "@/js/deps/jquery.flot.pie.js": {
    "hashes": {
      "sha256": "RsEWYd9gdLG1bCIcU8j59Rkvf/1O7HtzoD1TRUs22cU=",
      "sha512": "V3iOMkZtV7KXIFPCdu/HcZOXSGPk3olaSEXOTlhSoFxmFbzHh8n0cG+fgQPWHSwSevWkoQR9hM3XPeJyJrGJ5g=="
    },
    "integrity": "sha256-RsEWYd9gdLG1bCIcU8j59Rkvf/1O7HtzoD1TRUs22cU= sha512-V3iOMkZtV7KXIFPCdu/HcZOXSGPk3olaSEXOTlhSoFxmFbzHh8n0cG+fgQPWHSwSevWkoQR9hM3XPeJyJrGJ5g==",
    "path": "/js/deps/jquery.flot.pie.js"
  },
  "@/js/deps/jquery.flot.pie.min.js": {
    "hashes": {
      "sha256": "Bo8bgUQq6+s771aQUGU7fxb3eQrDAc71BTHqg3xZEpM=",
      "sha512": "hmjb+ZFYYiQND8mMBKUh8aFYdAp4YwHNBmS8Mo9bw7F6WtX/g0JlIyUxda4F9ATNxF2IMHQ/7pI1E1IuVP2QBQ=="
    },
    "integrity": "sha256-Bo8bgUQq6+s771aQUGU7fxb3eQrDAc71BTHqg3xZEpM= sha512-hmjb+ZFYYiQND8mMBKUh8aFYdAp4YwHNBmS8Mo9bw7F6WtX/g0JlIyUxda4F9ATNxF2IMHQ/7pI1E1IuVP2QBQ==",
    "path": "/js/deps/jquery.flot.pie.min.js"
  },
  "@/js/deps/jquery.magnific-popup.js": {
    "hashes": {
      "sha256": "DIyCtPYsVZHVpPz27+wPEx5fsS/KY3JYU/ZjT4ovVbc=",
      "sha512": "SczEBPsEhipDOUK85nxEqAzy+Allqe44uV0y2evMy7+CNz86ZpHPoCvgEDOveBHBnrQ5kNedGSqoDIBu2TZjHQ=="
    },
    "integrity": "sha256-DIyCtPYsVZHVpPz27+wPEx5fsS/KY3JYU/ZjT4ovVbc= sha512-SczEBPsEhipDOUK85nxEqAzy+Allqe44uV0y2evMy7+CNz86ZpHPoCvgEDOveBHBnrQ5kNedGSqoDIBu2TZjHQ==",
    "path": "/js/deps/jquery.magnific-popup.js"
  },
  "@/js/deps/jquery.magnific-popup.min.js": {
    "hashes": {
      "sha256": "LR1lYJGSIlAs8ckqXCPlooqo5a/atZ6dk3bOB86f34s=",
      "sha512": "heUpNhCaVwU7SSKbhqfuWs/CVl178ICKdMesHLWgpPS0fudvex9pITgoQPGauF5VAGwS+LQO/nvTUjkcIUgtuw=="
    },
    "integrity": "sha256-LR1lYJGSIlAs8ckqXCPlooqo5a/atZ6dk3bOB86f34s= sha512-heUpNhCaVwU7SSKbhqfuWs/CVl178ICKdMesHLWgpPS0fudvex9pITgoQPGauF5VAGwS+LQO/nvTUjkcIUgtuw==",
    "path": "/js/deps/jquery.magnific-popup.min.js"
  },
  "@/js/deps/jquery.validate.js": {
    "hashes": {
      "sha256": "m0l81WDPiG7CcG7CDsTuZzvcGvyFmrQY5DLIxx3aRGw=",
      "sha512": "IFD8s8Ds5M/7XsAQXNXtHVdiA8EnBR6bZhy0R+Y7fruej9fNPkrZ6+0/dP8yfRU1u2x9De4WYGCNvoaIhmhnpg=="
    },
    "integrity": "sha256-m0l81WDPiG7CcG7CDsTuZzvcGvyFmrQY5DLIxx3aRGw= sha512-IFD8s8Ds5M/7XsAQXNXtHVdiA8EnBR6bZhy0R+Y7fruej9fNPkrZ6+0/dP8yfRU1u2x9De4WYGCNvoaIhmhnpg==",
    "path": "/js/deps/jquery.validate.js"
  },
  "@/js/deps/jquery.validate.min.js": {
    "hashes": {
      "sha256": "Pwx8MI4CCJsWiJpLkvl8BMBYlzIY1BiSKAk7lS1wGu8=",
      "sha512": "8RPN9MfUgsai8MAJwhzbp7xZNkX70rkmsRQOmRNI6QHkE2HYomAIEhuT1FTPfJMvz8SmGa0CTsw0wNhthJruBg=="
    },
    "integrity": "sha256-Pwx8MI4CCJsWiJpLkvl8BMBYlzIY1BiSKAk7lS1wGu8= sha512-8RPN9MfUgsai8MAJwhzbp7xZNkX70rkmsRQOmRNI6QHkE2HYomAIEhuT1FTPfJMvz8SmGa0CTsw0wNhthJruBg==",
    "path": "/js/deps/jquery.validate.min.js"
  },
  "@/js/deps/json-patch.js": {
    "hashes": {
      "sha256": "IRdRsKexw/kYgG9tKgFVvISAQ0hPVzkS+SziyLu0h1g=",
      "sha512": "Aa7lLR01JeTBkWK0uofetgH2QWXId5W+BeN/093xvcbr5zcSo0ZWfL9zvuucNruuVZxMFR4rPBOX/6jCNtx5fg=="
    },
    "integrity": "sha256-IRdRsKexw/kYgG9tKgFVvISAQ0hPVzkS+SziyLu0h1g= sha512-Aa7lLR01JeTBkWK0uofetgH2QWXId5W+BeN/093xvcbr5zcSo0ZWfL9zvuucNruuVZxMFR4rPBOX/6jCNtx5fg==",
    "path": "/js/deps/json-patch.js"
  },
  "@/js/deps/json-patch.min.js": {
    "hashes": {
      "sha256": "6Rt3bhnqWs1JqmFZWbkwdusZDSrlWDPOtgLiPcL6T5c=",
      "sha512": "p6As4xU7/GpAZRgTmVAIch/7XUuuvkan/mKBpGV2lMX9f+MVONLYylb6XthnQDQNue4t0vNC6HQM2fxr5jFSdQ=="
    },
    "integrity": "sha256-6Rt3bhnqWs1JqmFZWbkwdusZDSrlWDPOtgLiPcL6T5c= sha512-p6As4xU7/GpAZRgTmVAIch/7XUuuvkan/mKBpGV2lMX9f+MVONLYylb6XthnQDQNue4t0vNC6HQM2fxr5jFSdQ==",
    "path": "/js/deps/json-patch.min.js"
  },
  "@/js/deps/jsonpointer.js": {
    "hashes": {
      "sha256": "I5+CI8HkLHpBDm2qN3zS7j297/OQWP8pOzFoTxPe6yU=",
      "sha512": "WW3Cbp2XFuIAniT5nY38c+MvMYTLZiUX04QE1dNPUHgVyxRWdLgMmkUTCeEL55p3oXy6SpJveiylCuk+EnuGIQ=="
    },
    "integrity": "sha256-I5+CI8HkLHpBDm2qN3zS7j297/OQWP8pOzFoTxPe6yU= sha512-WW3Cbp2XFuIAniT5nY38c+MvMYTLZiUX04QE1dNPUHgVyxRWdLgMmkUTCeEL55p3oXy6SpJveiylCuk+EnuGIQ==",
    "path": "/js/deps/jsonpointer.js"
  },
  "@/js/deps/jsonpointer.min.js": {
    "hashes": {
      "sha256": "fu64XlbjDZnOqHKkq4Ou5N+VEb8NezSMnyv4FH+mGXw=",
      "sha512": "8VxIEx+47XVpyPwcJ342Or6NpIxX/80xBZBnbT0MbGzdD/fQy0C2PFNwC9xYPEo9psnuJ76FZhQRoLcEPOu9iQ=="
    },
    "integrity": "sha256-fu64XlbjDZnOqHKkq4Ou5N+VEb8NezSMnyv4FH+mGXw= sha512-8VxIEx+47XVpyPwcJ342Or6NpIxX/80xBZBnbT0MbGzdD/fQy0C2PFNwC9xYPEo9psnuJ76FZhQRoLcEPOu9iQ==",
    "path": "/js/deps/jsonpointer.min.js"
  },
  "@/js/deps/lang-apollo.js": {
    "hashes": {
      "sha256": "PTOdrzzdSkcODhIc6xltoaxN4JkPhsw+8CeSAPeif2o=",
      "sha512": "Dw7WUovNDAGiXMUsenvVmLiYLGg/IPQhAQLW64HlduHbAzJT0UDO6SOsRP70dNWoaaHd7TUTTAnIWyTHMoZDuw=="
    },
    "integrity": "sha256-PTOdrzzdSkcODhIc6xltoaxN4JkPhsw+8CeSAPeif2o= sha512-Dw7WUovNDAGiXMUsenvVmLiYLGg/IPQhAQLW64HlduHbAzJT0UDO6SOsRP70dNWoaaHd7TUTTAnIWyTHMoZDuw==",
    "path": "/js/deps/lang-apollo.js"
  },
  "@/js/deps/lang-apollo.min.js": {
    "hashes": {
      "sha256": "I6hsyOiP5eh0U9ucnT4DwfN/9cQJkdDyWW2J5dJ3TtE=",
      "sha512": "lF1LKdH+onp0dmcWkl9zHksG8YWG4E89XpjQV6Qm60wCSkvm+jVqWPj3c1+Wpksz5lS8p3BEknFguVQo84W6iA=="
    },
    "integrity": "sha256-I6hsyOiP5eh0U9ucnT4DwfN/9cQJkdDyWW2J5dJ3TtE= sha512-lF1LKdH+onp0dmcWkl9zHksG8YWG4E89XpjQV6Qm60wCSkvm+jVqWPj3c1+Wpksz5lS8p3BEknFguVQo84W6iA==",
    "path": "/js/deps/lang-apollo.min.js"
  },
  "@/js/deps/lang-basic.js": {
    "hashes": {
      "sha256": "3M+ZsG5vIKIkPkOjGJjBeUePzVOi2SdiR7TDymSHcPk=",
      "sha512": "44A0aZlymXmnppCnD9O8o6BQQ7OPSIUbYyszhXOnRZOJsJCD1My0LQSjbW96ulBmGySCPOqDQCRtmaMTxg1q8g=="
    },
    "integrity": "sha256-3M+ZsG5vIKIkPkOjGJjBeUePzVOi2SdiR7TDymSHcPk= sha512-44A0aZlymXmnppCnD9O8o6BQQ7OPSIUbYyszhXOnRZOJsJCD1My0LQSjbW96ulBmGySCPOqDQCRtmaMTxg1q8g==",
    "path": "/js/deps/lang-basic.js"
  },
  "@/js/deps/lang-basic.min.js": {
    "hashes": {
      "sha256": "83VoGKB5hlhHEdonxuBZP7KjqE1L+NuNY4HJ3ubgZDQ=",
      "sha512": "baCBA8ZqnQQT4p5IvqFAvTEboZiuvJI9Y/GUcAzVp9frOTKTVqspaMiddlQq/FOsuV1eCAHWQr9r7ZFe0pm3rA=="
    },
    "integrity": "sha256-83VoGKB5hlhHEdonxuBZP7KjqE1L+NuNY4HJ3ubgZDQ= sha512-baCBA8ZqnQQT4p5IvqFAvTEboZiuvJI9Y/GUcAzVp9frOTKTVqspaMiddlQq/FOsuV1eCAHWQr9r7ZFe0pm3rA==",
    "path": "/js/deps/lang-basic.min.js"
  },
  "@/js/deps/lang-clj.js": {
    "hashes": {
      "sha256": "YjAmTMYsJEHXlGmpqsR93Cd+coxGhxiR52W4rRbMDiw=",
      "sha512": "VjIXNssHs1mbkAtjK8yauD8oI0YNPp1ngrgcaVdBk+g+7Rb+E/hO9wscyn1azg+7j61x2hsPfoHjQBC9vPgbGQ=="
    },
    "integrity": "sha256-YjAmTMYsJEHXlGmpqsR93Cd+coxGhxiR52W4rRbMDiw= sha512-VjIXNssHs1mbkAtjK8yauD8oI0YNPp1ngrgcaVdBk+g+7Rb+E/hO9wscyn1azg+7j61x2hsPfoHjQBC9vPgbGQ==",
    "path": "/js/deps/lang-clj.js"
  },
  "@/js/deps/lang-clj.min.js": {
    "hashes": {
      "sha256": "ngCqHbXv0ilvczDuKhOiI5quPSS+ypkjvaKeIEIAaJ4=",
      "sha512": "idEP1VVCJTTMxzR82Xhds1KDNJ+zD/5f+ommYN/wqAJkANhtKkjCpFEICuKBV0BSiU+oKoPKiqZCkDILFb4uCw=="
    },
    "integrity": "sha256-ngCqHbXv0ilvczDuKhOiI5quPSS+ypkjvaKeIEIAaJ4= sha512-idEP1VVCJTTMxzR82Xhds1KDNJ+zD/5f+ommYN/wqAJkANhtKkjCpFEICuKBV0BSiU+oKoPKiqZCkDILFb4uCw==",
    "path": "/js/deps/lang-clj.min.js"
  },
  "@/js/deps/lang-css.js": {
    "hashes": {
      "sha256": "ycLZWB6czV/jMl8xYTV4ItYMVuFORedXBmzcSG3hFJE=",
      "sha512": "pHqniDVRfYCmL9504YVt46JQoN+szbobVribrqRmIJdHNoHO2eGvxNoihMl1UOUfQf2CeuAJfyLRZO5udg+ueA=="
    },
    "integrity": "sha256-ycLZWB6czV/jMl8xYTV4ItYMVuFORedXBmzcSG3hFJE= sha512-pHqniDVRfYCmL9504YVt46JQoN+szbobVribrqRmIJdHNoHO2eGvxNoihMl1UOUfQf2CeuAJfyLRZO5udg+ueA==",
    "path": "/js/deps/lang-css.js"
  },
  "@/js/deps/lang-css.min.js": {
    "hashes": {
      "sha256": "ZRcQhWauT6RPq2VvrPKLhP15/qUMUDHMrG8tXbtMw6U=",
      "sha512": "yXYzar/uI3pSOISA2lOvMvwkpAX0X0pFTtYezLgU+iWruTE+B3njj74RNyYzqCbngZ2zE7kOISRMnO9FWHfF1Q=="
    },
    "integrity": "sha256-ZRcQhWauT6RPq2VvrPKLhP15/qUMUDHMrG8tXbtMw6U= sha512-yXYzar/uI3pSOISA2lOvMvwkpAX0X0pFTtYezLgU+iWruTE+B3njj74RNyYzqCbngZ2zE7kOISRMnO9FWHfF1Q==",
    "path": "/js/deps/lang-css.min.js"
  },
  "@/js/deps/lang-dart.js": {
    "hashes": {
      "sha256": "JyiG8OB75u1xxPNUkJKsl92mY2V4IhF72qn9fbWAxM0=",
      "sha512": "atYJGmptxwgIgl+6IVuOOB5tMAO0FDRVBmjpCbfWdJ65ftKBc3AF04k5XfhwM+UBMLwA6jj/HryQCJznnmnsOA=="
    },
    "integrity": "sha256-JyiG8OB75u1xxPNUkJKsl92mY2V4IhF72qn9fbWAxM0= sha512-atYJGmptxwgIgl+6IVuOOB5tMAO0FDRVBmjpCbfWdJ65ftKBc3AF04k5XfhwM+UBMLwA6jj/HryQCJznnmnsOA==",
    "path": "/js/deps/lang-dart.js"
  },
  "@/js/deps/lang-dart.min.js": {
    "hashes": {
      "sha256": "tQxY2OXzC6QWMCWtegg5dr/IkzROn/24uCnpAOFCtFI=",
      "sha512": "GgppiVBOa2AwhF/szpC1FtjeAIyp2/j0brO6IwdMqc3g+xq46bWfWrI3QFyppgS7uixm7gB6UOVEag4IvLV5cg=="
    },
    "integrity": "sha256-tQxY2OXzC6QWMCWtegg5dr/IkzROn/24uCnpAOFCtFI= sha512-GgppiVBOa2AwhF/szpC1FtjeAIyp2/j0brO6IwdMqc3g+xq46bWfWrI3QFyppgS7uixm7gB6UOVEag4IvLV5cg==",
    "path": "/js/deps/lang-dart.min.js"
  },
  "@/js/deps/lang-erlang.js": {
    "hashes": {
      "sha256": "usIV7/GVro1GumI7dVGn3FWTGs7mC+OXDtXF9xd03Ak=",
      "sha512": "6WJRSOd86GY+HK86RswMrOjF63rYr5WLakE0rWGsMaU+i4xsaZZGrOFaovij3XPujhOdErMmNnZCIr2ANqqung=="
    },
    "integrity": "sha256-usIV7/GVro1GumI7dVGn3FWTGs7mC+OXDtXF9xd03Ak= sha512-6WJRSOd86GY+HK86RswMrOjF63rYr5WLakE0rWGsMaU+i4xsaZZGrOFaovij3XPujhOdErMmNnZCIr2ANqqung==",
    "path": "/js/deps/lang-erlang.js"
  },
  "@/js/deps/lang-erlang.min.js": {
    "hashes": {
      "sha256": "gRGxnldq2lOWceTnoeFYHq5tAyDtZRsUyxuRcqgQESY=",
      "sha512": "2SUb9wQfLtpBi1G5RcLtnwXXAgZAWyZMCkVVO8QHtk+jUulf5LOvTbQrFq0QsGaQKog4nYpK2C1JUFXFDfridQ=="
    },
    "integrity": "sha256-gRGxnldq2lOWceTnoeFYHq5tAyDtZRsUyxuRcqgQESY= sha512-2SUb9wQfLtpBi1G5RcLtnwXXAgZAWyZMCkVVO8QHtk+jUulf5LOvTbQrFq0QsGaQKog4nYpK2C1JUFXFDfridQ==",
    "path": "/js/deps/lang-erlang.min.js"
  },
  "@/js/deps/lang-go.js": {
    "hashes": {
      "sha256": "M8Iao5i7Jh3wzicDgo9BK/eOZUDDMlnd+0EkJZsYcNI=",
      "sha512": "6PEmGRIxaXF8l6aR3QrqrW4aPeuraY6nlrQQmXg0K0apDbcDjAAeRDo+02IgYTGKQc9YT3NFugkxfT1gOku/Bg=="
    },
    "integrity": "sha256-M8Iao5i7Jh3wzicDgo9BK/eOZUDDMlnd+0EkJZsYcNI= sha512-6PEmGRIxaXF8l6aR3QrqrW4aPeuraY6nlrQQmXg0K0apDbcDjAAeRDo+02IgYTGKQc9YT3NFugkxfT1gOku/Bg==",
    "path": "/js/deps/lang-go.js"
  },
  "@/js/deps/lang-go.min.js": {
    "hashes": {
      "sha256": "yzyh4ddaM/DbWgeuyuYSpwHyy5YzktgrkLmUF6w7omE=",
      "sha512": "6G7Q5/CreivNXTavJTpWyvs7jaF7iryuFztYZDkV0abPmsCcktHTplcfD4IfrBo6cGiOZuq4mAqkWVR8DQ1xwg=="
    },
    "integrity": "sha256-yzyh4ddaM/DbWgeuyuYSpwHyy5YzktgrkLmUF6w7omE= sha512-6G7Q5/CreivNXTavJTpWyvs7jaF7iryuFztYZDkV0abPmsCcktHTplcfD4IfrBo6cGiOZuq4mAqkWVR8DQ1xwg==",
    "path": "/js/deps/lang-go.min.js"
  },
  "@/js/deps/lang-hs.js": {
    "hashes": {
      "sha256": "Mc2j8zPQyV8S/fT/qNPhD1Dq/mjw/meQFVBZDcvxmDc=",
      "sha512": "jyxJn1w3SI++r5I5hi1TxBNBJJ9NiM+GiTKX9H1OTa5WsKrUfBPnMZiLe1zdQHJDqXf072UyGNX0Il9WauLxUQ=="
    },
    "integrity": "sha256-Mc2j8zPQyV8S/fT/qNPhD1Dq/mjw/meQFVBZDcvxmDc= sha512-jyxJn1w3SI++r5I5hi1TxBNBJJ9NiM+GiTKX9H1OTa5WsKrUfBPnMZiLe1zdQHJDqXf072UyGNX0Il9WauLxUQ==",
    "path": "/js/deps/lang-hs.js"
  },
  "@/js/deps/lang-hs.min.js": {
    "hashes": {
      "sha256": "rFMW6ZqQrfifL/ZPEG/a4ookbZKiKB9hGApVBFM3oTE=",
      "sha512": "1OyJFGauE7A4hsBxs0OlVQC1+d9gkbD/69NGU1W4l/dYJodBe8/pqwOGfghtUlMdErw53DjsLPEIy9ANxhN02Q=="
    },
    "integrity": "sha256-rFMW6ZqQrfifL/ZPEG/a4ookbZKiKB9hGApVBFM3oTE= sha512-1OyJFGauE7A4hsBxs0OlVQC1+d9gkbD/69NGU1W4l/dYJodBe8/pqwOGfghtUlMdErw53DjsLPEIy9ANxhN02Q==",
    "path": "/js/deps/lang-hs.min.js"
  },
  "@/js/deps/lang-lasso.js": {
    "hashes": {
      "sha256": "FyE+VM5f8ozqDg5wwTN+uoLra4lNzE0Lz2gdyjgGD4c=",
      "sha512": "B1Ztu72wvKfHHA6a9zkB7YgTRlXleht0hFIU6ftbInUjQyemK8Ygu19ANJ0vtUeoz89d4rTquuUYhW3VXzrsLA=="
    },
    "integrity": "sha256-FyE+VM5f8ozqDg5wwTN+uoLra4lNzE0Lz2gdyjgGD4c= sha512-B1Ztu72wvKfHHA6a9zkB7YgTRlXleht0hFIU6ftbInUjQyemK8Ygu19ANJ0vtUeoz89d4rTquuUYhW3VXzrsLA==",
    "path": "/js/deps/lang-lasso.js"
  },
  "@/js/deps/lang-lasso.min.js": {
    "hashes": {
      "sha256": "1AkIiMFVMExWDFBkuEcioYf7jcEw6DGespaxECxu0dw=",
      "sha512": "f8Yvg41iqm/rrx8GH4+WnW7Bs/n32kcFZgW7e/A2PJnPdzPSJ6NcE6Ik8yXZIYrNBmV0UGjHSyXPClD35W1vmg=="
    },
    "integrity": "sha256-1AkIiMFVMExWDFBkuEcioYf7jcEw6DGespaxECxu0dw= sha512-f8Yvg41iqm/rrx8GH4+WnW7Bs/n32kcFZgW7e/A2PJnPdzPSJ6NcE6Ik8yXZIYrNBmV0UGjHSyXPClD35W1vmg==",
    "path": "/js/deps/lang-lasso.min.js"
  },
  "@/js/deps/lang-lisp.js": {
    "hashes": {
      "sha256": "Suhpsd66ZWNxFewcWJ0M4Vxxcd0KQWS9cEs0ieMtogk=",
      "sha512": "u1sXEpDO9sDaEjVTXs3/MJ1xNuQkOA3q8sroppNt0kBW4UsipZNFKGsClAeBTT8bfhb4p0PccGWdRRw+to/sUQ=="
    },
    "integrity": "sha256-Suhpsd66ZWNxFewcWJ0M4Vxxcd0KQWS9cEs0ieMtogk= sha512-u1sXEpDO9sDaEjVTXs3/MJ1xNuQkOA3q8sroppNt0kBW4UsipZNFKGsClAeBTT8bfhb4p0PccGWdRRw+to/sUQ==",
    "path": "/js/deps/lang-lisp.js"
  },
  "@/js/deps/lang-lisp.min.js": {
    "hashes": {
      "sha256": "OMbqMRS8CdZFFxNERB+F8Z5dDCPI+36mXAIOy17ecdM=",
      "sha512": "WbC4YP3vwp2aQM50W6rfcDX4IpJDoQj1/hyZzGoiWpN9+zhxTPAAsNc7ref4HPfeZFnn3m+jkA+IqFHgev/cUw=="
    },
    "integrity": "sha256-OMbqMRS8CdZFFxNERB+F8Z5dDCPI+36mXAIOy17ecdM= sha512-WbC4YP3vwp2aQM50W6rfcDX4IpJDoQj1/hyZzGoiWpN9+zhxTPAAsNc7ref4HPfeZFnn3m+jkA+IqFHgev/cUw==",
    "path": "/js/deps/lang-lisp.min.js"
  },
  "@/js/deps/lang-llvm.js": {
    "hashes": {
      "sha256": "on02QL1UuoPKpHf6vopSy3EI9Z7EgoBG9ZREONnrvc0=",
      "sha512": "OI15A4Q/N4HjmLvnPlpVGGWt3XdsYfd5oZm4UJeIW3R8k50nIKaLCzTH/Z1ZGTrD++cOXedgQj8lJ9ohYSA90w=="
    },
    "integrity": "sha256-on02QL1UuoPKpHf6vopSy3EI9Z7EgoBG9ZREONnrvc0= sha512-OI15A4Q/N4HjmLvnPlpVGGWt3XdsYfd5oZm4UJeIW3R8k50nIKaLCzTH/Z1ZGTrD++cOXedgQj8lJ9ohYSA90w==",
    "path": "/js/deps/lang-llvm.js"
  },
  "@/js/deps/lang-llvm.min.js": {
    "hashes": {
      "sha256": "Uuotk0EgG30ztaZ/ok1eMRp8PTyD2EIvzHgEm4URskE=",
      "sha512": "IyV5xLHeJ+uDd47rjhHqoYLpRLD0HWqhUGTSHGWgQYCOO5C3Kjxt50zgow8RZXS8IZmHgx5Q+qnrPy8eQaB4Ew=="
    },
    "integrity": "sha256-Uuotk0EgG30ztaZ/ok1eMRp8PTyD2EIvzHgEm4URskE= sha512-IyV5xLHeJ+uDd47rjhHqoYLpRLD0HWqhUGTSHGWgQYCOO5C3Kjxt50zgow8RZXS8IZmHgx5Q+qnrPy8eQaB4Ew==",
    "path": "/js/deps/lang-llvm.min.js"
  },
  "@/js/deps/lang-logtalk.js": {
    "hashes": {
      "sha256": "nSXum9/IL706c5l232xlI2aZn5F7BldmaRSi6QGmC2w=",
      "sha512": "6YR1pDNMicf/Aoj6xTrmVIa7skpSRaLLMIcwFC85eT1FqM6e0QBTdctnm5z8SJ/Nvq5DetEEmzpbHgCcxDJrMA=="
    },
    "integrity": "sha256-nSXum9/IL706c5l232xlI2aZn5F7BldmaRSi6QGmC2w= sha512-6YR1pDNMicf/Aoj6xTrmVIa7skpSRaLLMIcwFC85eT1FqM6e0QBTdctnm5z8SJ/Nvq5DetEEmzpbHgCcxDJrMA==",
    "path": "/js/deps/lang-logtalk.js"
  },
  "@/js/deps/lang-logtalk.min.js": {
    "hashes": {
      "sha256": "x/YBCF4sUEub/sUZy4XJRiRBbvD+rMG5NWSHDjVWgck=",
      "sha512": "haTDoz1nuu9ZfqdHrZIqMdsXVtP+4+2TkxbUDPb8aLddqKnrTlaz2Czsy4FIu97Loi07XireXNIcNeUW+umDWQ=="
    },
    "integrity": "sha256-x/YBCF4sUEub/sUZy4XJRiRBbvD+rMG5NWSHDjVWgck= sha512-haTDoz1nuu9ZfqdHrZIqMdsXVtP+4+2TkxbUDPb8aLddqKnrTlaz2Czsy4FIu97Loi07XireXNIcNeUW+umDWQ==",
    "path": "/js/deps/lang-logtalk.min.js"
  },
  "@/js/deps/lang-lua.js": {
    "hashes": {
      "sha256": "oMtxJ+o0ZLXSCY6DhYYe/EJWATlLs5bO+dtxwvUNQG8=",
      "sha512": "lyldWVRGYg9t365P9Zvw8tVwWSJTruTpUAtuhSZOxYM5/NipXgBKmSmHwmhA6/tVgz/OkR3/1FLw28bYfQLnvg=="
    },
    "integrity": "sha256-oMtxJ+o0ZLXSCY6DhYYe/EJWATlLs5bO+dtxwvUNQG8= sha512-lyldWVRGYg9t365P9Zvw8tVwWSJTruTpUAtuhSZOxYM5/NipXgBKmSmHwmhA6/tVgz/OkR3/1FLw28bYfQLnvg==",
    "path": "/js/deps/lang-lua.js"
  },
  "@/js/deps/lang-lua.min.js": {
    "hashes": {
      "sha256": "r0R7q9YTsmuDfmYOpsyvNeRsixOWCZvECxzf9UJk9QM=",
      "sha512": "y5wHOPkhSI7lqvU5DJqHBEIfiod8V9euURbEeBl9UJQMzGQUXUP9Eca6wtteXEX2CXp8kVRc1AhfVtFCJNONbg=="
    },
    "integrity": "sha256-r0R7q9YTsmuDfmYOpsyvNeRsixOWCZvECxzf9UJk9QM= sha512-y5wHOPkhSI7lqvU5DJqHBEIfiod8V9euURbEeBl9UJQMzGQUXUP9Eca6wtteXEX2CXp8kVRc1AhfVtFCJNONbg==",
    "path": "/js/deps/lang-lua.min.js"
  },
  "@/js/deps/lang-matlab.js": {
    "hashes": {
      "sha256": "Sqjtm1/SEQqDdlgDGoduUHtW8NhWPAGYvB0an7Mi2eY=",
      "sha512": "Co0zb0YsR/vyMprRCaB+RoiduxQ4BFnkc+j8BMyd5vwXZebQsk/7DiahkBf5VlO9U9NopbHDdIWTU5cHRELnJg=="
    },
    "integrity": "sha256-Sqjtm1/SEQqDdlgDGoduUHtW8NhWPAGYvB0an7Mi2eY= sha512-Co0zb0YsR/vyMprRCaB+RoiduxQ4BFnkc+j8BMyd5vwXZebQsk/7DiahkBf5VlO9U9NopbHDdIWTU5cHRELnJg==",
    "path": "/js/deps/lang-matlab.js"
  },
  "@/js/deps/lang-matlab.min.js": {
    "hashes": {
      "sha256": "kM+BpNobb2IDcQ3muzCs/BqpNViuHSwAz09uJsBuvzY=",
      "sha512": "dCqfhqtcCRSKJCf+6w5ztIy+BBZWCgXeufXVVIUfMSbwPCg+0bblPSoYLlwy4vICg6NfHcfjoKVQIk0a99SsFg=="
    },
    "integrity": "sha256-kM+BpNobb2IDcQ3muzCs/BqpNViuHSwAz09uJsBuvzY= sha512-dCqfhqtcCRSKJCf+6w5ztIy+BBZWCgXeufXVVIUfMSbwPCg+0bblPSoYLlwy4vICg6NfHcfjoKVQIk0a99SsFg==",
    "path": "/js/deps/lang-matlab.min.js"
  },
  "@/js/deps/lang-ml.js": {
    "hashes": {
      "sha256": "8Dn8tPDYej97wxl/lPhYriKBZ5AAslfBwVxjqahxCIs=",
      "sha512": "YMNZ8LDbbAtaNbFaiEHcy9onbhrRth5an8tETKyQA5q7vG460ppvebQGLovg/0rA6Nva3JsBn6On9TMqye4MNw=="
    },
    "integrity": "sha256-8Dn8tPDYej97wxl/lPhYriKBZ5AAslfBwVxjqahxCIs= sha512-YMNZ8LDbbAtaNbFaiEHcy9onbhrRth5an8tETKyQA5q7vG460ppvebQGLovg/0rA6Nva3JsBn6On9TMqye4MNw==",
    "path": "/js/deps/lang-ml.js"
  },
  "@/js/deps/lang-ml.min.js": {
    "hashes": {
      "sha256": "TcirhvWv04hGCWzFdKlkxnN61SdqlKbeKgmbYYOrDqs=",
      "sha512": "X4yH9/34o5n9QZIoExRKbg+PGa+CUjSXQX8Qn7sROtYlNt8Wc1VeiCvht5AEeHVLUjC3vHOdfLRHMtsvt+N7+g=="
    },
    "integrity": "sha256-TcirhvWv04hGCWzFdKlkxnN61SdqlKbeKgmbYYOrDqs= sha512-X4yH9/34o5n9QZIoExRKbg+PGa+CUjSXQX8Qn7sROtYlNt8Wc1VeiCvht5AEeHVLUjC3vHOdfLRHMtsvt+N7+g==",
    "path": "/js/deps/lang-ml.min.js"
  },
  "@/js/deps/lang-mumps.js": {
    "hashes": {
      "sha256": "6/WXE5KyBzD6f6Qg7+F4ggyEVd4IjrBnjDZlKmjIXwI=",
      "sha512": "snkCIKXWROZIEtr5xxKGLfb7VrFG5Y99NCwL/fibqLpFbbYE3t9iZ8OJTjeSswOElP15Ij+hgL0ekc6IMFUaCw=="
    },
    "integrity": "sha256-6/WXE5KyBzD6f6Qg7+F4ggyEVd4IjrBnjDZlKmjIXwI= sha512-snkCIKXWROZIEtr5xxKGLfb7VrFG5Y99NCwL/fibqLpFbbYE3t9iZ8OJTjeSswOElP15Ij+hgL0ekc6IMFUaCw==",
    "path": "/js/deps/lang-mumps.js"
  },
  "@/js/deps/lang-mumps.min.js": {
    "hashes": {
      "sha256": "fQl7LG/VRQLQJZNAKaWtRbXFhw8rL0zC8wVc8PQ4v3c=",
      "sha512": "PkC8uvJKQH1nbcEa+pBSF2WZB6O9DN6n/067PRFEfdhUvXOWW+i8ciPN5zR+aF5JdSRrvl0EaSW3i2Y+96qZvg=="
    },
    "integrity": "sha256-fQl7LG/VRQLQJZNAKaWtRbXFhw8rL0zC8wVc8PQ4v3c= sha512-PkC8uvJKQH1nbcEa+pBSF2WZB6O9DN6n/067PRFEfdhUvXOWW+i8ciPN5zR+aF5JdSRrvl0EaSW3i2Y+96qZvg==",
    "path": "/js/deps/lang-mumps.min.js"
  },
  "@/js/deps/lang-n.js": {
    "hashes": {
      "sha256": "ObKola4gtK2J1XLK9DI55bO/ikqSj/ix2BzszyzhJis=",
      "sha512": "8tRKq5l8qPW390tJ2leauoTZZsuE47Q+yh7g55rsm63tZ7Oa9kOQYtkelf9lC4Plsbmy95OfEtELuCWv5Pihng=="
    },
    "integrity": "sha256-ObKola4gtK2J1XLK9DI55bO/ikqSj/ix2BzszyzhJis= sha512-8tRKq5l8qPW390tJ2leauoTZZsuE47Q+yh7g55rsm63tZ7Oa9kOQYtkelf9lC4Plsbmy95OfEtELuCWv5Pihng==",
    "path": "/js/deps/lang-n.js"
  },
  "@/js/deps/lang-n.min.js": {
    "hashes": {
      "sha256": "o+zQAv/MjecVtmn/5lCYGQJPQ7rj4/mYPrTsRWo4q0s=",
      "sha512": "J/mjs63l9JC3zUhGfm+g0BqciZOZu1V9FTtSZR1ACcNaa6rqv6nIPHWEa7BMyvyKwT1kGikPjWz9dkfUMcg06A=="
    },
    "integrity": "sha256-o+zQAv/MjecVtmn/5lCYGQJPQ7rj4/mYPrTsRWo4q0s= sha512-J/mjs63l9JC3zUhGfm+g0BqciZOZu1V9FTtSZR1ACcNaa6rqv6nIPHWEa7BMyvyKwT1kGikPjWz9dkfUMcg06A==",
    "path": "/js/deps/lang-n.min.js"
  },
  "@/js/deps/lang-pascal.js": {
    "hashes": {
      "sha256": "WhGxaovdjnld8AvdtGPzEt60oUg2PL8c+t6VwYvH0qg=",
      "sha512": "wiMd2M1xw/wFp0J9qtp1ns99iGzS9rB3x9X8JQy1t92ZS9TL15Rzu2AmnHe/F+m7jDuTsEJ8w8/gi8yzv/Nj3Q=="
    },
    "integrity": "sha256-WhGxaovdjnld8AvdtGPzEt60oUg2PL8c+t6VwYvH0qg= sha512-wiMd2M1xw/wFp0J9qtp1ns99iGzS9rB3x9X8JQy1t92ZS9TL15Rzu2AmnHe/F+m7jDuTsEJ8w8/gi8yzv/Nj3Q==",
    "path": "/js/deps/lang-pascal.js"
  },
  "@/js/deps/lang-pascal.min.js": {
    "hashes": {
      "sha256": "3Yjg8FvrEcMs44FGadziZCfHntYTIC19vxcq9r2sOVY=",
      "sha512": "yUrdhq4edLrwS0Fc8GdKZ6r2+gF3ANv+J8V1N/LJcnEuwu2TXF/9+YxPxx1LREvBO0Ef0kUYQXIC0pQ0R4I1bQ=="
    },
    "integrity": "sha256-3Yjg8FvrEcMs44FGadziZCfHntYTIC19vxcq9r2sOVY= sha512-yUrdhq4edLrwS0Fc8GdKZ6r2+gF3ANv+J8V1N/LJcnEuwu2TXF/9+YxPxx1LREvBO0Ef0kUYQXIC0pQ0R4I1bQ==",
    "path": "/js/deps/lang-pascal.min.js"
  },
  "@/js/deps/lang-proto.js": {
    "hashes": {
      "sha256": "CYcEV0c3tArFa1TJ8GcGzpKPXPYld2p4A6t0EeR20cg=",
      "sha512": "B/0tLL10XeoOtAbSLzt4ol+AinpguLw2cUWV7XN3rVtDtje2pnnBHMYDhUMYiK1nyVJ0wCwuyymrrJh3r9FnYg=="
    },
    "integrity": "sha256-CYcEV0c3tArFa1TJ8GcGzpKPXPYld2p4A6t0EeR20cg= sha512-B/0tLL10XeoOtAbSLzt4ol+AinpguLw2cUWV7XN3rVtDtje2pnnBHMYDhUMYiK1nyVJ0wCwuyymrrJh3r9FnYg==",
    "path": "/js/deps/lang-proto.js"
  },
  "@/js/deps/lang-proto.min.js": {
    "hashes": {
      "sha256": "Sp2rtSd3xEns5cvUvXkNVwdruo/TpBUTmL2DMFNse4s=",
      "sha512": "rdvb43YKWfw2ychzEk7BPlFetLVhbiVRDap2zhBok2EsSrL7h2rveS5jeIIyzN4Y6/lTkLs5daVaVg29mp965A=="
    },
    "integrity": "sha256-Sp2rtSd3xEns5cvUvXkNVwdruo/TpBUTmL2DMFNse4s= sha512-rdvb43YKWfw2ychzEk7BPlFetLVhbiVRDap2zhBok2EsSrL7h2rveS5jeIIyzN4Y6/lTkLs5daVaVg29mp965A==",
    "path": "/js/deps/lang-proto.min.js"
  },
  "@/js/deps/lang-r.js": {
    "hashes": {
      "sha256": "kINWHMJACvF2k4O/nI0P4pu8atdl8MK7LWXzaQ5KhAc=",
      "sha512": "VAR0w+TrNVbaOijrAZ9qM8KdmBHM2tQVw3rIHQUpTOKkiKsXN6eypUVibzIvqBLnt+MpzANMNT0AadI4e2CWfA=="
    },
    "integrity": "sha256-kINWHMJACvF2k4O/nI0P4pu8atdl8MK7LWXzaQ5KhAc= sha512-VAR0w+TrNVbaOijrAZ9qM8KdmBHM2tQVw3rIHQUpTOKkiKsXN6eypUVibzIvqBLnt+MpzANMNT0AadI4e2CWfA==",
    "path": "/js/deps/lang-r.js"
  },
  "@/js/deps/lang-r.min.js": {
    "hashes": {
      "sha256": "8iCgm2jrn+BlA3V4XR7R0fmEUvvF2HrZdtVofma9y6g=",
      "sha512": "FOjbY0RZu8FOjPr+kV0Y/luUj/SoZFcJvugmjNl+BI0za3BV5S90/LXedoP73Z7GqRupubZCNJeTm+srb0xysQ=="
    },
    "integrity": "sha256-8iCgm2jrn+BlA3V4XR7R0fmEUvvF2HrZdtVofma9y6g= sha512-FOjbY0RZu8FOjPr+kV0Y/luUj/SoZFcJvugmjNl+BI0za3BV5S90/LXedoP73Z7GqRupubZCNJeTm+srb0xysQ==",
    "path": "/js/deps/lang-r.min.js"
  },
  "@/js/deps/lang-rd.js": {
    "hashes": {
      "sha256": "hwC0CsKe8ztf2sY3jdPKEhon8hW4FanGaPOsrwFvQWU=",
      "sha512": "ydF+m4UdMiZGa8yDXD/KVULYbBAloWcMzyUqRgfKsGU4PZD84+CKZ4uI2Bhp/bzKZ8axwP0WYiWRSxQuL1Bbeg=="
    },
    "integrity": "sha256-hwC0CsKe8ztf2sY3jdPKEhon8hW4FanGaPOsrwFvQWU= sha512-ydF+m4UdMiZGa8yDXD/KVULYbBAloWcMzyUqRgfKsGU4PZD84+CKZ4uI2Bhp/bzKZ8axwP0WYiWRSxQuL1Bbeg==",
    "path": "/js/deps/lang-rd.js"
  },
  "@/js/deps/lang-rd.min.js": {
    "hashes": {
      "sha256": "yJW1Gi+2JDKYia4oyfvADM5d9w4OGJiCpVZl+QKS2Mc=",
      "sha512": "b+AkKpVzH4U3SLK2L/qAQq9tFUj+X/uKZ3VHS2qSF+bnYqxYZjJChW1Z7t4FiJfxtE/PVRlX782UMpFtctf85w=="
    },
    "integrity": "sha256-yJW1Gi+2JDKYia4oyfvADM5d9w4OGJiCpVZl+QKS2Mc= sha512-b+AkKpVzH4U3SLK2L/qAQq9tFUj+X/uKZ3VHS2qSF+bnYqxYZjJChW1Z7t4FiJfxtE/PVRlX782UMpFtctf85w==",
    "path": "/js/deps/lang-rd.min.js"
  },
  "@/js/deps/lang-rust.js": {
    "hashes": {
      "sha256": "hKY8Jq/OYObof0u9vEkc+Bu6JIyq2H4FX5xGSO7yR3c=",
      "sha512": "O6hALHt5DGudk/OlYnNzE8S8JCnNjpUEx9aEs5z7NiZMx086ul3aWraiSf3VU3ba0CboacuSSM15CSQCiglZew=="
    },
    "integrity": "sha256-hKY8Jq/OYObof0u9vEkc+Bu6JIyq2H4FX5xGSO7yR3c= sha512-O6hALHt5DGudk/OlYnNzE8S8JCnNjpUEx9aEs5z7NiZMx086ul3aWraiSf3VU3ba0CboacuSSM15CSQCiglZew==",
    "path": "/js/deps/lang-rust.js"
  },
  "@/js/deps/lang-rust.min.js": {
    "hashes": {
      "sha256": "gQ7fTm1syhf91D81t/syYBoEBlNGehGyOOgnfXjkpe4=",
      "sha512": "JIY7bwTeYkIttBjXcyFgo56PYBVuytFaI8AoSEoiuIYDuNgcGxhX/X+6Dnk5rf3UzmdSofZPluYEm4iVGHrNgw=="
    },
    "integrity": "sha256-gQ7fTm1syhf91D81t/syYBoEBlNGehGyOOgnfXjkpe4= sha512-JIY7bwTeYkIttBjXcyFgo56PYBVuytFaI8AoSEoiuIYDuNgcGxhX/X+6Dnk5rf3UzmdSofZPluYEm4iVGHrNgw==",
    "path": "/js/deps/lang-rust.min.js"
  },
  "@/js/deps/lang-scala.js": {
    "hashes": {
      "sha256": "uZvucgu0+3O+hsN0Y/F9e9sHrxxxN3XvZooSrfCHNTg=",
      "sha512": "7ZlojREqun3nUB+nX7pRieQNcwvmV3DUpH0axf6AK1tpjsc8CoZv8l/32S/fRIdCXzebhu0jUXvEUL6Fgf+zmw=="
    },
    "integrity": "sha256-uZvucgu0+3O+hsN0Y/F9e9sHrxxxN3XvZooSrfCHNTg= sha512-7ZlojREqun3nUB+nX7pRieQNcwvmV3DUpH0axf6AK1tpjsc8CoZv8l/32S/fRIdCXzebhu0jUXvEUL6Fgf+zmw==",
    "path": "/js/deps/lang-scala.js"
  },
  "@/js/deps/lang-scala.min.js": {
    "hashes": {
      "sha256": "xwTlNlfHvTBhNHg4KutcbNJDjgacVrdhkAFg84aJJYs=",
      "sha512": "Eqi2sUIgJmtsY6GkCRZUw8FEMDZYhmpu+/mfz4h50VUsVyi+EjNB31rQz3lChn4lFY6PWRombHNS036tQxsTDg=="
    },
    "integrity": "sha256-xwTlNlfHvTBhNHg4KutcbNJDjgacVrdhkAFg84aJJYs= sha512-Eqi2sUIgJmtsY6GkCRZUw8FEMDZYhmpu+/mfz4h50VUsVyi+EjNB31rQz3lChn4lFY6PWRombHNS036tQxsTDg==",
    "path": "/js/deps/lang-scala.min.js"
  },
  "@/js/deps/lang-sql.js": {
    "hashes": {
      "sha256": "c0avDNFdX9RP42+uaJwASo60esB7TiqSmLTWtYUHIVs=",
      "sha512": "b2H0KNiRIzo5BpquFkO9kX7RoA7cpq2jG3mGDxN0997+FxA5qHGhNbwOdyhFxzp360ma28XfK7oyHK130rksGA=="
    },
    "integrity": "sha256-c0avDNFdX9RP42+uaJwASo60esB7TiqSmLTWtYUHIVs= sha512-b2H0KNiRIzo5BpquFkO9kX7RoA7cpq2jG3mGDxN0997+FxA5qHGhNbwOdyhFxzp360ma28XfK7oyHK130rksGA==",
    "path": "/js/deps/lang-sql.js"
  },
  "@/js/deps/lang-sql.min.js": {
    "hashes": {
      "sha256": "ekC9jCVX94rGFF+/LC+xTz0rfvrjkHuuFDOOKop4w7E=",
      "sha512": "AlJe2ziJgTX8c8SxbIpn/XVhglhhB9CWDDaITAfUWgKAW02G9sf7seYs0LMK84uv5XcVfZxWoKNIZYpCG/9ZTQ=="
    },
    "integrity": "sha256-ekC9jCVX94rGFF+/LC+xTz0rfvrjkHuuFDOOKop4w7E= sha512-AlJe2ziJgTX8c8SxbIpn/XVhglhhB9CWDDaITAfUWgKAW02G9sf7seYs0LMK84uv5XcVfZxWoKNIZYpCG/9ZTQ==",
    "path": "/js/deps/lang-sql.min.js"
  },
  "@/js/deps/lang-swift.js": {
    "hashes": {
      "sha256": "3f0Ms+pVHS1DyEUnjhgXYij73JFKjgfJiUwWtQUSyb8=",
      "sha512": "cfDjzSSxHIiO/bn2LcRMzSh1JxfGyB/sEPri5YqLLoLcbdQL7oAjozp5LEAHZKRj/riE7UNBfPwuL18i1y6V/A=="
    },
    "integrity": "sha256-3f0Ms+pVHS1DyEUnjhgXYij73JFKjgfJiUwWtQUSyb8= sha512-cfDjzSSxHIiO/bn2LcRMzSh1JxfGyB/sEPri5YqLLoLcbdQL7oAjozp5LEAHZKRj/riE7UNBfPwuL18i1y6V/A==",
    "path": "/js/deps/lang-swift.js"
  },
  "@/js/deps/lang-swift.min.js": {
    "hashes": {
      "sha256": "6OBqtUm5KpD+PjEw7OGvmOFmNlkTiSv5SFVT5kmv6BQ=",
      "sha512": "/cz8sKhAYsZQht3y2iXBJ9jCN/MSEUoj0fsr3DiNxtBKe285bfscaxfUTKOtWSebzgvwSaX80IGHQ3oieRD/rg=="
    },
    "integrity": "sha256-6OBqtUm5KpD+PjEw7OGvmOFmNlkTiSv5SFVT5kmv6BQ= sha512-/cz8sKhAYsZQht3y2iXBJ9jCN/MSEUoj0fsr3DiNxtBKe285bfscaxfUTKOtWSebzgvwSaX80IGHQ3oieRD/rg==",
    "path": "/js/deps/lang-swift.min.js"
  },
  "@/js/deps/lang-tcl.js": {
    "hashes": {
      "sha256": "PfC3feYuYOr23XHNzpcc3rsWk2fKCEloBTkenyzQxE4=",
      "sha512": "m5zDCsDEZeFgNL7YVz0elW4bydCAjOEZeNwV3Gv5GNklDiV7/CuP47SZpDBlcXETWn/F6F06QTCI/iPCU3KiqA=="
    },
    "integrity": "sha256-PfC3feYuYOr23XHNzpcc3rsWk2fKCEloBTkenyzQxE4= sha512-m5zDCsDEZeFgNL7YVz0elW4bydCAjOEZeNwV3Gv5GNklDiV7/CuP47SZpDBlcXETWn/F6F06QTCI/iPCU3KiqA==",
    "path": "/js/deps/lang-tcl.js"
  },
  "@/js/deps/lang-tcl.min.js": {
    "hashes": {
      "sha256": "Ved0iOQXfcCKqF+tzY7lax/CCzqWGKj7Mqp4K8G3zsw=",
      "sha512": "C/fB5JGwWrKjkqdAm11sL78WDsEXwtxWZjAZ0eAP8lRrjIsV+dxCn4FY/A9e3ML+2q8BsH5WIpbQbFzQBN21sQ=="
    },
    "integrity": "sha256-Ved0iOQXfcCKqF+tzY7lax/CCzqWGKj7Mqp4K8G3zsw= sha512-C/fB5JGwWrKjkqdAm11sL78WDsEXwtxWZjAZ0eAP8lRrjIsV+dxCn4FY/A9e3ML+2q8BsH5WIpbQbFzQBN21sQ==",
    "path": "/js/deps/lang-tcl.min.js"
  },
  "@/js/deps/lang-tex.js": {
    "hashes": {
      "sha256": "xl/IxzHuBHVnbTO7YAHg6YKOZ3DMkG/rW1kDdcTJiU0=",
      "sha512": "6hU/4AN3xzF52H0G8gYw6rYZRbvVPDDicm9vqg01/DPrFoZXtFIbhkLBC4qNnTjeSV2kQCYUuckfvxZwaqiAaw=="
    },
    "integrity": "sha256-xl/IxzHuBHVnbTO7YAHg6YKOZ3DMkG/rW1kDdcTJiU0= sha512-6hU/4AN3xzF52H0G8gYw6rYZRbvVPDDicm9vqg01/DPrFoZXtFIbhkLBC4qNnTjeSV2kQCYUuckfvxZwaqiAaw==",
    "path": "/js/deps/lang-tex.js"
  },
  "@/js/deps/lang-tex.min.js": {
    "hashes": {
      "sha256": "rP+TquQvyuj3RDjyd/+7EXnh8DlQOm6QhlGSSsXZ5Sk=",
      "sha512": "KTG1jr90fH9vdPxLUIUS2UZTPZ/lRPJzUqJsk+JQW5OFoCX4PMXS5PpB0WX0pBxs21mOsKKPbuvPmtOsIaT9SQ=="
    },
    "integrity": "sha256-rP+TquQvyuj3RDjyd/+7EXnh8DlQOm6QhlGSSsXZ5Sk= sha512-KTG1jr90fH9vdPxLUIUS2UZTPZ/lRPJzUqJsk+JQW5OFoCX4PMXS5PpB0WX0pBxs21mOsKKPbuvPmtOsIaT9SQ==",
    "path": "/js/deps/lang-tex.min.js"
  },
  "@/js/deps/lang-vb.js": {
    "hashes": {
      "sha256": "jmgfKbu+1Ei/4NDW3qwsmFPt4q6sQ0g+eGptQZlEnF0=",
      "sha512": "yYIP6x0Nocxsl/FK3lbqrx9lQY8LMTtOlR1VuGcaAi5+I+ms7ejZ3xFkOxMoRIbPFMFgSAmc42xj5X4scl1M+g=="
    },
    "integrity": "sha256-jmgfKbu+1Ei/4NDW3qwsmFPt4q6sQ0g+eGptQZlEnF0= sha512-yYIP6x0Nocxsl/FK3lbqrx9lQY8LMTtOlR1VuGcaAi5+I+ms7ejZ3xFkOxMoRIbPFMFgSAmc42xj5X4scl1M+g==",
    "path": "/js/deps/lang-vb.js"
  },
  "@/js/deps/lang-vb.min.js": {
    "hashes": {
      "sha256": "Fuhpz2AuPqTOkfPsLBrnuIMMeznxzV7jT89hQ7Mse+Q=",
      "sha512": "wpFGDzJRqDb+SKfDV4i8epCSZJOs/ET5jVPJdY7TJbK4JhMDqbECZvqhy/ifqmZbjr+GaU4SSvHnoyKPoA3aSQ=="
    },
    "integrity": "sha256-Fuhpz2AuPqTOkfPsLBrnuIMMeznxzV7jT89hQ7Mse+Q= sha512-wpFGDzJRqDb+SKfDV4i8epCSZJOs/ET5jVPJdY7TJbK4JhMDqbECZvqhy/ifqmZbjr+GaU4SSvHnoyKPoA3aSQ==",
    "path": "/js/deps/lang-vb.min.js"
  },
  "@/js/deps/lang-vhdl.js": {
    "hashes": {
      "sha256": "cXA2qlvovCcv3gtXJKQa7kh8c0O/mld07kFG2zeCZf4=",
      "sha512": "xEifzK9Nj9PTNiBxuNgkkO5xSwDMzOY9yYls9h7l0ddQK5TQQz7+2EouYndMHouXqF0xIAL7z1BbcoM2yjJfEQ=="
    },
    "integrity": "sha256-cXA2qlvovCcv3gtXJKQa7kh8c0O/mld07kFG2zeCZf4= sha512-xEifzK9Nj9PTNiBxuNgkkO5xSwDMzOY9yYls9h7l0ddQK5TQQz7+2EouYndMHouXqF0xIAL7z1BbcoM2yjJfEQ==",
    "path": "/js/deps/lang-vhdl.js"
  },
  "@/js/deps/lang-vhdl.min.js": {
    "hashes": {
      "sha256": "Q4jsW5EOGj4PeS8e/Pk7ryqZGeTmNNk/ySJn6s/o6yw=",
      "sha512": "a6Gqa1EIqOEdtS5tjmjw1+FSdmiLpNDpQHT87XmiiRnVkhO2HfUiitpXecALrOn3g82ye+OSco010TaK5Xzx8g=="
    },
    "integrity": "sha256-Q4jsW5EOGj4PeS8e/Pk7ryqZGeTmNNk/ySJn6s/o6yw= sha512-a6Gqa1EIqOEdtS5tjmjw1+FSdmiLpNDpQHT87XmiiRnVkhO2HfUiitpXecALrOn3g82ye+OSco010TaK5Xzx8g==",
    "path": "/js/deps/lang-vhdl.min.js"
  },
  "@/js/deps/lang-wiki.js": {
    "hashes": {
      "sha256": "uFd8y4c5YjU9G78FhKYnTi3rqxaTjko32ooSyVJqPP8=",
      "sha512": "7MXjBJi9GBPSBk7vS3957QA/26I4tdw3Rctq5lnLiUJf/yAL6sUk+b4qnkPJZKCQWfK8DAllnYW1ZY0uHUJb1A=="
    },
    "integrity": "sha256-uFd8y4c5YjU9G78FhKYnTi3rqxaTjko32ooSyVJqPP8= sha512-7MXjBJi9GBPSBk7vS3957QA/26I4tdw3Rctq5lnLiUJf/yAL6sUk+b4qnkPJZKCQWfK8DAllnYW1ZY0uHUJb1A==",
    "path": "/js/deps/lang-wiki.js"
  },
  "@/js/deps/lang-wiki.min.js": {
    "hashes": {
      "sha256": "TWyw3XfiTmFIP8j+avwPWS25fjr8I6R9vNNuYXDpCAs=",
      "sha512": "ztAP6aZFrTgNY0uDJr7z+VHhZTNxDcx+Gvy0SbCTVyK97+ZWw5pwYT4iuIJrwL6Grg9VkKz4nwTyClmiTp7cRw=="
    },
    "integrity": "sha256-TWyw3XfiTmFIP8j+avwPWS25fjr8I6R9vNNuYXDpCAs= sha512-ztAP6aZFrTgNY0uDJr7z+VHhZTNxDcx+Gvy0SbCTVyK97+ZWw5pwYT4iuIJrwL6Grg9VkKz4nwTyClmiTp7cRw==",
    "path": "/js/deps/lang-wiki.min.js"
  },
  "@/js/deps/lang-xq.js": {
    "hashes": {
      "sha256": "ZFSXrVIAVLEoaHY1I0EcIT8wwz7XuV5359VC3/zlomc=",
      "sha512": "0ItDmyL8RQTb5/HZKxJ5V59aleZrf+uK+bAFDIA0xrb3Wlmy8LKHwfQLr2INYKKbnhV6A+R7nUHgkEwnmHNq0g=="
    },
    "integrity": "sha256-ZFSXrVIAVLEoaHY1I0EcIT8wwz7XuV5359VC3/zlomc= sha512-0ItDmyL8RQTb5/HZKxJ5V59aleZrf+uK+bAFDIA0xrb3Wlmy8LKHwfQLr2INYKKbnhV6A+R7nUHgkEwnmHNq0g==",
    "path": "/js/deps/lang-xq.js"
  },
  "@/js/deps/lang-xq.min.js": {
    "hashes": {
      "sha256": "yDPS60L90Mys3otijJXLWZi/Tf57WA98ddn/AuxRqys=",
      "sha512": "iW66yqUqaDvTWk5GHQxA1yn+DwX7I7ZO3KMhjSmDoeJ3nlLB7KMWaqCr4a4fimzPALEy4U27ywRmu4KHkUVMKQ=="
    },
    "integrity": "sha256-yDPS60L90Mys3otijJXLWZi/Tf57WA98ddn/AuxRqys= sha512-iW66yqUqaDvTWk5GHQxA1yn+DwX7I7ZO3KMhjSmDoeJ3nlLB7KMWaqCr4a4fimzPALEy4U27ywRmu4KHkUVMKQ==",
    "path": "/js/deps/lang-xq.min.js"
  },
  "@/js/deps/lang-yaml.js": {
    "hashes": {
      "sha256": "zn/CmBsrlwYq/sfa7zUF2nqNbiTg2xlJHTT5AQ0o02Q=",
      "sha512": "3F5gb3UuRE+JBAjagKmpf8F6BNY5jbU1W4yTVHB6mrd+jJH54IR3kRMgSuP803YuZMOXAd9r8+6W8ogce8OiLw=="
    },
    "integrity": "sha256-zn/CmBsrlwYq/sfa7zUF2nqNbiTg2xlJHTT5AQ0o02Q= sha512-3F5gb3UuRE+JBAjagKmpf8F6BNY5jbU1W4yTVHB6mrd+jJH54IR3kRMgSuP803YuZMOXAd9r8+6W8ogce8OiLw==",
    "path": "/js/deps/lang-yaml.js"
  },
  "@/js/deps/lang-yaml.min.js": {
    "hashes": {
      "sha256": "cDyCR3SLzaMQ8hlmKLgCEiOxfXTSVxoSShXupEvCUzA=",
      "sha512": "YxnPE+S/C4wOPXGS2oObaoM43z4q1NnzMAF61qUlqsjHmudLBnpd928Db4enyLejq3o8Dbhqrto9Lfhu+cwqQQ=="
    },
    "integrity": "sha256-cDyCR3SLzaMQ8hlmKLgCEiOxfXTSVxoSShXupEvCUzA= sha512-YxnPE+S/C4wOPXGS2oObaoM43z4q1NnzMAF61qUlqsjHmudLBnpd928Db4enyLejq3o8Dbhqrto9Lfhu+cwqQQ==",
    "path": "/js/deps/lang-yaml.min.js"
  },
  "@/js/deps/ol.js": {
    "hashes": {
      "sha256": "iSrl5MfvlrdpraHdyizBbbV6H6ikGFuVLv1OV08uWhY=",
      "sha512": "G8flMLjEED1YvplN22AOjkWS+k7d3rqz9CP1n3Pv4qaaNCByNPrB+OhkTZqGuzI3xJeEH4mcDKsms2vOz90+FQ=="
    },
    "integrity": "sha256-iSrl5MfvlrdpraHdyizBbbV6H6ikGFuVLv1OV08uWhY= sha512-G8flMLjEED1YvplN22AOjkWS+k7d3rqz9CP1n3Pv4qaaNCByNPrB+OhkTZqGuzI3xJeEH4mcDKsms2vOz90+FQ==",
    "path": "/js/deps/ol.js"
  },
  "@/js/deps/ol.min.js": {
    "hashes": {
      "sha256": "aDA1kETnTySm5zCuSo2ThtRiqP3p7ETM9fvRlleIkEM=",
      "sha512": "4ycmS8bU1Pu4dJdyIYNUOyv07KXpMLZChY4+9ft7bXwBOvR7hTwZbC5CNs43w80B/fWxRGNpKP29hNBoe88TDw=="
    },
    "integrity": "sha256-aDA1kETnTySm5zCuSo2ThtRiqP3p7ETM9fvRlleIkEM= sha512-4ycmS8bU1Pu4dJdyIYNUOyv07KXpMLZChY4+9ft7bXwBOvR7hTwZbC5CNs43w80B/fWxRGNpKP29hNBoe88TDw==",
    "path": "/js/deps/ol.min.js"
  },
  "@/js/deps/prettify.js": {
    "hashes": {
      "sha256": "w3n8zE0N1lx/nrrWA16Dk7KnySbJF7cPs5E2CByeB7A=",
      "sha512": "2DksclQwa8OJ/+it3bTwy9jUE2GzMiHlBigUlotqidzejb2S6KVWo9OARCoGXj6mk1MKKAFdgZVmY/HA/ocUJQ=="
    },
    "integrity": "sha256-w3n8zE0N1lx/nrrWA16Dk7KnySbJF7cPs5E2CByeB7A= sha512-2DksclQwa8OJ/+it3bTwy9jUE2GzMiHlBigUlotqidzejb2S6KVWo9OARCoGXj6mk1MKKAFdgZVmY/HA/ocUJQ==",
    "path": "/js/deps/prettify.js"
  },
  "@/js/deps/prettify.min.js": {
    "hashes": {
      "sha256": "k0B0oeOVO+cegoTwhpu4cikck+UQS0rhBjlYsOMkpMU=",
      "sha512": "l/CiXJ0AVYsxCm0N8eaeJJ/JKz7NTjXY54qmcJEegAhoNPyribSovkBODpbUtfXMMA600ONvfpVagrFXGvZl1w=="
    },
    "integrity": "sha256-k0B0oeOVO+cegoTwhpu4cikck+UQS0rhBjlYsOMkpMU= sha512-l/CiXJ0AVYsxCm0N8eaeJJ/JKz7NTjXY54qmcJEegAhoNPyribSovkBODpbUtfXMMA600ONvfpVagrFXGvZl1w==",
    "path": "/js/deps/prettify.min.js"
  },
  "@/js/deps/proj4.js": {
    "hashes": {
      "sha256": "sB2hu3EXdH1R4i53wqxcnYBxBKa15V90gAgMG0c8nlE=",
      "sha512": "BJlW78WsgJ/GTHRTomVzhWMAX1kStUZsZAXWD+t3FuVQ+j0pg7RLDNarqoICd8qAr3YOE3ba5iml17Kll6JF7Q=="
    },
    "integrity": "sha256-sB2hu3EXdH1R4i53wqxcnYBxBKa15V90gAgMG0c8nlE= sha512-BJlW78WsgJ/GTHRTomVzhWMAX1kStUZsZAXWD+t3FuVQ+j0pg7RLDNarqoICd8qAr3YOE3ba5iml17Kll6JF7Q==",
    "path": "/js/deps/proj4.js"
  },
  "@/js/deps/proj4.min.js": {
    "hashes": {
      "sha256": "RlUiQKvjha0GDc5FvnYuqd5+lHDaXSBc+uVtK8S/8l4=",
      "sha512": "dqq4VvlsCGrrHIggto+KhM8kt8k3CieZPlWUH8AOzUhI1kQnpkaSqNbsPdJvEx6Z0UIiPHB/7tidsmKqh/rvqA=="
    },
    "integrity": "sha256-RlUiQKvjha0GDc5FvnYuqd5+lHDaXSBc+uVtK8S/8l4= sha512-dqq4VvlsCGrrHIggto+KhM8kt8k3CieZPlWUH8AOzUhI1kQnpkaSqNbsPdJvEx6Z0UIiPHB/7tidsmKqh/rvqA==",
    "path": "/js/deps/proj4.min.js"
  },
  "@/js/deps/run_prettify.js": {
    "hashes": {
      "sha256": "au9nSN3n6J43YU9RB577uGlLNOWvokJWifqoFv5WPCE=",
      "sha512": "9sVeo3lbYz7A7xgVyKbsfuEiUbMIY4UIZ/8YNJm6bD1/x+hsSgvxbHcOhOXM+yk1NlTTjsuMeNOiotFbtZp+2w=="
    },
    "integrity": "sha256-au9nSN3n6J43YU9RB577uGlLNOWvokJWifqoFv5WPCE= sha512-9sVeo3lbYz7A7xgVyKbsfuEiUbMIY4UIZ/8YNJm6bD1/x+hsSgvxbHcOhOXM+yk1NlTTjsuMeNOiotFbtZp+2w==",
    "path": "/js/deps/run_prettify.js"
  },
  "@/js/deps/run_prettify.min.js": {
    "hashes": {
      "sha256": "RGWHhN6mhYhtv2GCf0139Uf8b326hQVaoGE5pUCUaj8=",
      "sha512": "5vBOSSFd1CZbq+6aCpNh6ehq77zpcaVlYl8eUKCIJzp4TAzBOGkC+139WRVBVNCO9zHixTQLD5oCZ/vdUDtCoA=="
    },
    "integrity": "sha256-RGWHhN6mhYhtv2GCf0139Uf8b326hQVaoGE5pUCUaj8= sha512-5vBOSSFd1CZbq+6aCpNh6ehq77zpcaVlYl8eUKCIJzp4TAzBOGkC+139WRVBVNCO9zHixTQLD5oCZ/vdUDtCoA==",
    "path": "/js/deps/run_prettify.min.js"
  },
  "@/js/deps/tableparser.js": {
    "hashes": {
      "sha256": "r/nVorpfqOBtIxZdiQDBoSJz7nLcsMTPDSSyzJu48tU=",
      "sha512": "upkD1L1V8Ry8udLHMSMdpCsI0jEGTyovbWKBtH86iI+hgeVeuUaWXg/xkwGrGgvA5mNx2SN2AmtrUMsF4A3fiA=="
    },
    "integrity": "sha256-r/nVorpfqOBtIxZdiQDBoSJz7nLcsMTPDSSyzJu48tU= sha512-upkD1L1V8Ry8udLHMSMdpCsI0jEGTyovbWKBtH86iI+hgeVeuUaWXg/xkwGrGgvA5mNx2SN2AmtrUMsF4A3fiA==",
    "path": "/js/deps/tableparser.js"
  },
  "@/js/deps/tableparser.min.js": {
    "hashes": {
      "sha256": "yJ9LM4+l0iT8C0bzLyiEtKbCCulhFjcASPion5EdMuI=",
      "sha512": "MWEJfqrxNUL+4KVQTwkhXDi7ftjBieV3gOX9rZlvBFY18NR1k6s4OyiyGPHcjQu4gmQMRKduD93zMqjxzllFJw=="
    },
    "integrity": "sha256-yJ9LM4+l0iT8C0bzLyiEtKbCCulhFjcASPion5EdMuI= sha512-MWEJfqrxNUL+4KVQTwkhXDi7ftjBieV3gOX9rZlvBFY18NR1k6s4OyiyGPHcjQu4gmQMRKduD93zMqjxzllFJw==",
    "path": "/js/deps/tableparser.min.js"
  },
  "@/js/deps/unorm.js": {
    "hashes": {
      "sha256": "1DWAigdOthyYVTXNaiEE8Eu3CoG7cygJu1Mh1Hf/uAQ=",
      "sha512": "TmdnYVO+nuAqrpoHYv8y92r2VRX+gIOU4btDAIpBt96MmuuRIRd3qNiHyOjMfrxKDcnghZ/YZlMRfREPqC59Cw=="
    },
    "integrity": "sha256-1DWAigdOthyYVTXNaiEE8Eu3CoG7cygJu1Mh1Hf/uAQ= sha512-TmdnYVO+nuAqrpoHYv8y92r2VRX+gIOU4btDAIpBt96MmuuRIRd3qNiHyOjMfrxKDcnghZ/YZlMRfREPqC59Cw==",
    "path": "/js/deps/unorm.js"
  },
  "@/js/deps/unorm.min.js": {
    "hashes": {
      "sha256": "3lYbbGSQy1f4Mfu/Vs3QOPHFWKQBj65rMvb+MSHpN+Q=",
      "sha512": "kWOPR+klPZghT5569GQg8TI1ntMqQMCN2T4Od8zPZhwImL/747l7uMM9mZr5M7MRffVJM4VlH1unWyPw5UdTXw=="
    },
    "integrity": "sha256-3lYbbGSQy1f4Mfu/Vs3QOPHFWKQBj65rMvb+MSHpN+Q= sha512-kWOPR+klPZghT5569GQg8TI1ntMqQMCN2T4Od8zPZhwImL/747l7uMM9mZr5M7MRffVJM4VlH1unWyPw5UdTXw==",
    "path": "/js/deps/unorm.min.js"
  },
  "@/js/i18n/af.js": {
    "hashes": {
      "sha256": "K2EQuy1NrBxP2rI83j6k1F4q1VFIpzuhgpt0FDb4yXA=",
      "sha512": "df5YGVKlB1xcxlXKSHGGwndZ6P6UTzYLmrhHMXb57E9Cb1ESHUtq59Z3H5KNSyFJxcizQFVzRjSICHOAMao6zA=="
    },
    "integrity": "sha256-K2EQuy1NrBxP2rI83j6k1F4q1VFIpzuhgpt0FDb4yXA= sha512-df5YGVKlB1xcxlXKSHGGwndZ6P6UTzYLmrhHMXb57E9Cb1ESHUtq59Z3H5KNSyFJxcizQFVzRjSICHOAMao6zA==",
    "path": "/js/i18n/af.js"
  },
  "@/js/i18n/af.min.js": {
    "hashes": {
      "sha256": "QT2zVjMjT469h/J0hmRMa1ykOA7cT/0OFIyOy9olz2g=",
      "sha512": "KAU2Yb8kxDPwUzwNfzb0jL6rzZ7NVypYb+MeTbvNn3e5BUI1OK2UKkqFc5O+Kee/X7CXa0BXKSdnSO40TWmxpw=="
    },
    "integrity": "sha256-QT2zVjMjT469h/J0hmRMa1ykOA7cT/0OFIyOy9olz2g= sha512-KAU2Yb8kxDPwUzwNfzb0jL6rzZ7NVypYb+MeTbvNn3e5BUI1OK2UKkqFc5O+Kee/X7CXa0BXKSdnSO40TWmxpw==",
    "path": "/js/i18n/af.min.js"
  },
  "@/js/i18n/ar.js": {
    "hashes": {
      "sha256": "/fyNbQfJGswp8Rk/OplXbCZCRUrqPIwPFBohUnZDWiY=",
      "sha512": "v62rQCpg8EE+tfN1Nx6M5QwNacipX2xLcI7g4O2/heFPz+szljzskgBo3n3myAeat4IbuKhQ+9/bpqi+iiMiTw=="
    },
    "integrity": "sha256-/fyNbQfJGswp8Rk/OplXbCZCRUrqPIwPFBohUnZDWiY= sha512-v62rQCpg8EE+tfN1Nx6M5QwNacipX2xLcI7g4O2/heFPz+szljzskgBo3n3myAeat4IbuKhQ+9/bpqi+iiMiTw==",
    "path": "/js/i18n/ar.js"
  },
  "@/js/i18n/ar.min.js": {
    "hashes": {
      "sha256": "ATRodCSPvpDa8MyVI4Yb3rICw43CSwwrPcRN8oZq51I=",
      "sha512": "/wtNN5+KNsiNF48JYFyXvtq3ZkoK5BZSyFLL++eXrzBSXKIRzb5A9YDZDXoqWUSFUpxn4hZLUwDdkzVzaUUWeg=="
    },
    "integrity": "sha256-ATRodCSPvpDa8MyVI4Yb3rICw43CSwwrPcRN8oZq51I= sha512-/wtNN5+KNsiNF48JYFyXvtq3ZkoK5BZSyFLL++eXrzBSXKIRzb5A9YDZDXoqWUSFUpxn4hZLUwDdkzVzaUUWeg==",
    "path": "/js/i18n/ar.min.js"
  },
  "@/js/i18n/bg.js": {
    "hashes": {
      "sha256": "gqBcAPxGLaJVW80Fhcbi23jOdqk7Jg1Q1Tf/Dkxnl+s=",
      "sha512": "WEGaLQ+vNtwe9d6wwDOHeln+5o1Jcfy2PGxzKm7oeYfrXoUdMBvZsMCDWyNPqR1OD/Ny/Og7EO89L0X1FRUHmg=="
    },
    "integrity": "sha256-gqBcAPxGLaJVW80Fhcbi23jOdqk7Jg1Q1Tf/Dkxnl+s= sha512-WEGaLQ+vNtwe9d6wwDOHeln+5o1Jcfy2PGxzKm7oeYfrXoUdMBvZsMCDWyNPqR1OD/Ny/Og7EO89L0X1FRUHmg==",
    "path": "/js/i18n/bg.js"
  },
  "@/js/i18n/bg.min.js": {
    "hashes": {
      "sha256": "lA63MIBB8ccM0nuu2AtoJPIhubjdhBe8tn7gMVsMaeA=",
      "sha512": "514bFi/aCNBUjyLbsK0umrcOAHJ6rYL9md7Ybkq037lXV8u2HZ+Zt5Bo3cJ5atai2Zt6w/x/FkQbLetly9llIA=="
    },
    "integrity": "sha256-lA63MIBB8ccM0nuu2AtoJPIhubjdhBe8tn7gMVsMaeA= sha512-514bFi/aCNBUjyLbsK0umrcOAHJ6rYL9md7Ybkq037lXV8u2HZ+Zt5Bo3cJ5atai2Zt6w/x/FkQbLetly9llIA==",
    "path": "/js/i18n/bg.min.js"
  },
  "@/js/i18n/cs.js": {
    "hashes": {
      "sha256": "6m0DBmrORdL3CYklEuXzcvB0y1KG7ARSfca9u/aHB7s=",
      "sha512": "/SrS6A1cd//GoqdakRK4kSWMAVoZMcUMwlA2zQcolVAHVJUaTgdTnTxNp2KyumXfxEKetD4/x97WZXoFUofVAg=="
    },
    "integrity": "sha256-6m0DBmrORdL3CYklEuXzcvB0y1KG7ARSfca9u/aHB7s= sha512-/SrS6A1cd//GoqdakRK4kSWMAVoZMcUMwlA2zQcolVAHVJUaTgdTnTxNp2KyumXfxEKetD4/x97WZXoFUofVAg==",
    "path": "/js/i18n/cs.js"
  },
  "@/js/i18n/cs.min.js": {
    "hashes": {
      "sha256": "kvupfhDRQLhU8ebXlDM5nZxsbF+EtT7JUXVa+PP9dWY=",
      "sha512": "giSbjlxrsQpCY9RYicBdODk/8voGXQb9A+cSxYucx6FQTmVPzf9yUYVPvLklh8x4G2blf/gIZEVyWNhBb6g4qw=="
    },
    "integrity": "sha256-kvupfhDRQLhU8ebXlDM5nZxsbF+EtT7JUXVa+PP9dWY= sha512-giSbjlxrsQpCY9RYicBdODk/8voGXQb9A+cSxYucx6FQTmVPzf9yUYVPvLklh8x4G2blf/gIZEVyWNhBb6g4qw==",
    "path": "/js/i18n/cs.min.js"
  },
  "@/js/i18n/de.js": {
    "hashes": {
      "sha256": "F2ijYWeuzoqXW4r1wigIAxusZc1nBg5S4nZgBoQ3TUA=",
      "sha512": "i5f+AHyaX1rnAHJUhLRbgU2nT1Eaj2+piR/r6es+42o3sd0VOQB4cYvMBrLpZuEtfUtd4iGxT+FJixjDmDXfag=="
    },
    "integrity": "sha256-F2ijYWeuzoqXW4r1wigIAxusZc1nBg5S4nZgBoQ3TUA= sha512-i5f+AHyaX1rnAHJUhLRbgU2nT1Eaj2+piR/r6es+42o3sd0VOQB4cYvMBrLpZuEtfUtd4iGxT+FJixjDmDXfag==",
    "path": "/js/i18n/de.js"
  },
  "@/js/i18n/de.min.js": {
    "hashes": {
      "sha256": "Ye5vFvN+Imb8kvMNq5FtggFPmYyu7G5ObTXQTirjiX8=",
      "sha512": "aMB2nPuRbwacO0/fURs8TGfXgqgfpkZ54XJB4dTuOTBBTFLVg6YTxvoiUqbfrSGc1FNnsQipAi/bgEraWUW7aw=="
    },
    "integrity": "sha256-Ye5vFvN+Imb8kvMNq5FtggFPmYyu7G5ObTXQTirjiX8= sha512-aMB2nPuRbwacO0/fURs8TGfXgqgfpkZ54XJB4dTuOTBBTFLVg6YTxvoiUqbfrSGc1FNnsQipAi/bgEraWUW7aw==",
    "path": "/js/i18n/de.min.js"
  },
  "@/js/i18n/el.js": {
    "hashes": {
      "sha256": "wPGF1jO5CVMjC0CLAYxkT26PPc6V8n4y05qgcoR6ai4=",
      "sha512": "gMGLsTT/ZiDv/RMYfpgsk59472PFVvW10vIGUp0Bh1gjNwvgJFd1qLK9/lksadvDE6UnHyaREMG9as8BcqJ8zg=="
    },
    "integrity": "sha256-wPGF1jO5CVMjC0CLAYxkT26PPc6V8n4y05qgcoR6ai4= sha512-gMGLsTT/ZiDv/RMYfpgsk59472PFVvW10vIGUp0Bh1gjNwvgJFd1qLK9/lksadvDE6UnHyaREMG9as8BcqJ8zg==",
    "path": "/js/i18n/el.js"
  },
  "@/js/i18n/el.min.js": {
    "hashes": {
      "sha256": "en+Iod4yV4rU23E24+NUWDKZNWQbQcAAJfcmRNNJZw0=",
      "sha512": "lzzr2Y90OgnzNRwVS7SML/1FzqGpr98+QqJqwrVrw07kZ2jArnWVaFFpGjcQLgAt6sOl6bgVgTc/Jp0ovA89Ig=="
    },
    "integrity": "sha256-en+Iod4yV4rU23E24+NUWDKZNWQbQcAAJfcmRNNJZw0= sha512-lzzr2Y90OgnzNRwVS7SML/1FzqGpr98+QqJqwrVrw07kZ2jArnWVaFFpGjcQLgAt6sOl6bgVgTc/Jp0ovA89Ig==",
    "path": "/js/i18n/el.min.js"
  },
  "@/js/i18n/en.js": {
    "hashes": {
      "sha256": "/nLY655yuWbrlono2i0A3rnUdNfUcYQGPuF0qgQcfpE=",
      "sha512": "ZufoO3PnoN0kGj4Q1vKZpP4wcucwVFLSjj6IbQtU/M6QBwBpWyFigYJ/gusWXwl42g/Dm5IKR8aSnRtfFZi2vQ=="
    },
    "integrity": "sha256-/nLY655yuWbrlono2i0A3rnUdNfUcYQGPuF0qgQcfpE= sha512-ZufoO3PnoN0kGj4Q1vKZpP4wcucwVFLSjj6IbQtU/M6QBwBpWyFigYJ/gusWXwl42g/Dm5IKR8aSnRtfFZi2vQ==",
    "path": "/js/i18n/en.js"
  },
  "@/js/i18n/en.min.js": {
    "hashes": {
      "sha256": "GZqCDgmQ4btk4D6XCLVxTIUfaFiNXPv/c8MzK0iWBp4=",
      "sha512": "5Wv52DNqHXryNowWI8ZknvyneWSC2P95QwtIxoJShOoaOBE5RJRmax3EIyZqGOXWrdFK7X0mx3zPDnZXeOVONQ=="
    },
    "integrity": "sha256-GZqCDgmQ4btk4D6XCLVxTIUfaFiNXPv/c8MzK0iWBp4= sha512-5Wv52DNqHXryNowWI8ZknvyneWSC2P95QwtIxoJShOoaOBE5RJRmax3EIyZqGOXWrdFK7X0mx3zPDnZXeOVONQ==",
    "path": "/js/i18n/en.min.js"
  },
  "@/js/i18n/es.js": {
    "hashes": {
      "sha256": "zXvqzPQuJ4eLUmf4rsjHL411k4+QJbktR1pXc+auByI=",
      "sha512": "H1FH84DV2dKHknrVfpaxKryb/zQ2/JOxao9bA8bjh/dxrjYvZak3a1Rny7UoMWZHss0XyK26RwFYNaHfkWuJ5Q=="
    },
    "integrity": "sha256-zXvqzPQuJ4eLUmf4rsjHL411k4+QJbktR1pXc+auByI= sha512-H1FH84DV2dKHknrVfpaxKryb/zQ2/JOxao9bA8bjh/dxrjYvZak3a1Rny7UoMWZHss0XyK26RwFYNaHfkWuJ5Q==",
    "path": "/js/i18n/es.js"
  },
  "@/js/i18n/es.min.js": {
    "hashes": {
      "sha256": "WXFs2DC4Fc5oUOnH7Ca/XcfSWDI7ecdEuwSwysexKRw=",
      "sha512": "JmakPfa6fwpz9uOUaqBbccz30w/9KADbqbjEfZ50ilpjFX+eoMWK15aKEjVxpkBofDSOvECDA6OwC08hPmsopA=="
    },
    "integrity": "sha256-WXFs2DC4Fc5oUOnH7Ca/XcfSWDI7ecdEuwSwysexKRw= sha512-JmakPfa6fwpz9uOUaqBbccz30w/9KADbqbjEfZ50ilpjFX+eoMWK15aKEjVxpkBofDSOvECDA6OwC08hPmsopA==",
    "path": "/js/i18n/es.min.js"
  },
  "@/js/i18n/et.js": {
    "hashes": {
      "sha256": "H/S2xX4rT5GoxSE9toTXqUnNnfgI/rhtH6oZledLBgY=",
      "sha512": "hQ7CTFVakbfvhK7thdSxTIqKdFxEvNinuw88kXie322wSpSBeOgItDs1g4gSB27HpliUk2+zV1QY4+0iinKhiA=="
    },
    "integrity": "sha256-H/S2xX4rT5GoxSE9toTXqUnNnfgI/rhtH6oZledLBgY= sha512-hQ7CTFVakbfvhK7thdSxTIqKdFxEvNinuw88kXie322wSpSBeOgItDs1g4gSB27HpliUk2+zV1QY4+0iinKhiA==",
    "path": "/js/i18n/et.js"
  },
  "@/js/i18n/et.min.js": {
    "hashes": {
      "sha256": "p2yyzyvjTepgYMDnqNbq3IEbsJzNRp8bkXuhLM/CTqU=",
      "sha512": "NKWzjakOEKGtbmrWL//DsoLTaBRrbypxSO4y9ejlx4744JW560vRuUt+Yln/zG3LgOSPRvIe3AyseIZ9OBupVQ=="
    },
    "integrity": "sha256-p2yyzyvjTepgYMDnqNbq3IEbsJzNRp8bkXuhLM/CTqU= sha512-NKWzjakOEKGtbmrWL//DsoLTaBRrbypxSO4y9ejlx4744JW560vRuUt+Yln/zG3LgOSPRvIe3AyseIZ9OBupVQ==",
    "path": "/js/i18n/et.min.js"
  },
  "@/js/i18n/fr.js": {
    "hashes": {
      "sha256": "SJcTtQ8feFdTPTRljfITh6CD3C/mP8OUWW4zoxG0hA4=",
      "sha512": "Dy8B7LYxd3Paw8tpLxVSSt0RazNOwmCEHjdctlyk2i6ZnsJkmurM46sUBYK7hnNVf+5Nt0HBBiLbict7HsN0Bg=="
    },
    "integrity": "sha256-SJcTtQ8feFdTPTRljfITh6CD3C/mP8OUWW4zoxG0hA4= sha512-Dy8B7LYxd3Paw8tpLxVSSt0RazNOwmCEHjdctlyk2i6ZnsJkmurM46sUBYK7hnNVf+5Nt0HBBiLbict7HsN0Bg==",
    "path": "/js/i18n/fr.js"
  },
  "@/js/i18n/fr.min.js": {
    "hashes": {
      "sha256": "9EF1OjDjZsWCMvxdhQG1SksF7x+TilUnERp79BZpH0w=",
      "sha512": "lh7yQ0Upx3vjtYF5+sEkXnKMWCJaZn8JZxryfIi3Y5lRgT3dXthczjRM5gVRVvAL11VrF6vA3dSIFC2ud5Kl7Q=="
    },
    "integrity": "sha256-9EF1OjDjZsWCMvxdhQG1SksF7x+TilUnERp79BZpH0w= sha512-lh7yQ0Upx3vjtYF5+sEkXnKMWCJaZn8JZxryfIi3Y5lRgT3dXthczjRM5gVRVvAL11VrF6vA3dSIFC2ud5Kl7Q==",
    "path": "/js/i18n/fr.min.js"
  },
  "@/js/i18n/hi.js": {
    "hashes": {
      "sha256": "h5UzrI9N25TG9a5/rHsC6N7NPf3mwJVjidEZH7daEY8=",
      "sha512": "qncinfMSdmhde7c5eDagCgD/ACaPYcfBerlWSuB37Ieynb1IiJXAIf/rc5kDu5ypX9beyLemBx+pH+3vAVYElg=="
    },
    "integrity": "sha256-h5UzrI9N25TG9a5/rHsC6N7NPf3mwJVjidEZH7daEY8= sha512-qncinfMSdmhde7c5eDagCgD/ACaPYcfBerlWSuB37Ieynb1IiJXAIf/rc5kDu5ypX9beyLemBx+pH+3vAVYElg==",
    "path": "/js/i18n/hi.js"
  },
  "@/js/i18n/hi.min.js": {
    "hashes": {
      "sha256": "a6yQAzn2zp99IcinpdGv5uLolLwUBBrXbhmXV16NrlI=",
      "sha512": "vvv7HmMtVmmVWuZMTEsAHDXQf5iKEn03YNu6hchhzTRvQGYBG7IvKW8lyummAZYXrtu6iqQm1i5GxBNAtxN1RA=="
    },
    "integrity": "sha256-a6yQAzn2zp99IcinpdGv5uLolLwUBBrXbhmXV16NrlI= sha512-vvv7HmMtVmmVWuZMTEsAHDXQf5iKEn03YNu6hchhzTRvQGYBG7IvKW8lyummAZYXrtu6iqQm1i5GxBNAtxN1RA==",
    "path": "/js/i18n/hi.min.js"
  },
  "@/js/i18n/hu.js": {
    "hashes": {
      "sha256": "c8rFRWdqYcURty7IGyo8dI792hg7KPKH6wfXJUKgkgI=",
      "sha512": "pcHktRE1BqdjdYKmPXsXMjOfSEn3HzG9kvpbEIk7zxHTxZqT+hk1f3LpsDD53wG8Ohoc7iTk+zWqkLNj4rscJw=="
    },
    "integrity": "sha256-c8rFRWdqYcURty7IGyo8dI792hg7KPKH6wfXJUKgkgI= sha512-pcHktRE1BqdjdYKmPXsXMjOfSEn3HzG9kvpbEIk7zxHTxZqT+hk1f3LpsDD53wG8Ohoc7iTk+zWqkLNj4rscJw==",
    "path": "/js/i18n/hu.js"
  },
  "@/js/i18n/hu.min.js": {
    "hashes": {
      "sha256": "OCmwM2diEQTrIUWvNHugNar9J4NA+cp5Ef420Q3JhU0=",
      "sha512": "g5QE7l/4B3aTKo8QGPq+zbANcwkQJuYmQIgKDWpFf40wBnxLMGlOW3vXfKWz7JZxVDMoGstPN4+vWiZA3F1Jyw=="
    },
    "integrity": "sha256-OCmwM2diEQTrIUWvNHugNar9J4NA+cp5Ef420Q3JhU0= sha512-g5QE7l/4B3aTKo8QGPq+zbANcwkQJuYmQIgKDWpFf40wBnxLMGlOW3vXfKWz7JZxVDMoGstPN4+vWiZA3F1Jyw==",
    "path": "/js/i18n/hu.min.js"
  },
  "@/js/i18n/hy.js": {
    "hashes": {
      "sha256": "cPOsYZd0nrsMKCyGFHCkF0H/Ulm3Q4OZFoLJYrsZASs=",
      "sha512": "xMQOsfk6Rz7W+E2jA2ZXa3IG04QVkZ3ym7rWLh7VNtp5pC8L8nKmlbbbFq+cG0PevNqWz1xlz4F19Ourr6SV5g=="
    },
    "integrity": "sha256-cPOsYZd0nrsMKCyGFHCkF0H/Ulm3Q4OZFoLJYrsZASs= sha512-xMQOsfk6Rz7W+E2jA2ZXa3IG04QVkZ3ym7rWLh7VNtp5pC8L8nKmlbbbFq+cG0PevNqWz1xlz4F19Ourr6SV5g==",
    "path": "/js/i18n/hy.js"
  },
  "@/js/i18n/hy.min.js": {
    "hashes": {
      "sha256": "xMmt/dEgPYshkk3UYsHQNFxL57QRsGulmnK34dQxpTI=",
      "sha512": "G3DmdhzmDdGDwS0nliI4BjnmaGXOgfqtbWCvgcp4UuXCQ/tGDqa6+Ar9rJXdzCLahKmj1MT4nh9BYO0cCgdZ6A=="
    },
    "integrity": "sha256-xMmt/dEgPYshkk3UYsHQNFxL57QRsGulmnK34dQxpTI= sha512-G3DmdhzmDdGDwS0nliI4BjnmaGXOgfqtbWCvgcp4UuXCQ/tGDqa6+Ar9rJXdzCLahKmj1MT4nh9BYO0cCgdZ6A==",
    "path": "/js/i18n/hy.min.js"
  },
  "@/js/i18n/id.js": {
    "hashes": {
      "sha256": "IPeJ/+VI+g+gqqiMDMVJxdj+JdPGi3Z4XwZbCQm6fgo=",
      "sha512": "5hhiL/68xXO8HQK8guzwKADzO7jOAeJWOw4pjrb+tQ6lelDS5WJJGlj3LKGckr9IUAnvecK5iHBoe1eRS6SLXw=="
    },
    "integrity": "sha256-IPeJ/+VI+g+gqqiMDMVJxdj+JdPGi3Z4XwZbCQm6fgo= sha512-5hhiL/68xXO8HQK8guzwKADzO7jOAeJWOw4pjrb+tQ6lelDS5WJJGlj3LKGckr9IUAnvecK5iHBoe1eRS6SLXw==",
    "path": "/js/i18n/id.js"
  },
  "@/js/i18n/id.min.js": {
    "hashes": {
      "sha256": "OORWM+DwpKpLuvp+wzXb8MQZiC0JhD2OgfOK0J7hboE=",
      "sha512": "P+PE31jf5h8wEIWuqGDMwQSNYKixZvUvSx6p9SHrl1Z8Q4CxPb0201egtDwTufvap35RtxXl+zYmykINLj9wEw=="
    },
    "integrity": "sha256-OORWM+DwpKpLuvp+wzXb8MQZiC0JhD2OgfOK0J7hboE= sha512-P+PE31jf5h8wEIWuqGDMwQSNYKixZvUvSx6p9SHrl1Z8Q4CxPb0201egtDwTufvap35RtxXl+zYmykINLj9wEw==",
    "path": "/js/i18n/id.min.js"
  },
  "@/js/i18n/is.js": {
    "hashes": {
      "sha256": "KLA5NU0ycQKp8Itui6X8cnxwI66az+owUc2eqORyMhg=",
      "sha512": "r4wWW9bBNWuOl7FSuJGO1sY7ulugacsFANiHkadzasEFbnATtu8cTTKKQbSwYqqj7AABsprtlaOs4Bz4QQvvDA=="
    },
    "integrity": "sha256-KLA5NU0ycQKp8Itui6X8cnxwI66az+owUc2eqORyMhg= sha512-r4wWW9bBNWuOl7FSuJGO1sY7ulugacsFANiHkadzasEFbnATtu8cTTKKQbSwYqqj7AABsprtlaOs4Bz4QQvvDA==",
    "path": "/js/i18n/is.js"
  },
  "@/js/i18n/is.min.js": {
    "hashes": {
      "sha256": "qmDlOUwesEn5/h/H+OHL81mG230OjrfKyIerg90B5Ek=",
      "sha512": "BI5VvlYtPW3ObKINDb7GNsDeAPbdjkRQiTePwZMNzgW7jcoABEt09tW2+szaIdnOLWgCBE+lbBA10/zFcTHrqA=="
    },
    "integrity": "sha256-qmDlOUwesEn5/h/H+OHL81mG230OjrfKyIerg90B5Ek= sha512-BI5VvlYtPW3ObKINDb7GNsDeAPbdjkRQiTePwZMNzgW7jcoABEt09tW2+szaIdnOLWgCBE+lbBA10/zFcTHrqA==",
    "path": "/js/i18n/is.min.js"
  },
  "@/js/i18n/it.js": {
    "hashes": {
      "sha256": "Rd/fF6G4hjYAQJmF/MBqsxEN7quxayFHZZxuymJ+b9E=",
      "sha512": "9K8zdJ2s02dC/iFfw+6q5Zq8/KY7wWgwDfvb4CcOmwD7CEt5rV2vhPUYT4gMAll1stqbPBDwG03ezQo1Tjp5Sg=="
    },
    "integrity": "sha256-Rd/fF6G4hjYAQJmF/MBqsxEN7quxayFHZZxuymJ+b9E= sha512-9K8zdJ2s02dC/iFfw+6q5Zq8/KY7wWgwDfvb4CcOmwD7CEt5rV2vhPUYT4gMAll1stqbPBDwG03ezQo1Tjp5Sg==",
    "path": "/js/i18n/it.js"
  },
  "@/js/i18n/it.min.js": {
    "hashes": {
      "sha256": "YnvEGiTyo322O1z8oqHqVYEVwHP8rS2Um+Bb/DTakLo=",
      "sha512": "UVUE5EaUG3j1Oo35cbPDdN5xlhcPsi5FvSvlYY8j9Hn1LbG4BG9Hox3h8DYEHZC5RwE2DNQ1LCfFRFWvmHZluw=="
    },
    "integrity": "sha256-YnvEGiTyo322O1z8oqHqVYEVwHP8rS2Um+Bb/DTakLo= sha512-UVUE5EaUG3j1Oo35cbPDdN5xlhcPsi5FvSvlYY8j9Hn1LbG4BG9Hox3h8DYEHZC5RwE2DNQ1LCfFRFWvmHZluw==",
    "path": "/js/i18n/it.min.js"
  },
  "@/js/i18n/iu.js": {
    "hashes": {
      "sha256": "pGjN2Okcj5F9qqob8ISj5uwWQS/ylqWk/NiXHt6JARg=",
      "sha512": "TKZ4yIScFZoGUsXCYzu4czbKVeSh6XUKFxK8bDtsu8UZ4vvQoz+EX8bsdnEPTdUQfDa4d3URx9ACYMPx0e7hag=="
    },
    "integrity": "sha256-pGjN2Okcj5F9qqob8ISj5uwWQS/ylqWk/NiXHt6JARg= sha512-TKZ4yIScFZoGUsXCYzu4czbKVeSh6XUKFxK8bDtsu8UZ4vvQoz+EX8bsdnEPTdUQfDa4d3URx9ACYMPx0e7hag==",
    "path": "/js/i18n/iu.js"
  },
  "@/js/i18n/iu.min.js": {
    "hashes": {
      "sha256": "EPZhfMDTRZbmf5AqNxci4JGrwZ2Ar2I9kTFNUqQnOFQ=",
      "sha512": "FGF/FcVxxCE/XEnSUJ3xZUKnxw1kMYrKadC7oC0AURv8iyKuig0is0ATwAFHH1ZWQ9OEwB7tRkRLBaVxBHj3qw=="
    },
    "integrity": "sha256-EPZhfMDTRZbmf5AqNxci4JGrwZ2Ar2I9kTFNUqQnOFQ= sha512-FGF/FcVxxCE/XEnSUJ3xZUKnxw1kMYrKadC7oC0AURv8iyKuig0is0ATwAFHH1ZWQ9OEwB7tRkRLBaVxBHj3qw==",
    "path": "/js/i18n/iu.min.js"
  },
  "@/js/i18n/ja.js": {
    "hashes": {
      "sha256": "QCEw8V0xFys0F1d1qMe/NyYl8+iiCnBNTr4w3slkbu8=",
      "sha512": "Shdtai+I/+VkFf+sQ8dNvyTUt5/kC/RFDB34snP70qAzYhodlAg2fieU2tUGR8LM+lJah7PtGrx70bpMuRg2lQ=="
    },
    "integrity": "sha256-QCEw8V0xFys0F1d1qMe/NyYl8+iiCnBNTr4w3slkbu8= sha512-Shdtai+I/+VkFf+sQ8dNvyTUt5/kC/RFDB34snP70qAzYhodlAg2fieU2tUGR8LM+lJah7PtGrx70bpMuRg2lQ==",
    "path": "/js/i18n/ja.js"
  },
  "@/js/i18n/ja.min.js": {
    "hashes": {
      "sha256": "ro0T1Stfr95kDgIk70ZWAjF+PyKnkvrDztQU3PR0sU4=",
      "sha512": "qks7uTqZbIbfueITa6QZs9COwE/2/C65tAvLlQMfn94e3oGae7jXpzaFC9gE2foEzu2k1RgqgSa7Av+TKYj+TA=="
    },
    "integrity": "sha256-ro0T1Stfr95kDgIk70ZWAjF+PyKnkvrDztQU3PR0sU4= sha512-qks7uTqZbIbfueITa6QZs9COwE/2/C65tAvLlQMfn94e3oGae7jXpzaFC9gE2foEzu2k1RgqgSa7Av+TKYj+TA==",
    "path": "/js/i18n/ja.min.js"
  },
  "@/js/i18n/ko.js": {
    "hashes": {
      "sha256": "UtDw/biwbR84Crm8Fc9OZkkoFVuFk+tgqFgk52ojSSE=",
      "sha512": "AjigOBWPiOpLvRdsBGtcvpLKwhi7f5/ibX0+kZedvtrgBRBNHibfj0ZegTDOLvEt4MQCtmxATR+LzeqjaywblQ=="
    },
    "integrity": "sha256-UtDw/biwbR84Crm8Fc9OZkkoFVuFk+tgqFgk52ojSSE= sha512-AjigOBWPiOpLvRdsBGtcvpLKwhi7f5/ibX0+kZedvtrgBRBNHibfj0ZegTDOLvEt4MQCtmxATR+LzeqjaywblQ==",
    "path": "/js/i18n/ko.js"
  },
  "@/js/i18n/ko.min.js": {
    "hashes": {
      "sha256": "sAjEMEBzPlUo4/jP7V47epFSTZStyUupVDtHvZJLW68=",
      "sha512": "iJP5mI9LdAJhhq62PTHRAK54dr7e5qMT9ovKadURV4OoxQfsCHuOUTeylmyBuYC1flPrGGNlaFUlzFwddJ4s/g=="
    },
    "integrity": "sha256-sAjEMEBzPlUo4/jP7V47epFSTZStyUupVDtHvZJLW68= sha512-iJP5mI9LdAJhhq62PTHRAK54dr7e5qMT9ovKadURV4OoxQfsCHuOUTeylmyBuYC1flPrGGNlaFUlzFwddJ4s/g==",
    "path": "/js/i18n/ko.min.js"
  },
  "@/js/i18n/lt.js": {
    "hashes": {
      "sha256": "/LfyNF1f2EW+982RERR1NpP3zdD+RkAfiiOmfOOxq28=",
      "sha512": "SCW/PPxcJ5DVaTHZHGxqbhtSpjJ1KxA2MM/yna5i4orMD8uIXqvinGqWRQD4pcEh/UpjlAbcnP5TDokTCW+Now=="
    },
    "integrity": "sha256-/LfyNF1f2EW+982RERR1NpP3zdD+RkAfiiOmfOOxq28= sha512-SCW/PPxcJ5DVaTHZHGxqbhtSpjJ1KxA2MM/yna5i4orMD8uIXqvinGqWRQD4pcEh/UpjlAbcnP5TDokTCW+Now==",
    "path": "/js/i18n/lt.js"
  },
  "@/js/i18n/lt.min.js": {
    "hashes": {
      "sha256": "y6T/dYoGtHYqVIU6Is4KBt3Ke6O4KRqphJpeLBzcHRQ=",
      "sha512": "bzEAnPIFrBtOfYv3uZNhTTiKzzdMie0mIDbt2Z9iv/ouLGgFEVMeJ+1mJHGEb1plXpaGXPO9CaKTk09CeQZW4w=="
    },
    "integrity": "sha256-y6T/dYoGtHYqVIU6Is4KBt3Ke6O4KRqphJpeLBzcHRQ= sha512-bzEAnPIFrBtOfYv3uZNhTTiKzzdMie0mIDbt2Z9iv/ouLGgFEVMeJ+1mJHGEb1plXpaGXPO9CaKTk09CeQZW4w==",
    "path": "/js/i18n/lt.min.js"
  },
  "@/js/i18n/lv.js": {
    "hashes": {
      "sha256": "mWh6/Bnzrq9WUYpakEiRO+mP2xzb3aGVYQNbTGaEok8=",
      "sha512": "aiPOII5izHrdOgPTPnu7eRUpgIAkqx8s2gxV9NTxAjGQ4p//jec+g3m5edtQ8ovwGvyavLYVvllpEOBCPV6FOg=="
    },
    "integrity": "sha256-mWh6/Bnzrq9WUYpakEiRO+mP2xzb3aGVYQNbTGaEok8= sha512-aiPOII5izHrdOgPTPnu7eRUpgIAkqx8s2gxV9NTxAjGQ4p//jec+g3m5edtQ8ovwGvyavLYVvllpEOBCPV6FOg==",
    "path": "/js/i18n/lv.js"
  },
  "@/js/i18n/lv.min.js": {
    "hashes": {
      "sha256": "aSKXpHdcdZlsW3G/DkSZHhp6G9/C10o4sTgYKrsW1vA=",
      "sha512": "Mhcn6qcwJKAPwVEntysG+TFe94V1Qy/3EuEdt4w/iXxBBPE3mD7szHijrt5HdRFiNfxE2Pu0LUcmtDijT/NSEA=="
    },
    "integrity": "sha256-aSKXpHdcdZlsW3G/DkSZHhp6G9/C10o4sTgYKrsW1vA= sha512-Mhcn6qcwJKAPwVEntysG+TFe94V1Qy/3EuEdt4w/iXxBBPE3mD7szHijrt5HdRFiNfxE2Pu0LUcmtDijT/NSEA==",
    "path": "/js/i18n/lv.min.js"
  },
  "@/js/i18n/nl.js": {
    "hashes": {
      "sha256": "XGmU8rMJeRjYp0cojKQOV5YqGPP76lu3yC5Qn0JiYVI=",
      "sha512": "ZZMrFmGoVTdJN1mkg9gvW011hziz7hG+b5+52Wb2APWLHi/Twubfrrbp3bcza9FhFHco60SKweBKpg9498hauQ=="
    },
    "integrity": "sha256-XGmU8rMJeRjYp0cojKQOV5YqGPP76lu3yC5Qn0JiYVI= sha512-ZZMrFmGoVTdJN1mkg9gvW011hziz7hG+b5+52Wb2APWLHi/Twubfrrbp3bcza9FhFHco60SKweBKpg9498hauQ==",
    "path": "/js/i18n/nl.js"
  },
  "@/js/i18n/nl.min.js": {
    "hashes": {
      "sha256": "XPA7Cug56TZIEeiVjaYmJE+Hf4C9bSf5GscHTI7m8nQ=",
      "sha512": "wc3ZFy5nMWR+kbrhl7hF6CiydINcu5SBGTP/KOilvcATV3hWSqkSP0ooRX3yNqqr7TVO05U6+5APLT2hyWiWfQ=="
    },
    "integrity": "sha256-XPA7Cug56TZIEeiVjaYmJE+Hf4C9bSf5GscHTI7m8nQ= sha512-wc3ZFy5nMWR+kbrhl7hF6CiydINcu5SBGTP/KOilvcATV3hWSqkSP0ooRX3yNqqr7TVO05U6+5APLT2hyWiWfQ==",
    "path": "/js/i18n/nl.min.js"
  },
  "@/js/i18n/pl.js": {
    "hashes": {
      "sha256": "C4c4409m5dEdIFGsChGtgHBdhfgkEwPSBx6IUZc5clQ=",
      "sha512": "6r3aI4yvF7A/xeMZhY6D0/wZoTz6dJWut8GrBjn4xnBunVhId/xD3L/ahEJeR4jIKRQyYo7zV5wszIMqq4qM4A=="
    },
    "integrity": "sha256-C4c4409m5dEdIFGsChGtgHBdhfgkEwPSBx6IUZc5clQ= sha512-6r3aI4yvF7A/xeMZhY6D0/wZoTz6dJWut8GrBjn4xnBunVhId/xD3L/ahEJeR4jIKRQyYo7zV5wszIMqq4qM4A==",
    "path": "/js/i18n/pl.js"
  },
  "@/js/i18n/pl.min.js": {
    "hashes": {
      "sha256": "H9XBku41q6wtoLeVW9AtQIsRpHfvQhu0cbe3PGfCIXE=",
      "sha512": "N4FReC+86MwyZA32xi5n3/VIsWgf98m0ntvw5JeW3HTQrmnRtRn/W/7ZNFh8B3UEtSWOW2rUwFxfIKT9A3pbsw=="
    },
    "integrity": "sha256-H9XBku41q6wtoLeVW9AtQIsRpHfvQhu0cbe3PGfCIXE= sha512-N4FReC+86MwyZA32xi5n3/VIsWgf98m0ntvw5JeW3HTQrmnRtRn/W/7ZNFh8B3UEtSWOW2rUwFxfIKT9A3pbsw==",
    "path": "/js/i18n/pl.min.js"
  },
  "@/js/i18n/pt-BR.js": {
    "hashes": {
      "sha256": "85VAL6/K7/wUDw7eHvddg4PBPpnT5WXTvC4KN0dCbD8=",
      "sha512": "n2YA7tDWE8NkAN8xPoaPzLSOGQfk1WHe8oLiq8daMbDSGE8TtEqDcFn91kkyLIUaiX6MDKc6ghzXfEk7qHsTmQ=="
    },
    "integrity": "sha256-85VAL6/K7/wUDw7eHvddg4PBPpnT5WXTvC4KN0dCbD8= sha512-n2YA7tDWE8NkAN8xPoaPzLSOGQfk1WHe8oLiq8daMbDSGE8TtEqDcFn91kkyLIUaiX6MDKc6ghzXfEk7qHsTmQ==",
    "path": "/js/i18n/pt-BR.js"
  },
  "@/js/i18n/pt-BR.min.js": {
    "hashes": {
      "sha256": "ZuJbWJSwYFPlw7TodOGf/WKv8QRF/zjCRu8YmH3MCoI=",
      "sha512": "sRmrbvr88Ou+hdNFMgfvhC6v/OvSc+tUeAYk+xvwFbu351EioEJ5iw9uu2wqR21yM3TPqKwXnVJ7CoghGDexEw=="
    },
    "integrity": "sha256-ZuJbWJSwYFPlw7TodOGf/WKv8QRF/zjCRu8YmH3MCoI= sha512-sRmrbvr88Ou+hdNFMgfvhC6v/OvSc+tUeAYk+xvwFbu351EioEJ5iw9uu2wqR21yM3TPqKwXnVJ7CoghGDexEw==",
    "path": "/js/i18n/pt-BR.min.js"
  },
  "@/js/i18n/pt.js": {
    "hashes": {
      "sha256": "s5NYyjXgBTKn8fuHA27IsZQTfF38+o5iBnC5iKXWNcw=",
      "sha512": "0A6HA48fskKI8BBdcH8caolxHuT2TFjltn2X982uO7qwDK4ELEks8bTTyi9DzrCFIeS0UuQuCvxVLeclMDUrDA=="
    },
    "integrity": "sha256-s5NYyjXgBTKn8fuHA27IsZQTfF38+o5iBnC5iKXWNcw= sha512-0A6HA48fskKI8BBdcH8caolxHuT2TFjltn2X982uO7qwDK4ELEks8bTTyi9DzrCFIeS0UuQuCvxVLeclMDUrDA==",
    "path": "/js/i18n/pt.js"
  },
  "@/js/i18n/pt.min.js": {
    "hashes": {
      "sha256": "NfOPkJgxXS3q2gwCYUvUb7kpw9Q0Ta4p6dWL5WAZ2jM=",
      "sha512": "hm37GWvtCTdfYnMl8QwXp96CWbizCrxp0M8oLElIM0LdrMYzcP49oHve8saDjDJfWqoPONumH8F3oonHM2auAg=="
    },
    "integrity": "sha256-NfOPkJgxXS3q2gwCYUvUb7kpw9Q0Ta4p6dWL5WAZ2jM= sha512-hm37GWvtCTdfYnMl8QwXp96CWbizCrxp0M8oLElIM0LdrMYzcP49oHve8saDjDJfWqoPONumH8F3oonHM2auAg==",
    "path": "/js/i18n/pt.min.js"
  },
  "@/js/i18n/ru.js": {
    "hashes": {
      "sha256": "Dsd+GCFmU3w3/OB8vzlgkCj522qqeDhUlxTf/5f8PJI=",
      "sha512": "mWcEdYi+gw0TbCjnvez/Kn/Aj8XF4RmbZko5+wSxD8eiU+tNhd+8QmcYkZXOmRTIdV4/6EXOXCoJVLj6PyxfqQ=="
    },
    "integrity": "sha256-Dsd+GCFmU3w3/OB8vzlgkCj522qqeDhUlxTf/5f8PJI= sha512-mWcEdYi+gw0TbCjnvez/Kn/Aj8XF4RmbZko5+wSxD8eiU+tNhd+8QmcYkZXOmRTIdV4/6EXOXCoJVLj6PyxfqQ==",
    "path": "/js/i18n/ru.js"
  },
  "@/js/i18n/ru.min.js": {
    "hashes": {
      "sha256": "q4mClSHb3moHM6FFxocQcAdrRCR7CK3HMYQaAm9wSIs=",
      "sha512": "BLKoc97P334wD4g7Ah89O1+6M6/3fmkQ6enF9FtQOPE3j1P9guEVMvLf6qf+BA7/9lZMSqAreV8BTftVg5kRUA=="
    },
    "integrity": "sha256-q4mClSHb3moHM6FFxocQcAdrRCR7CK3HMYQaAm9wSIs= sha512-BLKoc97P334wD4g7Ah89O1+6M6/3fmkQ6enF9FtQOPE3j1P9guEVMvLf6qf+BA7/9lZMSqAreV8BTftVg5kRUA==",
    "path": "/js/i18n/ru.min.js"
  },
  "@/js/i18n/sk.js": {
    "hashes": {
      "sha256": "tbGLXRBvJuTWCTCjoRiZpcNpfhQe6Qb43UU0raQ4HKA=",
      "sha512": "gGIaaL3/Po4Ro8IZfJYNea+OCtgbWnB0Qj6rEnS01kfBzYr1QjeY0CS9btW4vacmABtO6aS3NP+1UChKbhjWag=="
    },
    "integrity": "sha256-tbGLXRBvJuTWCTCjoRiZpcNpfhQe6Qb43UU0raQ4HKA= sha512-gGIaaL3/Po4Ro8IZfJYNea+OCtgbWnB0Qj6rEnS01kfBzYr1QjeY0CS9btW4vacmABtO6aS3NP+1UChKbhjWag==",
    "path": "/js/i18n/sk.js"
  },
  "@/js/i18n/sk.min.js": {
    "hashes": {
      "sha256": "Aqk+JOGt/jspchVr14XHXtr5ma6sdDN37Dr15QKJTnk=",
      "sha512": "db1vkflUwAOM/9u0p7FB01L3m4PiPqdch0VL/uuiKxC/1cn2LknRYPPQhcKtf0et3et5CNz3dBWe9gIqVOk6OA=="
    },
    "integrity": "sha256-Aqk+JOGt/jspchVr14XHXtr5ma6sdDN37Dr15QKJTnk= sha512-db1vkflUwAOM/9u0p7FB01L3m4PiPqdch0VL/uuiKxC/1cn2LknRYPPQhcKtf0et3et5CNz3dBWe9gIqVOk6OA==",
    "path": "/js/i18n/sk.min.js"
  },
  "@/js/i18n/sq.js": {
    "hashes": {
      "sha256": "JePQULt4SP+6EAtfJrKLh5mOQ0GjTyexdu2M5ED3S+0=",
      "sha512": "rcRY5CijNq5ff/Xc346MKqStlrDsqhb2IH37GcScNG0rT3JR35CaaK6Wb054Ey3MJO8/EoZoyVKD/HNtUoubEA=="
    },
    "integrity": "sha256-JePQULt4SP+6EAtfJrKLh5mOQ0GjTyexdu2M5ED3S+0= sha512-rcRY5CijNq5ff/Xc346MKqStlrDsqhb2IH37GcScNG0rT3JR35CaaK6Wb054Ey3MJO8/EoZoyVKD/HNtUoubEA==",
    "path": "/js/i18n/sq.js"
  },
  "@/js/i18n/sq.min.js": {
    "hashes": {
      "sha256": "aBZXu5wm+HDCJ2DJeN2v0ZD4x5GCS9PiXTJF05WbGaU=",
      "sha512": "y9WWcWvb391nBkMzGxVs7D+I94jCd+nh+QYU1AEMb0a55LhZ7S8gatZ6SaTIRxrr2ta30OoX6sSihK+cOopjKg=="
    },
    "integrity": "sha256-aBZXu5wm+HDCJ2DJeN2v0ZD4x5GCS9PiXTJF05WbGaU= sha512-y9WWcWvb391nBkMzGxVs7D+I94jCd+nh+QYU1AEMb0a55LhZ7S8gatZ6SaTIRxrr2ta30OoX6sSihK+cOopjKg==",
    "path": "/js/i18n/sq.min.js"
  },
  "@/js/i18n/th.js": {
    "hashes": {
      "sha256": "G5Z4rGthkqD+wPSDW55boR9jUdvBo7YF+ty0doMhyFY=",
      "sha512": "3zxv275tOSoGWzMp7uVYn2CHQbWh4akLOfLtivtBDBgNmilgge5r+sQfx19GSjWJulv0GcvjJ6Z1LI+Ze7Lj/A=="
    },
    "integrity": "sha256-G5Z4rGthkqD+wPSDW55boR9jUdvBo7YF+ty0doMhyFY= sha512-3zxv275tOSoGWzMp7uVYn2CHQbWh4akLOfLtivtBDBgNmilgge5r+sQfx19GSjWJulv0GcvjJ6Z1LI+Ze7Lj/A==",
    "path": "/js/i18n/th.js"
  },
  "@/js/i18n/th.min.js": {
    "hashes": {
      "sha256": "MBH1TmuDZ7D3xwxeTJTqau354fLVgtk5TBl242tcr7c=",
      "sha512": "6wVwepfcvWMLmFCOU7Ik3x2+xDGHgD4QOpA77PUwAKlwvOucXDSQtx2Wrgsw58yguOSmJ72rVWLxioQd1u4eOw=="
    },
    "integrity": "sha256-MBH1TmuDZ7D3xwxeTJTqau354fLVgtk5TBl242tcr7c= sha512-6wVwepfcvWMLmFCOU7Ik3x2+xDGHgD4QOpA77PUwAKlwvOucXDSQtx2Wrgsw58yguOSmJ72rVWLxioQd1u4eOw==",
    "path": "/js/i18n/th.min.js"
  },
  "@/js/i18n/tr.js": {
    "hashes": {
      "sha256": "ItD/1rE0acvtv4npVgY/FImC6Zf0V/QI2L3x8O+P4hQ=",
      "sha512": "/FGI6D4WvhxZP/erusAaAwGsQTBJ8mxPYvW59D9XXPeRbqpxeLe0q+UhAor1ivNomZVdf+/wlp6v9ZTYPSfTRw=="
    },
    "integrity": "sha256-ItD/1rE0acvtv4npVgY/FImC6Zf0V/QI2L3x8O+P4hQ= sha512-/FGI6D4WvhxZP/erusAaAwGsQTBJ8mxPYvW59D9XXPeRbqpxeLe0q+UhAor1ivNomZVdf+/wlp6v9ZTYPSfTRw==",
    "path": "/js/i18n/tr.js"
  },
  "@/js/i18n/tr.min.js": {
    "hashes": {
      "sha256": "+YQi7aPqizwfSa99RVfJ2DgbrCjPdRDhgSQ3rsGpAlo=",
      "sha512": "gkWDpat+SmEU1JgcPDTHpXz1MF1XjXu+wOxTbUKqpiYByV1rumIvkbYFPHwZ6EA9T9AmotbOzycKvBp8a+z9+A=="
    },
    "integrity": "sha256-+YQi7aPqizwfSa99RVfJ2DgbrCjPdRDhgSQ3rsGpAlo= sha512-gkWDpat+SmEU1JgcPDTHpXz1MF1XjXu+wOxTbUKqpiYByV1rumIvkbYFPHwZ6EA9T9AmotbOzycKvBp8a+z9+A==",
    "path": "/js/i18n/tr.min.js"
  },
  "@/js/i18n/uk.js": {
    "hashes": {
      "sha256": "RVgMDDVlOT8LjSAski8imiNFDtZD9+AKl/bajNVubQw=",
      "sha512": "8xZXBt2sqMTuSABf+if+qrar6bjyHEZhYha9Rr9ba2lFHwwhJkbe+T7Y8iZqN8PMvsPAj/wN9ip1rks+66EBNA=="
    },
    "integrity": "sha256-RVgMDDVlOT8LjSAski8imiNFDtZD9+AKl/bajNVubQw= sha512-8xZXBt2sqMTuSABf+if+qrar6bjyHEZhYha9Rr9ba2lFHwwhJkbe+T7Y8iZqN8PMvsPAj/wN9ip1rks+66EBNA==",
    "path": "/js/i18n/uk.js"
  },
  "@/js/i18n/uk.min.js": {
    "hashes": {
      "sha256": "MkuceyWe/GCH58Ire2Gl6e2fN5TVmYRB/ecMlt+4Nvc=",
      "sha512": "Y/fUqFxVlp1/filw6lOQx8/zH/GEgmJoOJCvIdnDvXXuhH3BXtWdsURWWaMSTQZ/V59d9pHUQsRTxdefAZtIdA=="
    },
    "integrity": "sha256-MkuceyWe/GCH58Ire2Gl6e2fN5TVmYRB/ecMlt+4Nvc= sha512-Y/fUqFxVlp1/filw6lOQx8/zH/GEgmJoOJCvIdnDvXXuhH3BXtWdsURWWaMSTQZ/V59d9pHUQsRTxdefAZtIdA==",
    "path": "/js/i18n/uk.min.js"
  },
  "@/js/i18n/vi.js": {
    "hashes": {
      "sha256": "rxirFPcf1+nd9PDZi2ntqCmoJoXEkPxr350HPsAOHBQ=",
      "sha512": "KAcTj8b3/zA8QUBidDTOgwa4YFdvJ0b4wGrKslcihS2bISnjmIjgyeHhnDAAi8jyOqEH2UauQsbneE29PoMsMQ=="
    },
    "integrity": "sha256-rxirFPcf1+nd9PDZi2ntqCmoJoXEkPxr350HPsAOHBQ= sha512-KAcTj8b3/zA8QUBidDTOgwa4YFdvJ0b4wGrKslcihS2bISnjmIjgyeHhnDAAi8jyOqEH2UauQsbneE29PoMsMQ==",
    "path": "/js/i18n/vi.js"
  },
  "@/js/i18n/vi.min.js": {
    "hashes": {
      "sha256": "fN8wzsg4xmt3HjRYgDORGOh8sMi3zfseyB14IJbjDv8=",
      "sha512": "ZWB78L4Q6qRxv0C25HB/NKVy0SVBzauKv7b/j0WAp21oq9qcP7cUYqBdpRw6FRvoCpyq8HYYlw+/eXqKCZAbRg=="
    },
    "integrity": "sha256-fN8wzsg4xmt3HjRYgDORGOh8sMi3zfseyB14IJbjDv8= sha512-ZWB78L4Q6qRxv0C25HB/NKVy0SVBzauKv7b/j0WAp21oq9qcP7cUYqBdpRw6FRvoCpyq8HYYlw+/eXqKCZAbRg==",
    "path": "/js/i18n/vi.min.js"
  },
  "@/js/i18n/zh-Hans.js": {
    "hashes": {
      "sha256": "NGXNQT3ytuXWJeDuWpPBFZUhUfqJcBGoz1H6W2dPZCg=",
      "sha512": "3StDynXosM2ta+M64M2Dp4NYE8X00qcckDafu7u+TPGuBdmDMSk1pTu4b/1RfgTkHvTip4DNowRHrj8Yq2AM2g=="
    },
    "integrity": "sha256-NGXNQT3ytuXWJeDuWpPBFZUhUfqJcBGoz1H6W2dPZCg= sha512-3StDynXosM2ta+M64M2Dp4NYE8X00qcckDafu7u+TPGuBdmDMSk1pTu4b/1RfgTkHvTip4DNowRHrj8Yq2AM2g==",
    "path": "/js/i18n/zh-Hans.js"
  },
  "@/js/i18n/zh-Hans.min.js": {
    "hashes": {
      "sha256": "RTWKdwnAe32A4NYjbLOQyZWM3SGL4waTxr/0B+DbBK4=",
      "sha512": "xJtYXFgK1ASbPSPsoLWeuIVTBgk91WGGDZoLvcpdUxqZpVvbGaC157SJs5O/zAps3sYWpwMEjbjw7xspAzCfKg=="
    },
    "integrity": "sha256-RTWKdwnAe32A4NYjbLOQyZWM3SGL4waTxr/0B+DbBK4= sha512-xJtYXFgK1ASbPSPsoLWeuIVTBgk91WGGDZoLvcpdUxqZpVvbGaC157SJs5O/zAps3sYWpwMEjbjw7xspAzCfKg==",
    "path": "/js/i18n/zh-Hans.min.js"
  },
  "@/js/i18n/zh.js": {
    "hashes": {
      "sha256": "GmiBoelPg6rNN3unVt0nu0Es+dF+8x1dbR/1IUSEo8Y=",
      "sha512": "F/ks9wM+/MnJgORJAifCOVfE/UHeyIAquJzh14W3ZcHAdq35IPaHJo+NRFp0dZ+MtoY4q3/KK+031S+qk8jw3Q=="
    },
    "integrity": "sha256-GmiBoelPg6rNN3unVt0nu0Es+dF+8x1dbR/1IUSEo8Y= sha512-F/ks9wM+/MnJgORJAifCOVfE/UHeyIAquJzh14W3ZcHAdq35IPaHJo+NRFp0dZ+MtoY4q3/KK+031S+qk8jw3Q==",
    "path": "/js/i18n/zh.js"
  },
  "@/js/i18n/zh.min.js": {
    "hashes": {
      "sha256": "j3tKnwloQZedTmTbAH4nLBOizddhHN0tATBtCtypAhs=",
      "sha512": "rFXn9z/9IACABN2gOw1u9EtY+d/cTkTAEwXiTUiSjsMcHyPNxnvpdzuY0WrgQNsXmqZFka8SWGVnQSoqmHk5vg=="
    },
    "integrity": "sha256-j3tKnwloQZedTmTbAH4nLBOizddhHN0tATBtCtypAhs= sha512-rFXn9z/9IACABN2gOw1u9EtY+d/cTkTAEwXiTUiSjsMcHyPNxnvpdzuY0WrgQNsXmqZFka8SWGVnQSoqmHk5vg==",
    "path": "/js/i18n/zh.min.js"
  },
  "@/js/ie8-wet-boew.js": {
    "hashes": {
      "sha256": "q5SLiQWNNHdCCh/oBYx9uC9P0+anN0KFfUihrthBcxQ=",
      "sha512": "QJet9jhUPLc26wU+Al+94WCvbxRTvfgjKMhnVx/tKyGyreb9H9Ad5l/VBkhp92Wz7Uf3g7AivwOPpxBWz7dYUg=="
    },
    "integrity": "sha256-q5SLiQWNNHdCCh/oBYx9uC9P0+anN0KFfUihrthBcxQ= sha512-QJet9jhUPLc26wU+Al+94WCvbxRTvfgjKMhnVx/tKyGyreb9H9Ad5l/VBkhp92Wz7Uf3g7AivwOPpxBWz7dYUg==",
    "path": "/js/ie8-wet-boew.js"
  },
  "@/js/ie8-wet-boew.min.js": {
    "hashes": {
      "sha256": "sPGRwjxkUa7GO/AZauFq9G4Y1p1NHrjHA2mFruPtWMg=",
      "sha512": "JzyJvRPlRStAbYc5B30ljWs+cgsd7rHAjc92G6bGdfI5ge/psZfuFss2HYJPiMGRM5la02Cue2qYb8ufuJHOpg=="
    },
    "integrity": "sha256-sPGRwjxkUa7GO/AZauFq9G4Y1p1NHrjHA2mFruPtWMg= sha512-JzyJvRPlRStAbYc5B30ljWs+cgsd7rHAjc92G6bGdfI5ge/psZfuFss2HYJPiMGRM5la02Cue2qYb8ufuJHOpg==",
    "path": "/js/ie8-wet-boew.min.js"
  },
  "@/js/ie8-wet-boew2.js": {
    "hashes": {
      "sha256": "+NlRXDNV1ICSGyK+ReZeElFCdoTI2pROkqPSItdUA48=",
      "sha512": "hVZkHV1zxfkKdPndsuKQavemXAStgn+Qh6uB/dIKELkRaNkY+78wZhJEHNl6U1AHWOA8RXg64smpe8YVmsCDgg=="
    },
    "integrity": "sha256-+NlRXDNV1ICSGyK+ReZeElFCdoTI2pROkqPSItdUA48= sha512-hVZkHV1zxfkKdPndsuKQavemXAStgn+Qh6uB/dIKELkRaNkY+78wZhJEHNl6U1AHWOA8RXg64smpe8YVmsCDgg==",
    "path": "/js/ie8-wet-boew2.js"
  },
  "@/js/ie8-wet-boew2.min.js": {
    "hashes": {
      "sha256": "sPGRwjxkUa7GO/AZauFq9G4Y1p1NHrjHA2mFruPtWMg=",
      "sha512": "JzyJvRPlRStAbYc5B30ljWs+cgsd7rHAjc92G6bGdfI5ge/psZfuFss2HYJPiMGRM5la02Cue2qYb8ufuJHOpg=="
    },
    "integrity": "sha256-sPGRwjxkUa7GO/AZauFq9G4Y1p1NHrjHA2mFruPtWMg= sha512-JzyJvRPlRStAbYc5B30ljWs+cgsd7rHAjc92G6bGdfI5ge/psZfuFss2HYJPiMGRM5la02Cue2qYb8ufuJHOpg==",
    "path": "/js/ie8-wet-boew2.min.js"
  },
  "@/js/jquery/2.2.4/jquery.js": {
    "hashes": {
      "sha256": "iT6Q9iMJYuQiMWNd9lDyBUStIq/8PuOW33aOqmvFpqI=",
      "sha512": "OKuL2kpi8zfeXcqSXnGbL6tKc9JxWmppJY4mOSn1EsngRb7fx1N5+7wOTGqu2bI5OAYL3Og7/Beg7EsWG2OBKA=="
    },
    "integrity": "sha256-iT6Q9iMJYuQiMWNd9lDyBUStIq/8PuOW33aOqmvFpqI= sha512-OKuL2kpi8zfeXcqSXnGbL6tKc9JxWmppJY4mOSn1EsngRb7fx1N5+7wOTGqu2bI5OAYL3Og7/Beg7EsWG2OBKA==",
    "path": "/js/jquery/2.2.4/jquery.js"
  },
  "@/js/jquery/2.2.4/jquery.min.js": {
    "hashes": {
      "sha256": "BbhdlvQf/xTY9gja0Dq3HiwQF8LaCRTXxZKRutelT44=",
      "sha512": "DUC8yqWf7ez3JD1jszxCWSVB0DMP78eOyBpMa5aJki1bIRARykviOuImIczkxlj1KhVSyS16w2FSQetkD4UU2w=="
    },
    "integrity": "sha256-BbhdlvQf/xTY9gja0Dq3HiwQF8LaCRTXxZKRutelT44= sha512-DUC8yqWf7ez3JD1jszxCWSVB0DMP78eOyBpMa5aJki1bIRARykviOuImIczkxlj1KhVSyS16w2FSQetkD4UU2w==",
    "path": "/js/jquery/2.2.4/jquery.min.js"
  },
  "@/js/MathJax/mml-chtml.js": {
    "hashes": {
      "sha256": "kowaCzd7eMmd7w/5eNPgYGCrxPx9d7R+U97qGuaMXIc=",
      "sha512": "ahi3HkYPLQqwTJ6Sq4rMlSTW0gJM4ljigfssVIChi3FMTJkIzLp5stagHUzWmVF98vWVh3fZ9VdIkzlZL8nIog=="
    },
    "integrity": "sha256-kowaCzd7eMmd7w/5eNPgYGCrxPx9d7R+U97qGuaMXIc= sha512-ahi3HkYPLQqwTJ6Sq4rMlSTW0gJM4ljigfssVIChi3FMTJkIzLp5stagHUzWmVF98vWVh3fZ9VdIkzlZL8nIog==",
    "path": "/js/MathJax/mml-chtml.js"
  },
  "@/js/polyfills/datalist_dynamic.js": {
    "hashes": {
      "sha256": "1JickU7HR+j3+jKCwYP6yKJxSZ2SancC69EE4nJLmOk=",
      "sha512": "2poTQD5Awle1NOP5YXZXIrxLk5D7YrI/aeB0e2lFz8cO2ICKVmTPIFP7YhG92zOgIu34kKXSVaitPdLLS1U5xw=="
    },
    "integrity": "sha256-1JickU7HR+j3+jKCwYP6yKJxSZ2SancC69EE4nJLmOk= sha512-2poTQD5Awle1NOP5YXZXIrxLk5D7YrI/aeB0e2lFz8cO2ICKVmTPIFP7YhG92zOgIu34kKXSVaitPdLLS1U5xw==",
    "path": "/js/polyfills/datalist_dynamic.js"
  },
  "@/js/polyfills/datalist_dynamic.min.js": {
    "hashes": {
      "sha256": "GJ5zdHvxMo0sYubrJ1Djrf4f1iwkJY0o0sWnbo96g+k=",
      "sha512": "Rk2OrRQ2iTF8uG98MHYyI65Lc/buuTOdjGxHvqsh6mJi9yXeoTst/dGrgv9iBnN2tJZW1Gq7Uv9uYBTt4aDfDw=="
    },
    "integrity": "sha256-GJ5zdHvxMo0sYubrJ1Djrf4f1iwkJY0o0sWnbo96g+k= sha512-Rk2OrRQ2iTF8uG98MHYyI65Lc/buuTOdjGxHvqsh6mJi9yXeoTst/dGrgv9iBnN2tJZW1Gq7Uv9uYBTt4aDfDw==",
    "path": "/js/polyfills/datalist_dynamic.min.js"
  },
  "@/js/polyfills/datalist.js": {
    "hashes": {
      "sha256": "GyJOOKV+DD4Q61WTPMhOPQGFl7dPwX72wqKnn9oC+CQ=",
      "sha512": "yI7IsShREsDk+8oTjRB/xefudh2XZE21oMI7HP5y72+sVyqVsoYHb7TOjnPS4pVoKcH+Bd//RXVtY4lBPE7S0A=="
    },
    "integrity": "sha256-GyJOOKV+DD4Q61WTPMhOPQGFl7dPwX72wqKnn9oC+CQ= sha512-yI7IsShREsDk+8oTjRB/xefudh2XZE21oMI7HP5y72+sVyqVsoYHb7TOjnPS4pVoKcH+Bd//RXVtY4lBPE7S0A==",
    "path": "/js/polyfills/datalist.js"
  },
  "@/js/polyfills/datalist.min.js": {
    "hashes": {
      "sha256": "L6x+jChmeKxZjLvyi51/EZhGnRR1/z+FL6PDlSpjh+I=",
      "sha512": "JOv1n/53319LuTjPmUX1ZrVgY24lMJNroJwmbB1rLwNqGgtZqYxdnesf4hQzBlttFlHMMt86j0YhqjD+yMUcVQ=="
    },
    "integrity": "sha256-L6x+jChmeKxZjLvyi51/EZhGnRR1/z+FL6PDlSpjh+I= sha512-JOv1n/53319LuTjPmUX1ZrVgY24lMJNroJwmbB1rLwNqGgtZqYxdnesf4hQzBlttFlHMMt86j0YhqjD+yMUcVQ==",
    "path": "/js/polyfills/datalist.min.js"
  },
  "@/js/polyfills/datepicker.js": {
    "hashes": {
      "sha256": "dJmAiwHZIbsBBH2lqDiEc9qT0biLtbOJMvqljxY35+s=",
      "sha512": "yXs6lJMuMs/N4qBA6tgnyy/8UHvcqUKmnXqdyZzWwNOwq4U0rgLAmlnxDwrTEfS6igY3n8/xI0ae1N18EgVUFg=="
    },
    "integrity": "sha256-dJmAiwHZIbsBBH2lqDiEc9qT0biLtbOJMvqljxY35+s= sha512-yXs6lJMuMs/N4qBA6tgnyy/8UHvcqUKmnXqdyZzWwNOwq4U0rgLAmlnxDwrTEfS6igY3n8/xI0ae1N18EgVUFg==",
    "path": "/js/polyfills/datepicker.js"
  },
  "@/js/polyfills/datepicker.min.js": {
    "hashes": {
      "sha256": "xte3VGbgrXlnel4qdXhMM6Ik/lMfn4DuE+ATZakDHw0=",
      "sha512": "FPc4BAqAg35n9LcNG34CESjNZ6Fd4M+llOY8MKjhIhe+GuT//fuci6F7++3WAsqLDqmRDPU3a5yfQkBJCEn+HQ=="
    },
    "integrity": "sha256-xte3VGbgrXlnel4qdXhMM6Ik/lMfn4DuE+ATZakDHw0= sha512-FPc4BAqAg35n9LcNG34CESjNZ6Fd4M+llOY8MKjhIhe+GuT//fuci6F7++3WAsqLDqmRDPU3a5yfQkBJCEn+HQ==",
    "path": "/js/polyfills/datepicker.min.js"
  },
  "@/js/polyfills/details.js": {
    "hashes": {
      "sha256": "VbtaGy6nm0rUix1ESDXZBOuruFoYPLWcQEVvJyHVQ7s=",
      "sha512": "GVbgXweQbBKB6pt4znNSk265dv7N1QQ0lOYq3QELrEauWSVaIrRC+qcTXrqoHVr8GQuoVtA5uh0FL3hKxCDT9Q=="
    },
    "integrity": "sha256-VbtaGy6nm0rUix1ESDXZBOuruFoYPLWcQEVvJyHVQ7s= sha512-GVbgXweQbBKB6pt4znNSk265dv7N1QQ0lOYq3QELrEauWSVaIrRC+qcTXrqoHVr8GQuoVtA5uh0FL3hKxCDT9Q==",
    "path": "/js/polyfills/details.js"
  },
  "@/js/polyfills/details.min.js": {
    "hashes": {
      "sha256": "9A9Km/tJqnXk/MoS4QD37H1bouW77xpimPpnaFz7zRE=",
      "sha512": "4Xc5T9jd2i912zyiV1h7yrqq0QrW2PfTHR6EpCRW5sGWRkYsYupoPRm8weYHeEdujS5rbAyQGXdRbs5avo6/Ag=="
    },
    "integrity": "sha256-9A9Km/tJqnXk/MoS4QD37H1bouW77xpimPpnaFz7zRE= sha512-4Xc5T9jd2i912zyiV1h7yrqq0QrW2PfTHR6EpCRW5sGWRkYsYupoPRm8weYHeEdujS5rbAyQGXdRbs5avo6/Ag==",
    "path": "/js/polyfills/details.min.js"
  },
  "@/js/polyfills/jawsariafixes.js": {
    "hashes": {
      "sha256": "Aye3vQN5MdkmWa3F1ZUxFZKtzLw3f+kmpJ4iXmGRN+U=",
      "sha512": "kqjvHmCO7M0KLbhb5sQRWZnEwMaYZB+bn5FxFTASQFr4iQhl6A/oUBNTFbYwsysh1Ze/d2xXeCLojSgy7tzf5g=="
    },
    "integrity": "sha256-Aye3vQN5MdkmWa3F1ZUxFZKtzLw3f+kmpJ4iXmGRN+U= sha512-kqjvHmCO7M0KLbhb5sQRWZnEwMaYZB+bn5FxFTASQFr4iQhl6A/oUBNTFbYwsysh1Ze/d2xXeCLojSgy7tzf5g==",
    "path": "/js/polyfills/jawsariafixes.js"
  },
  "@/js/polyfills/jawsariafixes.min.js": {
    "hashes": {
      "sha256": "u2ZH0Q4OpU7hdMA0E19AIvqCr0hYv4wgTmDpUHDb1Rw=",
      "sha512": "N3Tc1JTf0h+KbHt7ov7WT87ETtvN0G2fjlmvl8bZ4WUQZiZi9a80kfEPULEG4bMSlJfUxPp4aDTlqNS633T/bg=="
    },
    "integrity": "sha256-u2ZH0Q4OpU7hdMA0E19AIvqCr0hYv4wgTmDpUHDb1Rw= sha512-N3Tc1JTf0h+KbHt7ov7WT87ETtvN0G2fjlmvl8bZ4WUQZiZi9a80kfEPULEG4bMSlJfUxPp4aDTlqNS633T/bg==",
    "path": "/js/polyfills/jawsariafixes.min.js"
  },
  "@/js/polyfills/meter.js": {
    "hashes": {
      "sha256": "PsJtsc1C/z6mi4hlC83OUg9Dw//I3t26gfxEn85+v9s=",
      "sha512": "D3W2VmkVx0fSlsjTqD1En/DdgLsvXTImp8q4GPZ/Dtps6laY5JeN68zHll9uxJ2EOnygh+q8DyK+cVTH2fe+5A=="
    },
    "integrity": "sha256-PsJtsc1C/z6mi4hlC83OUg9Dw//I3t26gfxEn85+v9s= sha512-D3W2VmkVx0fSlsjTqD1En/DdgLsvXTImp8q4GPZ/Dtps6laY5JeN68zHll9uxJ2EOnygh+q8DyK+cVTH2fe+5A==",
    "path": "/js/polyfills/meter.js"
  },
  "@/js/polyfills/meter.min.js": {
    "hashes": {
      "sha256": "8dKhPiXczFUhrdkUZTCnUI7OERQgh0v71NVVkNEXojI=",
      "sha512": "dagnhVrJEfIXf+XrBa0E/MlFO9tztR51JokMnHsP33KUfz2HebK9lznkgtnCzsI/yKD4xRWFJnK2iu3hk2tBKQ=="
    },
    "integrity": "sha256-8dKhPiXczFUhrdkUZTCnUI7OERQgh0v71NVVkNEXojI= sha512-dagnhVrJEfIXf+XrBa0E/MlFO9tztR51JokMnHsP33KUfz2HebK9lznkgtnCzsI/yKD4xRWFJnK2iu3hk2tBKQ==",
    "path": "/js/polyfills/meter.min.js"
  },
  "@/js/polyfills/mobile.js": {
    "hashes": {
      "sha256": "jif02hD3oz2hlCFxgIWNxU/Gz5soxYIbmtAooS5gAGA=",
      "sha512": "+RCHsTy0XsBO6mFNOvzTNai9YnWWIY5UqxGnkxBw9MCsW0Dx5xVhtmSbzjgWsrohLyrqbNe9Kqgstbgv8wInQQ=="
    },
    "integrity": "sha256-jif02hD3oz2hlCFxgIWNxU/Gz5soxYIbmtAooS5gAGA= sha512-+RCHsTy0XsBO6mFNOvzTNai9YnWWIY5UqxGnkxBw9MCsW0Dx5xVhtmSbzjgWsrohLyrqbNe9Kqgstbgv8wInQQ==",
    "path": "/js/polyfills/mobile.js"
  },
  "@/js/polyfills/mobile.min.js": {
    "hashes": {
      "sha256": "a/gusl+UPn+pgkKjbkCTPpNOoxMjAfDEMZEHkXN+Sj8=",
      "sha512": "QN47GXmkBTcjY59guHh0BXhdP00NBPrufjBlBQyZc2bAnWi3UHh5eARn440Nx9Np9OYjSAkQqOejjIOPBLXikw=="
    },
    "integrity": "sha256-a/gusl+UPn+pgkKjbkCTPpNOoxMjAfDEMZEHkXN+Sj8= sha512-QN47GXmkBTcjY59guHh0BXhdP00NBPrufjBlBQyZc2bAnWi3UHh5eARn440Nx9Np9OYjSAkQqOejjIOPBLXikw==",
    "path": "/js/polyfills/mobile.min.js"
  },
  "@/js/polyfills/progress.js": {
    "hashes": {
      "sha256": "Svcjp/YUwOqMM7M0H6BcEeV+L23C5PHHaREFAHgTKy0=",
      "sha512": "sQFBM5zVEfAXzm7UAlrSbTpp7CixOAS4AGSaI//Na3AUeCn0gSpOECf0MZKzoRtDm78tmrvbOkRAGea1BCByiw=="
    },
    "integrity": "sha256-Svcjp/YUwOqMM7M0H6BcEeV+L23C5PHHaREFAHgTKy0= sha512-sQFBM5zVEfAXzm7UAlrSbTpp7CixOAS4AGSaI//Na3AUeCn0gSpOECf0MZKzoRtDm78tmrvbOkRAGea1BCByiw==",
    "path": "/js/polyfills/progress.js"
  },
  "@/js/polyfills/progress.min.js": {
    "hashes": {
      "sha256": "OWYkZJvzFMymTuP9ZePgS+MVSuFj+IzrsEIf/3MivUY=",
      "sha512": "iJXF9f63Lq5tANgsl0meLy5qs8TN1nCYIYuYvVlG0YsRmAYJOxovvZG83M3bjwMyeT+z0LeX3m+F/Fxui570iw=="
    },
    "integrity": "sha256-OWYkZJvzFMymTuP9ZePgS+MVSuFj+IzrsEIf/3MivUY= sha512-iJXF9f63Lq5tANgsl0meLy5qs8TN1nCYIYuYvVlG0YsRmAYJOxovvZG83M3bjwMyeT+z0LeX3m+F/Fxui570iw==",
    "path": "/js/polyfills/progress.min.js"
  },
  "@/js/polyfills/slider_wrapper.js": {
    "hashes": {
      "sha256": "X4PaEd7STg3sO/AHzAtX6Lktha0IeIR+pxl64Oyz7TQ=",
      "sha512": "66GDW50TZDo23Xb/4S93hrfyRH1Q06YEzWbTdVCsbKvJI5xWt3RjjMvjhczWES2ung/oEKpHT1DACGtkhygd8A=="
    },
    "integrity": "sha256-X4PaEd7STg3sO/AHzAtX6Lktha0IeIR+pxl64Oyz7TQ= sha512-66GDW50TZDo23Xb/4S93hrfyRH1Q06YEzWbTdVCsbKvJI5xWt3RjjMvjhczWES2ung/oEKpHT1DACGtkhygd8A==",
    "path": "/js/polyfills/slider_wrapper.js"
  },
  "@/js/polyfills/slider_wrapper.min.js": {
    "hashes": {
      "sha256": "gPQKUbSt+yTExVUF2l7AkErT1rVo0ZmNj90lOe5c8O0=",
      "sha512": "nmKxt8Kg+K3rzh7Z4MVm9cVBvzAyQgssTgSfpgfSdAk4/83X5/I458cQfWET92rgO/wqIyc9FjpNDfgyIR7IxA=="
    },
    "integrity": "sha256-gPQKUbSt+yTExVUF2l7AkErT1rVo0ZmNj90lOe5c8O0= sha512-nmKxt8Kg+K3rzh7Z4MVm9cVBvzAyQgssTgSfpgfSdAk4/83X5/I458cQfWET92rgO/wqIyc9FjpNDfgyIR7IxA==",
    "path": "/js/polyfills/slider_wrapper.min.js"
  },
  "@/js/polyfills/slider.js": {
    "hashes": {
      "sha256": "gsUT5b0d3zYziAeQgjoAbDxmsBMSEHl7MJtGKF1bCMk=",
      "sha512": "viq+vfliLYfbR2ZVBVGNnG50XBYixRiM/7eEixUDj1q2jLNNaWfk1lMvqyrsSYbLzvaGm9B2u4/n2+v2g4Ix4g=="
    },
    "integrity": "sha256-gsUT5b0d3zYziAeQgjoAbDxmsBMSEHl7MJtGKF1bCMk= sha512-viq+vfliLYfbR2ZVBVGNnG50XBYixRiM/7eEixUDj1q2jLNNaWfk1lMvqyrsSYbLzvaGm9B2u4/n2+v2g4Ix4g==",
    "path": "/js/polyfills/slider.js"
  },
  "@/js/polyfills/slider.min.js": {
    "hashes": {
      "sha256": "kyH7hVmTP8FHU3fi08K83A8fxyiZ1gVzIoBBBlHngXc=",
      "sha512": "VYzb/Kjv8qSYdfCShc/KiTCM3XbSZ84yeJGwi6kIzOs/9gHIHRSwBFdWMzNObVCKu/61yExLsm0mVomYD0VCMw=="
    },
    "integrity": "sha256-kyH7hVmTP8FHU3fi08K83A8fxyiZ1gVzIoBBBlHngXc= sha512-VYzb/Kjv8qSYdfCShc/KiTCM3XbSZ84yeJGwi6kIzOs/9gHIHRSwBFdWMzNObVCKu/61yExLsm0mVomYD0VCMw==",
    "path": "/js/polyfills/slider.min.js"
  },
  "@/js/polyfills/svg.js": {
    "hashes": {
      "sha256": "SOa9FqnUyYxYUCnvQxR3iWkoqyiql6SE11bzhf2k9OI=",
      "sha512": "/9QUaQgSpK1+yDheej8UKJ2EKVKeuH6O96Vx9HZJgznnZckp2I3O/0ZN9CYQrsZFd8k1xVOmxHg6FF4P91E7Dw=="
    },
    "integrity": "sha256-SOa9FqnUyYxYUCnvQxR3iWkoqyiql6SE11bzhf2k9OI= sha512-/9QUaQgSpK1+yDheej8UKJ2EKVKeuH6O96Vx9HZJgznnZckp2I3O/0ZN9CYQrsZFd8k1xVOmxHg6FF4P91E7Dw==",
    "path": "/js/polyfills/svg.js"
  },
  "@/js/polyfills/svg.min.js": {
    "hashes": {
      "sha256": "1wDLXTJJRO9nPmjMw4mY144eMTZ3Tp/jGRElVYax+Zg=",
      "sha512": "aCOxCX4fbfQkZMbJiC6JvvVawLih/4ODpRI0etPwQTIVlg3Q4oBhgSJUqrnSmcrpIIptTL0d4qr7fBHBiPUORg=="
    },
    "integrity": "sha256-1wDLXTJJRO9nPmjMw4mY144eMTZ3Tp/jGRElVYax+Zg= sha512-aCOxCX4fbfQkZMbJiC6JvvVawLih/4ODpRI0etPwQTIVlg3Q4oBhgSJUqrnSmcrpIIptTL0d4qr7fBHBiPUORg==",
    "path": "/js/polyfills/svg.min.js"
  },
  "@/js/polyfills/test.js": {
    "hashes": {
      "sha256": "QyGPcXgnmpfleJikD2WbOw4jO7F+tVm6u+3hpea42A4=",
      "sha512": "65bhzUrD13XtiAbQ+oyIDE0q9p5VhAswVga4l3I58mDV8IbC/E82ItRcco7E0N63t3tftEYyN+i2fcUS30Rb9Q=="
    },
    "integrity": "sha256-QyGPcXgnmpfleJikD2WbOw4jO7F+tVm6u+3hpea42A4= sha512-65bhzUrD13XtiAbQ+oyIDE0q9p5VhAswVga4l3I58mDV8IbC/E82ItRcco7E0N63t3tftEYyN+i2fcUS30Rb9Q==",
    "path": "/js/polyfills/test.js"
  },
  "@/js/polyfills/test.min.js": {
    "hashes": {
      "sha256": "nTqHIFhpkPVbWH5WR+PYdv4r62hvw9UAv4b3ai9fdCQ=",
      "sha512": "HhrL2NeWL56y7pOSlxClTERhzF7PDeKR0jRoBnmXWwUMyKxUA0eK2bOqTqyIPuBNZIviOfy0mG1SCBix7Et2WA=="
    },
    "integrity": "sha256-nTqHIFhpkPVbWH5WR+PYdv4r62hvw9UAv4b3ai9fdCQ= sha512-HhrL2NeWL56y7pOSlxClTERhzF7PDeKR0jRoBnmXWwUMyKxUA0eK2bOqTqyIPuBNZIviOfy0mG1SCBix7Et2WA==",
    "path": "/js/polyfills/test.min.js"
  },
  "@/js/wet-boew.js": {
    "hashes": {
      "sha256": "T7fUexxIGDj9XfDLWEM14MXOzZ1IVWFbl/ygOX0XHBA=",
      "sha512": "KXQjtBJ9auBfB7LuE1KYxCqEQ+zpXV5l5D04qMce06ExSab/FIwXzZIxUCdEac0iNbF5jU3/cvh/Uo0nf4C5zQ=="
    },
    "integrity": "sha256-T7fUexxIGDj9XfDLWEM14MXOzZ1IVWFbl/ygOX0XHBA= sha512-KXQjtBJ9auBfB7LuE1KYxCqEQ+zpXV5l5D04qMce06ExSab/FIwXzZIxUCdEac0iNbF5jU3/cvh/Uo0nf4C5zQ==",
    "path": "/js/wet-boew.js"
  },
  "@/js/wet-boew.min.js": {
    "hashes": {
      "sha256": "NtNO1mOxLzJJ7awEcmGGNcWr+rdL2mTt8+uw6POddCI=",
      "sha512": "F5qZ7p6JLJHDnhVKhA0qn0kl+f6rVOtzTZxTlA81WRVqv+LJ9xFnrEGMofXFjVcwJMsI/PTM+wEp87MKV+UpaQ=="
    },
    "integrity": "sha256-NtNO1mOxLzJJ7awEcmGGNcWr+rdL2mTt8+uw6POddCI= sha512-F5qZ7p6JLJHDnhVKhA0qn0kl+f6rVOtzTZxTlA81WRVqv+LJ9xFnrEGMofXFjVcwJMsI/PTM+wEp87MKV+UpaQ==",
    "path": "/js/wet-boew.min.js"
  }
}