{
  "@/css/messages-ie.css": {
    "hashes": {
      "sha256": "t/U5uRaRdawf/NRboaIW+uEYgHj4R4zqnkTZfrB79pY=",
      "sha512": "+h2hg7fAJTiiJvUfgsQvw46IMwxntqhDx0FWvB2fUAkUfLgROTwMgAgX5rUoRr7uULfsICPsbzOJvsmAEpv0jw=="
    },
    "integrity": "sha256-t/U5uRaRdawf/NRboaIW+uEYgHj4R4zqnkTZfrB79pY= sha512-+h2hg7fAJTiiJvUfgsQvw46IMwxntqhDx0FWvB2fUAkUfLgROTwMgAgX5rUoRr7uULfsICPsbzOJvsmAEpv0jw==",
    "path": "/css/messages-ie.css"
  },
  "@/css/messages-ie.min.css": {
    "hashes": {
      "sha256": "N6ihNLKw6r3JJ2i3t1Lgc3Bww6rhAWaDYZjSjl8tHNA=",
      "sha512": "m5mz5Y1+QHhvTLYApeJBjGwu2dnylUIVmnjyeroUa+ErA3IpQHP+qmf78MG1LUbrTji9CNNamAjBzcGczeVYMQ=="
    },
    "integrity": "sha256-N6ihNLKw6r3JJ2i3t1Lgc3Bww6rhAWaDYZjSjl8tHNA= sha512-m5mz5Y1+QHhvTLYApeJBjGwu2dnylUIVmnjyeroUa+ErA3IpQHP+qmf78MG1LUbrTji9CNNamAjBzcGczeVYMQ==",
    "path": "/css/messages-ie.min.css"
  },
  "@/css/messages.css": {
    "hashes": {
      "sha256": "FfcGfCHo9uFFHPGNMA0YaZkdn2matDBne5ciLpfpQA4=",
      "sha512": "d25i0ECxMzZW9QNXI4wuqjacU3HUwEmBuKq5vADoxwqfiLkGixN1hKGMVGAzD+wkzQijker3nbRRhSR+7StGEw=="
    },
    "integrity": "sha256-FfcGfCHo9uFFHPGNMA0YaZkdn2matDBne5ciLpfpQA4= sha512-d25i0ECxMzZW9QNXI4wuqjacU3HUwEmBuKq5vADoxwqfiLkGixN1hKGMVGAzD+wkzQijker3nbRRhSR+7StGEw==",
    "path": "/css/messages.css"
  },
  "@/css/messages.min.css": {
    "hashes": {
      "sha256": "oJapVrAOuyar46A6KJK4xclyKQez3YovMAyv8AGWZcY=",
      "sha512": "QBZKO0CVAkSW9dS18C3lyAuYn28hOeq9xJNF/SAohqJ6fbmdrMULTU64bocDxwf+emuvePgzRJfTO2mzFpOIyg=="
    },
    "integrity": "sha256-oJapVrAOuyar46A6KJK4xclyKQez3YovMAyv8AGWZcY= sha512-QBZKO0CVAkSW9dS18C3lyAuYn28hOeq9xJNF/SAohqJ6fbmdrMULTU64bocDxwf+emuvePgzRJfTO2mzFpOIyg==",
    "path": "/css/messages.min.css"
  },
  "@/css/theme-srv.css": {
    "hashes": {
      "sha256": "YDLwnjFlhCQ6kz5BwRMpEHZlyaPMUQFmKnGVtawfdZI=",
      "sha512": "WT3HdevB/0KtzfCZ69qVDsykmnlQTkAlnlocgE2wcnpXmT5tcFEW5HcgZ18WFZ2Z9NxmrFnFG6P/FZXoBxlRLw=="
    },
    "integrity": "sha256-YDLwnjFlhCQ6kz5BwRMpEHZlyaPMUQFmKnGVtawfdZI= sha512-WT3HdevB/0KtzfCZ69qVDsykmnlQTkAlnlocgE2wcnpXmT5tcFEW5HcgZ18WFZ2Z9NxmrFnFG6P/FZXoBxlRLw==",
    "path": "/css/theme-srv.css"
  },
  "@/css/theme-srv.min.css": {
    "hashes": {
      "sha256": "N5kA7uI4UDOSp4dazERBYV88V2rRd2ppK6z78ikn628=",
      "sha512": "Fmp8CprGRutIX79Ka5bzHKN0Brwbw475aJ0m+6y3e8ElH76a1CGgeUg7BUbCdYBw4brrgstA93rhJiO0VP8ekg=="
    },
    "integrity": "sha256-N5kA7uI4UDOSp4dazERBYV88V2rRd2ppK6z78ikn628= sha512-Fmp8CprGRutIX79Ka5bzHKN0Brwbw475aJ0m+6y3e8ElH76a1CGgeUg7BUbCdYBw4brrgstA93rhJiO0VP8ekg==",
    "path": "/css/theme-srv.min.css"
  },
  "@/css/theme.css": {
    "hashes": {
      "sha256": "QVGDQAWqAaXR4td2lTgXdHBygpZfCoOr2JQe9BP2ImQ=",
      "sha512": "1GolF/U3SbwES0CLfF/uTHUowZ3n5yNBsuowRjJCICbmIyxKeFDz2kqzYRbIruJi6IZ56qEO1q3psADI9k2ERg=="
    },
    "integrity": "sha256-QVGDQAWqAaXR4td2lTgXdHBygpZfCoOr2JQe9BP2ImQ= sha512-1GolF/U3SbwES0CLfF/uTHUowZ3n5yNBsuowRjJCICbmIyxKeFDz2kqzYRbIruJi6IZ56qEO1q3psADI9k2ERg==",
    "path": "/css/theme.css"
  },
  "@/css/theme.min.css": {
    "hashes": {
      "sha256": "2NMEXTLG6tyF6Q2Fziz4gjwPRtnxpLtlg+l+scJrc8w=",
      "sha512": "suQA/gH+eaub/R6jMGKhLO6rY8E+P4lvLXCrwhB3W/TfPcpAek7JqtJH0MHdv/MMcrRSfqhwCgUjKrsuimNtmw=="
    },
    "integrity": "sha256-2NMEXTLG6tyF6Q2Fziz4gjwPRtnxpLtlg+l+scJrc8w= sha512-suQA/gH+eaub/R6jMGKhLO6rY8E+P4lvLXCrwhB3W/TfPcpAek7JqtJH0MHdv/MMcrRSfqhwCgUjKrsuimNtmw==",
    "path": "/css/theme.min.css"
  },
  "@/css/wet-boew.css": {
    "hashes": {
      "sha256": "wvapPYZ9qngyH4vrIv13aVG/qzWwmWok1PMM7ysBI7s=",
      "sha512": "PXidKmL/HHdclCd5K1JuMyLHSWijEfLzBsmvmqarypVB2mrTq2d0dLijEzTdW0VFVGkx9kFj+Qn8UXS56v/HSw=="
    },
    "integrity": "sha256-wvapPYZ9qngyH4vrIv13aVG/qzWwmWok1PMM7ysBI7s= sha512-PXidKmL/HHdclCd5K1JuMyLHSWijEfLzBsmvmqarypVB2mrTq2d0dLijEzTdW0VFVGkx9kFj+Qn8UXS56v/HSw==",
    "path": "/css/wet-boew.css"
  },
  "@/css/wet-boew.min.css": {
    "hashes": {
      "sha256": "DMytC35/PqNiAKO479BF0ygIQjVnSfVB+sSPqwYpAv4=",
      "sha512": "0XyBiGHOWBE5NGR3g3r+0u6VM+WV+MmYzLpdDr3qsbCAUDJFu+YDnXoJ5LANlqzi9x15NJChBVjGmPW68hbNRg=="
    },
    "integrity": "sha256-DMytC35/PqNiAKO479BF0ygIQjVnSfVB+sSPqwYpAv4= sha512-0XyBiGHOWBE5NGR3g3r+0u6VM+WV+MmYzLpdDr3qsbCAUDJFu+YDnXoJ5LANlqzi9x15NJChBVjGmPW68hbNRg==",
    "path": "/css/wet-boew.min.css"
  },
  "@/js/theme.js": {
    "hashes": {
      "sha256": "ovYLg0NOaBEPyv3fH6vh6W/w8Wq8Q/jKku6HYEzJ89g=",
      "sha512": "v2kyEwHbaiDy9c8PKE/7zY/2+lrJxuNpXm/XhGE4m2e5SmM5MvqXNS95xTSzp/8TmblTgcZeDcGSlRC5+ss74w=="
    },
    "integrity": "sha256-ovYLg0NOaBEPyv3fH6vh6W/w8Wq8Q/jKku6HYEzJ89g= sha512-v2kyEwHbaiDy9c8PKE/7zY/2+lrJxuNpXm/XhGE4m2e5SmM5MvqXNS95xTSzp/8TmblTgcZeDcGSlRC5+ss74w==",
    "path": "/js/theme.js"
  },
  "@/js/theme.min.js": {
    "hashes": {
      "sha256": "E9wJVXU+piKz8R6LNoBELLEaF0AXRPx0IMA46iOz8oE=",
      "sha512": "XVgO0VP3NdYpZsNZduA4Hhbjd17qde2Xh6V+5KOUbCFwe98MRBigvhLlj6/qHJgGIonvPtaLws9EYhEiPuduWA=="
    },
    "integrity": "sha256-E9wJVXU+piKz8R6LNoBELLEaF0AXRPx0IMA46iOz8oE= sha512-XVgO0VP3NdYpZsNZduA4Hhbjd17qde2Xh6V+5KOUbCFwe98MRBigvhLlj6/qHJgGIonvPtaLws9EYhEiPuduWA==",
    "path": "/js/theme.min.js"
  },
  "@/méli-mélo/2021-03-trial.css": {
    "hashes": {
      "sha256": "+DwdIxdZXGXsD0m4+KuadENr1oCfSzOCANmcZs5U9rA=",
      "sha512": "w78vUNJiLMnJDudJysENTTsxktRhfrLEdt5mlVzpHzUtzgFmL3nr6FwCADaip//QUkaNSBF8JFJoJ8k5grInfw=="
    },
    "integrity": "sha256-+DwdIxdZXGXsD0m4+KuadENr1oCfSzOCANmcZs5U9rA= sha512-w78vUNJiLMnJDudJysENTTsxktRhfrLEdt5mlVzpHzUtzgFmL3nr6FwCADaip//QUkaNSBF8JFJoJ8k5grInfw==",
    "path": "/méli-mélo/2021-03-trial.css"
  },
  "@/méli-mélo/2021-03-trial.js": {
    "hashes": {
      "sha256": "MKDMUF1DiFPCzy/Z8kJDbi6AZ+KVpXw0dFdT7yFxmHY=",
      "sha512": "S8x8n37Trsaj1wrNK9xh5pdscb2sPlgjbp9PAQi89zP1mRwVSCQ2J2HbIhz87pklpnY6fE6R4pwyJA6uq8o06g=="
    },
    "integrity": "sha256-MKDMUF1DiFPCzy/Z8kJDbi6AZ+KVpXw0dFdT7yFxmHY= sha512-S8x8n37Trsaj1wrNK9xh5pdscb2sPlgjbp9PAQi89zP1mRwVSCQ2J2HbIhz87pklpnY6fE6R4pwyJA6uq8o06g==",
    "path": "/méli-mélo/2021-03-trial.js"
  },
  "@/méli-mélo/2021-03-trial.min.css": {
    "hashes": {
      "sha256": "VFsd7EDGNOZnYn4/DsVJp5yHLPmh/ef6C05L5sqQqoA=",
      "sha512": "esFAMBbwTIlM3fyNKv+MLBsGAA6xkQtYwq8A9/g2Mh6q9RiWBUlE6QoG3L2y7gAzwN1sdtDbvPv6F+5LfOYHjQ=="
    },
    "integrity": "sha256-VFsd7EDGNOZnYn4/DsVJp5yHLPmh/ef6C05L5sqQqoA= sha512-esFAMBbwTIlM3fyNKv+MLBsGAA6xkQtYwq8A9/g2Mh6q9RiWBUlE6QoG3L2y7gAzwN1sdtDbvPv6F+5LfOYHjQ==",
    "path": "/méli-mélo/2021-03-trial.min.css"
  },
  "@/méli-mélo/2021-03-trial.min.js": {
    "hashes": {
      "sha256": "+Ejh9Ufolq1+0LcBqFHHdsfHfbVX1qDDBTiZLpA2tk4=",
      "sha512": "8OIzXcOJ6sZJ3brHUDJy0Rvcjy9BU4zfDD9cehB/hShYqsrMMrIrHfehSxL9+s3qIxSe+dxhwDcyCePkeM1bQw=="
    },
    "integrity": "sha256-+Ejh9Ufolq1+0LcBqFHHdsfHfbVX1qDDBTiZLpA2tk4= sha512-8OIzXcOJ6sZJ3brHUDJy0Rvcjy9BU4zfDD9cehB/hShYqsrMMrIrHfehSxL9+s3qIxSe+dxhwDcyCePkeM1bQw==",
    "path": "/méli-mélo/2021-03-trial.min.js"
  },
  "@/méli-mélo/2021-04-gcaem.css": {
    "hashes": {
      "sha256": "V0kB7SknF0tiomT2u7hZNbNX59V0mrKNSEdFhHENm7g=",
      "sha512": "PENiAhh6xQ9Nc2xGXw96NKYs9x61V/6zLOKXVpYf+SUTKqCHqaj0fiGyw5G+q1GFdHGvd0XuwvqS0x+jDBmVvA=="
    },
    "integrity": "sha256-V0kB7SknF0tiomT2u7hZNbNX59V0mrKNSEdFhHENm7g= sha512-PENiAhh6xQ9Nc2xGXw96NKYs9x61V/6zLOKXVpYf+SUTKqCHqaj0fiGyw5G+q1GFdHGvd0XuwvqS0x+jDBmVvA==",
    "path": "/méli-mélo/2021-04-gcaem.css"
  },
  "@/méli-mélo/2021-04-gcaem.js": {
    "hashes": {
      "sha256": "GChdwl7oJ32uDn0EHMq8SSbogO1sZzKUTsBcnA5IQ+k=",
      "sha512": "ee5tp5aDacCSGgiECgzGa2/Bef1LnXUPKrcGlzyouKF5XIo9+KjS5oq7FFc95ifp3m5u5zdIHlVp1KV/ELxS4g=="
    },
    "integrity": "sha256-GChdwl7oJ32uDn0EHMq8SSbogO1sZzKUTsBcnA5IQ+k= sha512-ee5tp5aDacCSGgiECgzGa2/Bef1LnXUPKrcGlzyouKF5XIo9+KjS5oq7FFc95ifp3m5u5zdIHlVp1KV/ELxS4g==",
    "path": "/méli-mélo/2021-04-gcaem.js"
  },
  "@/méli-mélo/2021-04-gcaem.min.css": {
    "hashes": {
      "sha256": "R9vPmAHtziVHfsH3dKP07bFQFj1ysx7c20jkU39Bw5o=",
      "sha512": "wbTrGSLdsaCykoOvM1loRBKtFqhUOMXo7Ia9SGJDCNUfmRz8invULERS5nkCTeLQ5FDElN9903gHuioTbxELZw=="
    },
    "integrity": "sha256-R9vPmAHtziVHfsH3dKP07bFQFj1ysx7c20jkU39Bw5o= sha512-wbTrGSLdsaCykoOvM1loRBKtFqhUOMXo7Ia9SGJDCNUfmRz8invULERS5nkCTeLQ5FDElN9903gHuioTbxELZw==",
    "path": "/méli-mélo/2021-04-gcaem.min.css"
  },
  "@/méli-mélo/2021-04-gcaem.min.js": {
    "hashes": {
      "sha256": "r2uQqKp7MPcXHmoHvBIO4OxXE+Dxjy8U2tpBgOL8by4=",
      "sha512": "eGj6JC1tcVMnPBNYXaY2+sXZavct6UmzpGwaQ6UrtsiNL7Pt0//x3qIkgFLw7oIrnMv0DtQM2A/8s+mym1fM3A=="
    },
    "integrity": "sha256-r2uQqKp7MPcXHmoHvBIO4OxXE+Dxjy8U2tpBgOL8by4= sha512-eGj6JC1tcVMnPBNYXaY2+sXZavct6UmzpGwaQ6UrtsiNL7Pt0//x3qIkgFLw7oIrnMv0DtQM2A/8s+mym1fM3A==",
    "path": "/méli-mélo/2021-04-gcaem.min.js"
  },
  "@/méli-mélo/2022-06-banff.css": {
    "hashes": {
      "sha256": "2o/lf5oxkmcFvBDdJUlU5LrMxw9mFuMi9HGGEkixcvQ=",
      "sha512": "Nd00w3ZsJyb2ioLpPlCsZn7hZPvum4zoW4DxdCdIYu2S/Sawx6gKndA6cn/qvhTMccP5kH70H0du1F+BNrvAPQ=="
    },
    "integrity": "sha256-2o/lf5oxkmcFvBDdJUlU5LrMxw9mFuMi9HGGEkixcvQ= sha512-Nd00w3ZsJyb2ioLpPlCsZn7hZPvum4zoW4DxdCdIYu2S/Sawx6gKndA6cn/qvhTMccP5kH70H0du1F+BNrvAPQ==",
    "path": "/méli-mélo/2022-06-banff.css"
  },
  "@/méli-mélo/2022-06-banff.js": {
    "hashes": {
      "sha256": "47DEQpj8HBSa+/TImW+5JCeuQeRkm5NMpJWZG3hSuFU=",
      "sha512": "z4PhNX7vuL3xVChQ1m2AB9Yg5AULVxXcg/SpIdNs6c5H0NE8XYXysP+DGNKHfuwvY7kxvUdBeoGlODJ6+SfaPg=="
    },
    "integrity": "sha256-47DEQpj8HBSa+/TImW+5JCeuQeRkm5NMpJWZG3hSuFU= sha512-z4PhNX7vuL3xVChQ1m2AB9Yg5AULVxXcg/SpIdNs6c5H0NE8XYXysP+DGNKHfuwvY7kxvUdBeoGlODJ6+SfaPg==",
    "path": "/méli-mélo/2022-06-banff.js"
  },
  "@/méli-mélo/2022-06-banff.min.css": {
    "hashes": {
      "sha256": "uuUAxjhZoDiKnxzoaSS7W8ZZ5qL04qD22tRde0/pHkA=",
      "sha512": "OM7at+26Y4cIQb5BPwpwgEEXqFy824TGstyNNUWFk8njC7qgMwaqsEcxR+9E4TLOeEKbFiIr3XKi+fv1CLnt1g=="
    },
    "integrity": "sha256-uuUAxjhZoDiKnxzoaSS7W8ZZ5qL04qD22tRde0/pHkA= sha512-OM7at+26Y4cIQb5BPwpwgEEXqFy824TGstyNNUWFk8njC7qgMwaqsEcxR+9E4TLOeEKbFiIr3XKi+fv1CLnt1g==",
    "path": "/méli-mélo/2022-06-banff.min.css"
  },
  "@/méli-mélo/2022-06-banff.min.js": {
    "hashes": {
      "sha256": "wxgPSK8Z3SCqVA3feE+cCY+xWnxiyLf/WW3AA+4wXF0=",
      "sha512": "LqPLP3YZCAkivkf85Nqh7P1gf+daHlg9W0fESvkg927TitKf/R0Cm9/RhsvxrFSYQ54YQ6aMd7487XraSYoqpg=="
    },
    "integrity": "sha256-wxgPSK8Z3SCqVA3feE+cCY+xWnxiyLf/WW3AA+4wXF0= sha512-LqPLP3YZCAkivkf85Nqh7P1gf+daHlg9W0fESvkg927TitKf/R0Cm9/RhsvxrFSYQ54YQ6aMd7487XraSYoqpg==",
    "path": "/méli-mélo/2022-06-banff.min.js"
  },
  "@/méli-mélo/2023-10-mount-revelstoke.css": {
    "hashes": {
      "sha256": "00YoLtJdnL9BZARHlhwKqeKoY41NsuhzTdHk/QelAtE=",
      "sha512": "nNt1m8KbwaecvPlKkVZ2PSht5qA7OeJ5IT4hHFGlNODAtmUf3W2mU5Z2qk8mJFdTATIACabErBbuxWp2quplfw=="
    },
    "integrity": "sha256-00YoLtJdnL9BZARHlhwKqeKoY41NsuhzTdHk/QelAtE= sha512-nNt1m8KbwaecvPlKkVZ2PSht5qA7OeJ5IT4hHFGlNODAtmUf3W2mU5Z2qk8mJFdTATIACabErBbuxWp2quplfw==",
    "path": "/méli-mélo/2023-10-mount-revelstoke.css"
  },
  "@/méli-mélo/2023-10-mount-revelstoke.js": {
    "hashes": {
      "sha256": "p3E6B/ilDWIuITG5RfLqWPBayUxN1KmHFzO2GLKnlTI=",
      "sha512": "8FtPPIaVi9skn9VXvYVgIhtzXsnFOuhktDuek/qU8tq5eIwIIVk2JSO1qlPSX/4xD78eVdBYD3SV8ZcQYA1AfQ=="
    },
    "integrity": "sha256-p3E6B/ilDWIuITG5RfLqWPBayUxN1KmHFzO2GLKnlTI= sha512-8FtPPIaVi9skn9VXvYVgIhtzXsnFOuhktDuek/qU8tq5eIwIIVk2JSO1qlPSX/4xD78eVdBYD3SV8ZcQYA1AfQ==",
    "path": "/méli-mélo/2023-10-mount-revelstoke.js"
  },
  "@/méli-mélo/2023-10-mount-revelstoke.min.css": {
    "hashes": {
      "sha256": "sEyE+Hw+IbH0QY1ufhOiJT3GQw/y636Xk39yWf2ig6c=",
      "sha512": "Rl1mTsA8fJKjAjgHuqaFiSuCcKaZNJqSERCVi6RwpC9dOUGSluul0I28AD5OM7jWBttNHujZeOCZeCqo4uanMw=="
    },
    "integrity": "sha256-sEyE+Hw+IbH0QY1ufhOiJT3GQw/y636Xk39yWf2ig6c= sha512-Rl1mTsA8fJKjAjgHuqaFiSuCcKaZNJqSERCVi6RwpC9dOUGSluul0I28AD5OM7jWBttNHujZeOCZeCqo4uanMw==",
    "path": "/méli-mélo/2023-10-mount-revelstoke.min.css"
  },
  "@/méli-mélo/2023-10-mount-revelstoke.min.js": {
    "hashes": {
      "sha256": "7IFctrdbEAC2mzyKvlK+bFur9+lRsbEEO8QW+QX0nN4=",
      "sha512": "T87jYGnqrq2XXdIQQwPziImkymeeeN2X/JFM5+mdeKARTYESfNa7gtehPsPxdT4aRdTlx0A1gEZuD0rEpSiptw=="
    },
    "integrity": "sha256-7IFctrdbEAC2mzyKvlK+bFur9+lRsbEEO8QW+QX0nN4= sha512-T87jYGnqrq2XXdIQQwPziImkymeeeN2X/JFM5+mdeKARTYESfNa7gtehPsPxdT4aRdTlx0A1gEZuD0rEpSiptw==",
    "path": "/méli-mélo/2023-10-mount-revelstoke.min.js"
  },
  "@/méli-mélo/2024-09-kejimkujik.css": {
    "hashes": {
      "sha256": "/q3S3Ihd6jOI4nQcgkQM8EI85i0GyxJGuTm1WhSw0Z0=",
      "sha512": "Pyg06gJFlVYNJ/L1x5wKfYfXoLjiIyr3QbawIm+OuCGWKznM5Fa03Qh9QoidBOXADlIPW2CDNVYkTDiKcs9dNA=="
    },
    "integrity": "sha256-/q3S3Ihd6jOI4nQcgkQM8EI85i0GyxJGuTm1WhSw0Z0= sha512-Pyg06gJFlVYNJ/L1x5wKfYfXoLjiIyr3QbawIm+OuCGWKznM5Fa03Qh9QoidBOXADlIPW2CDNVYkTDiKcs9dNA==",
    "path": "/méli-mélo/2024-09-kejimkujik.css"
  },
  "@/méli-mélo/2024-09-kejimkujik.js": {
    "hashes": {
      "sha256": "p3E6B/ilDWIuITG5RfLqWPBayUxN1KmHFzO2GLKnlTI=",
      "sha512": "8FtPPIaVi9skn9VXvYVgIhtzXsnFOuhktDuek/qU8tq5eIwIIVk2JSO1qlPSX/4xD78eVdBYD3SV8ZcQYA1AfQ=="
    },
    "integrity": "sha256-p3E6B/ilDWIuITG5RfLqWPBayUxN1KmHFzO2GLKnlTI= sha512-8FtPPIaVi9skn9VXvYVgIhtzXsnFOuhktDuek/qU8tq5eIwIIVk2JSO1qlPSX/4xD78eVdBYD3SV8ZcQYA1AfQ==",
    "path": "/méli-mélo/2024-09-kejimkujik.js"
  },
  "@/méli-mélo/2024-09-kejimkujik.min.css": {
    "hashes": {
      "sha256": "oU315d0CzTPktkp/eelBkTo+cGnx22yI77k9jBtHv+s=",
      "sha512": "LVnJuPGfTjA+EJX8ohx9ML4iA1cjHVtT6hGn4yrMh8LxcETXDvVpSSvE+MfLkFF9029BWNwCPJrSGlBwMEQVjQ=="
    },
    "integrity": "sha256-oU315d0CzTPktkp/eelBkTo+cGnx22yI77k9jBtHv+s= sha512-LVnJuPGfTjA+EJX8ohx9ML4iA1cjHVtT6hGn4yrMh8LxcETXDvVpSSvE+MfLkFF9029BWNwCPJrSGlBwMEQVjQ==",
    "path": "/méli-mélo/2024-09-kejimkujik.min.css"
  },
  "@/méli-mélo/2024-09-kejimkujik.min.js": {
    "hashes": {
      "sha256": "7IFctrdbEAC2mzyKvlK+bFur9+lRsbEEO8QW+QX0nN4=",
      "sha512": "T87jYGnqrq2XXdIQQwPziImkymeeeN2X/JFM5+mdeKARTYESfNa7gtehPsPxdT4aRdTlx0A1gEZuD0rEpSiptw=="
    },
    "integrity": "sha256-7IFctrdbEAC2mzyKvlK+bFur9+lRsbEEO8QW+QX0nN4= sha512-T87jYGnqrq2XXdIQQwPziImkymeeeN2X/JFM5+mdeKARTYESfNa7gtehPsPxdT4aRdTlx0A1gEZuD0rEpSiptw==",
    "path": "/méli-mélo/2024-09-kejimkujik.min.js"
  },
  "@/méli-mélo/gc-thématique.css": {
    "hashes": {
      "sha256": "Ce4Q6WslXfz+9xo79rB1z63fDncV5D/ullolLu+fCGs=",
      "sha512": "cjaEEsJiiTAZwjeooA00+qDXspq3OmKGlz/YcYAjk8P45bKkpZY/BYvodFgU2FGw08XpvXvNs/+smQ++GGMKsA=="
    },
    "integrity": "sha256-Ce4Q6WslXfz+9xo79rB1z63fDncV5D/ullolLu+fCGs= sha512-cjaEEsJiiTAZwjeooA00+qDXspq3OmKGlz/YcYAjk8P45bKkpZY/BYvodFgU2FGw08XpvXvNs/+smQ++GGMKsA==",
    "path": "/méli-mélo/gc-thématique.css"
  },
  "@/méli-mélo/gc-thématique.js": {
    "hashes": {
      "sha256": "47DEQpj8HBSa+/TImW+5JCeuQeRkm5NMpJWZG3hSuFU=",
      "sha512": "z4PhNX7vuL3xVChQ1m2AB9Yg5AULVxXcg/SpIdNs6c5H0NE8XYXysP+DGNKHfuwvY7kxvUdBeoGlODJ6+SfaPg=="
    },
    "integrity": "sha256-47DEQpj8HBSa+/TImW+5JCeuQeRkm5NMpJWZG3hSuFU= sha512-z4PhNX7vuL3xVChQ1m2AB9Yg5AULVxXcg/SpIdNs6c5H0NE8XYXysP+DGNKHfuwvY7kxvUdBeoGlODJ6+SfaPg==",
    "path": "/méli-mélo/gc-thématique.js"
  },
  "@/méli-mélo/gc-thématique.min.css": {
    "hashes": {
      "sha256": "2LSlvKit0FrwfWj//Hf5hxedR4Aeh/c3BfEeqE1kwEc=",
      "sha512": "31SQ9WlyUAPrbL/sJK/tODlSEPdf5AGDBHUCz3AMF/eIvIO0s2fH1x7ZzvJ+y6SpqrTOPAdfd546GSGzM4PMxw=="
    },
    "integrity": "sha256-2LSlvKit0FrwfWj//Hf5hxedR4Aeh/c3BfEeqE1kwEc= sha512-31SQ9WlyUAPrbL/sJK/tODlSEPdf5AGDBHUCz3AMF/eIvIO0s2fH1x7ZzvJ+y6SpqrTOPAdfd546GSGzM4PMxw==",
    "path": "/méli-mélo/gc-thématique.min.css"
  },
  "@/méli-mélo/gc-thématique.min.js": {
    "hashes": {
      "sha256": "wxgPSK8Z3SCqVA3feE+cCY+xWnxiyLf/WW3AA+4wXF0=",
      "sha512": "LqPLP3YZCAkivkf85Nqh7P1gf+daHlg9W0fESvkg927TitKf/R0Cm9/RhsvxrFSYQ54YQ6aMd7487XraSYoqpg=="
    },
    "integrity": "sha256-wxgPSK8Z3SCqVA3feE+cCY+xWnxiyLf/WW3AA+4wXF0= sha512-LqPLP3YZCAkivkf85Nqh7P1gf+daHlg9W0fESvkg927TitKf/R0Cm9/RhsvxrFSYQ54YQ6aMd7487XraSYoqpg==",
    "path": "/méli-mélo/gc-thématique.min.js"
  }
}