<ImportExportXml xmlns:xsi="http://www.w3.org/2001/XMLSchema-instance" OrganizationVersion="9.2.24094.182" OrganizationSchemaType="Standard" CRMServerServiceabilityVersion="9.2.24094.00182">
  <Entities></Entities>
  <Roles></Roles>
  <Workflows></Workflows>
  <FieldSecurityProfiles></FieldSecurityProfiles>
  <Templates />
  <EntityMaps />
  <EntityRelationships />
  <OrganizationSettings />
  <optionsets />
  <CustomControls />
  <SolutionPluginAssemblies>
    <PluginAssembly FullName="CS.Wizard.Helpers, Version=1.0.0.0, Culture=neutral, PublicKeyToken=cf79128faafd1d49" PluginAssemblyId="200930ea-12c8-47e3-bf80-cad968022068" CustomizationLevel="1">
      <IsolationMode>2</IsolationMode>
      <SourceType>0</SourceType>
      <IntroducedVersion>1.0</IntroducedVersion>
      <FileName>/PluginAssemblies/CSWizardHelpers-200930EA-12C8-47E3-BF80-CAD968022068/CSWizardHelpers.dll</FileName>
      <PluginTypes>
        <PluginType AssemblyQualifiedName="CustomWorkflow.InitializeManifestFromWebLinkSet, CS.Wizard.Helpers, Version=1.0.0.0, Culture=neutral, PublicKeyToken=cf79128faafd1d49" PluginTypeId="b8b49d92-7a74-4b70-ad11-47dc1f68bcd9" Name="CustomWorkflow.InitializeManifestFromWebLinkSet">
          <FriendlyName>0f26361e-0571-4924-b3bc-27d66801fecb</FriendlyName>
          <WorkflowActivityGroupName>CS.Wizard.Helpers (1.0.0.0)</WorkflowActivityGroupName>
        </PluginType>
        <PluginType AssemblyQualifiedName="CustomWorkflow.UpdateJsonStep, CS.Wizard.Helpers, Version=1.0.0.0, Culture=neutral, PublicKeyToken=cf79128faafd1d49" PluginTypeId="e45ec00f-ca77-47e6-b5cb-8dd6ceb32ae7" Name="CustomWorkflow.UpdateJsonStep">
          <FriendlyName>3b5505ac-789b-46d7-a0e5-e8c76a02bce6</FriendlyName>
          <WorkflowActivityGroupName>CS.Wizard.Helpers (1.0.0.0)</WorkflowActivityGroupName>
        </PluginType>
        <PluginType AssemblyQualifiedName="CustomWorkflow.UpdateWizardFormManifest, CS.Wizard.Helpers, Version=1.0.0.0, Culture=neutral, PublicKeyToken=cf79128faafd1d49" PluginTypeId="b98a0162-48bb-41cf-b643-8925e70696f2" Name="CustomWorkflow.UpdateWizardFormManifest">
          <FriendlyName>5e7d3bc9-4fb8-4f17-93a2-7022e7699684</FriendlyName>
          <WorkflowActivityGroupName>CS.Wizard.Helpers (1.0.0.0)</WorkflowActivityGroupName>
        </PluginType>
      </PluginTypes>
    </PluginAssembly>
  </SolutionPluginAssemblies>
  <EntityDataProviders />
  <Languages>
    <Language>1033</Language>
    <Language>1036</Language>
  </Languages>
</ImportExportXml>