<powerpagecomponent powerpagecomponentid="68a7a77f-5a9a-ee11-be37-000d3aff3da3">
  <content>{
  "contentdisposition": 756150000,
  "enabletracking": false,
  "excludefromsearch": false,
  "hiddenfromsitemap": false,
  "parentpageid": "02c8957b-5a9a-ee11-be37-0022483c04c3",
  "partialurl": "sig-blk-en.svg",
  "publishingstateid": "e007803a-e299-ee11-be37-0022483c04c3"
}</content>
  <filecontent mimetype="application/octet-stream">sig-blk-en.svg</filecontent>
  <iscustomizable>1</iscustomizable>
  <name>sig-blk-en.svg</name>
  <powerpagecomponenttype>3</powerpagecomponenttype>
  <powerpagesiteid>
    <powerpagesiteid>27ad7a40-e299-ee11-be37-0022483c04c3</powerpagesiteid>
  </powerpagesiteid>
  <statecode>0</statecode>
  <statuscode>1</statuscode>
</powerpagecomponent>