<powerpagecomponent powerpagecomponentid="3b209b75-5a9a-ee11-be37-0022483c04c3">
  <content>{
  "contentdisposition": 756150000,
  "enabletracking": false,
  "excludefromsearch": false,
  "hiddenfromsitemap": false,
  "parentpageid": "11209b75-5a9a-ee11-be37-0022483c04c3",
  "partialurl": "urlmapping-doc-en.html",
  "publishingstateid": "e007803a-e299-ee11-be37-0022483c04c3"
}</content>
  <filecontent mimetype="application/octet-stream">urlmapping-doc-en.html</filecontent>
  <iscustomizable>1</iscustomizable>
  <name>urlmapping-doc-en.html</name>
  <powerpagecomponenttype>3</powerpagecomponenttype>
  <powerpagesiteid>
    <powerpagesiteid>27ad7a40-e299-ee11-be37-0022483c04c3</powerpagesiteid>
  </powerpagesiteid>
  <statecode>0</statecode>
  <statuscode>1</statuscode>
</powerpagecomponent>