<powerpagecomponent powerpagecomponentid="1c9cc03b-e299-ee11-be37-000d3aff3da3">
  <content>{
  "description": "Enables or disables Azure AD as an external identity provider. By default, it is set to true.",
  "value": "true"
}</content>
  <iscustomizable>1</iscustomizable>
  <name>Authentication/Registration/AzureADLoginEnabled</name>
  <powerpagecomponenttype>9</powerpagecomponenttype>
  <powerpagesiteid>
    <powerpagesiteid>27ad7a40-e299-ee11-be37-0022483c04c3</powerpagesiteid>
  </powerpagesiteid>
  <statecode>0</statecode>
  <statuscode>1</statuscode>
</powerpagecomponent>