<powerpagecomponent powerpagecomponentid="45066dac-b4c4-ee11-9079-0022483ccb4c">
  <content>{
  "isdefault": false,
  "type": 756150001,
  "usewebsiteheaderandfooter": true,
  "webtemplateid": "e9552da0-b4c4-ee11-9079-0022483ccb4c"
}</content>
  <iscustomizable>1</iscustomizable>
  <name>CS/HOME/WET</name>
  <powerpagecomponenttype>6</powerpagecomponenttype>
  <powerpagesiteid>
    <powerpagesiteid>27ad7a40-e299-ee11-be37-0022483c04c3</powerpagesiteid>
  </powerpagesiteid>
  <statecode>0</statecode>
  <statuscode>1</statuscode>
</powerpagecomponent>