<ImportExportXml xmlns:xsi="http://www.w3.org/2001/XMLSchema-instance" OrganizationVersion="9.2.24112.182" OrganizationSchemaType="Standard" CRMServerServiceabilityVersion="9.2.24112.00182">
  <Entities></Entities>
  <Roles></Roles>
  <Workflows></Workflows>
  <FieldSecurityProfiles></FieldSecurityProfiles>
  <Templates />
  <EntityMaps />
  <EntityRelationships />
  <OrganizationSettings />
  <optionsets />
  <CustomControls />
  <SolutionPluginAssemblies>
    <PluginAssembly FullName="FINTRAC.CustomWorkflowSteps, Version=1.0.0.0, Culture=neutral, PublicKeyToken=1336d6c13194ab6f" PluginAssemblyId="62d71f6f-7316-4c4c-8cb7-11518ce4ef40" CustomizationLevel="1">
      <IsolationMode>2</IsolationMode>
      <SourceType>0</SourceType>
      <IntroducedVersion>1.0</IntroducedVersion>
      <FileName>/PluginAssemblies/FINTRACCustomWorkflowSteps-62D71F6F-7316-4C4C-8CB7-11518CE4EF40/FINTRACCustomWorkflowSteps.dll</FileName>
      <PluginTypes>
        <PluginType AssemblyQualifiedName="FINTRAC.CustomWorkflowSteps.UpdateContactOrganization, FINTRAC.CustomWorkflowSteps, Version=1.0.0.0, Culture=neutral, PublicKeyToken=1336d6c13194ab6f" PluginTypeId="80dc4af8-6955-4d30-8760-42ad63c712ee" Name="FINTRAC.CustomWorkflowSteps.UpdateContactOrganization">
          <FriendlyName>fca1ae62-674b-4cdb-b3a9-8f4330832830</FriendlyName>
          <WorkflowActivityGroupName>FINTRAC.CustomWorkflowSteps (1.0.0.0)</WorkflowActivityGroupName>
        </PluginType>
      </PluginTypes>
    </PluginAssembly>
  </SolutionPluginAssemblies>
  <EntityDataProviders />
  <Languages>
    <Language>1033</Language>
    <Language>1036</Language>
  </Languages>
</ImportExportXml>