<powerpagecomponent powerpagecomponentid="4d33b0ab-5a9a-ee11-be37-0022483c04c3">
  <content>{
  "contentdisposition": 756150000,
  "enabletracking": false,
  "excludefromsearch": false,
  "hiddenfromsitemap": false,
  "parentpageid": "e7390fa9-5a9a-ee11-be37-0022483d081a",
  "partialurl": "meter.min.css",
  "publishingstateid": "e007803a-e299-ee11-be37-0022483c04c3"
}</content>
  <filecontent mimetype="application/octet-stream">meter.min.css</filecontent>
  <iscustomizable>1</iscustomizable>
  <name>meter.min.css</name>
  <powerpagecomponenttype>3</powerpagecomponenttype>
  <powerpagesiteid>
    <powerpagesiteid>27ad7a40-e299-ee11-be37-0022483c04c3</powerpagesiteid>
  </powerpagesiteid>
  <statecode>0</statecode>
  <statuscode>1</statuscode>
</powerpagecomponent>