<ImportExportXml xmlns:xsi="http://www.w3.org/2001/XMLSchema-instance" OrganizationVersion="9.2.24112.182" OrganizationSchemaType="Standard" CRMServerServiceabilityVersion="9.2.24112.00182">
  <Entities></Entities>
  <Roles></Roles>
  <Workflows></Workflows>
  <FieldSecurityProfiles></FieldSecurityProfiles>
  <Templates />
  <EntityMaps />
  <EntityRelationships />
  <OrganizationSettings />
  <optionsets />
  <CustomControls />
  <SolutionPluginAssemblies>
    <PluginAssembly FullName="CS.Wizard.Helpers, Version=1.0.0.0, Culture=neutral, PublicKeyToken=cf79128faafd1d49" PluginAssemblyId="200930ea-12c8-47e3-bf80-cad968022068" CustomizationLevel="1">
      <IsolationMode>2</IsolationMode>
      <SourceType>0</SourceType>
      <IntroducedVersion>1.0</IntroducedVersion>
      <FileName>/PluginAssemblies/CSWizardHelpers-200930EA-12C8-47E3-BF80-CAD968022068/CSWizardHelpers.dll</FileName>
      <PluginTypes>
        <PluginType AssemblyQualifiedName="CustomWorkflow.InitializeManifestFromWebLinkSet, CS.Wizard.Helpers, Version=1.0.0.0, Culture=neutral, PublicKeyToken=cf79128faafd1d49" PluginTypeId="8e7f9941-864a-485f-b6b7-504875e706df" Name="CustomWorkflow.InitializeManifestFromWebLinkSet">
          <FriendlyName>44ae2248-0963-4dc8-967d-fad75a345be3</FriendlyName>
          <WorkflowActivityGroupName>CS.Wizard.Helpers (1.0.0.0)</WorkflowActivityGroupName>
        </PluginType>
        <PluginType AssemblyQualifiedName="CustomWorkflow.UpdateContactOrganization, CS.Wizard.Helpers, Version=1.0.0.0, Culture=neutral, PublicKeyToken=cf79128faafd1d49" PluginTypeId="20467dcb-a501-4924-bb87-ea38b8133b00" Name="CustomWorkflow.UpdateContactOrganization">
          <FriendlyName>3d47e263-9e7e-4c99-bb39-9c230373168b</FriendlyName>
          <WorkflowActivityGroupName>CS.Wizard.Helpers (1.0.0.0)</WorkflowActivityGroupName>
        </PluginType>
        <PluginType AssemblyQualifiedName="CustomWorkflow.UpdateJsonStep, CS.Wizard.Helpers, Version=1.0.0.0, Culture=neutral, PublicKeyToken=cf79128faafd1d49" PluginTypeId="416c5733-5f1b-4c9a-8f0d-61678f6a0ab1" Name="CustomWorkflow.UpdateJsonStep">
          <FriendlyName>1e0adfd9-24d6-4fd7-8ca0-69eecb85cdfd</FriendlyName>
          <WorkflowActivityGroupName>CS.Wizard.Helpers (1.0.0.0)</WorkflowActivityGroupName>
        </PluginType>
        <PluginType AssemblyQualifiedName="CustomWorkflow.UpdateWizardFormManifest, CS.Wizard.Helpers, Version=1.0.0.0, Culture=neutral, PublicKeyToken=cf79128faafd1d49" PluginTypeId="98a7b64f-e861-4203-9cf0-cd81fb2d45d6" Name="CustomWorkflow.UpdateWizardFormManifest">
          <FriendlyName>b9a93fba-74f2-43c7-a678-da17322d7278</FriendlyName>
          <WorkflowActivityGroupName>CS.Wizard.Helpers (1.0.0.0)</WorkflowActivityGroupName>
        </PluginType>
      </PluginTypes>
    </PluginAssembly>
  </SolutionPluginAssemblies>
  <EntityDataProviders />
  <Languages>
    <Language>1033</Language>
    <Language>1036</Language>
  </Languages>
</ImportExportXml>