{
  "@/css/messages-ie.css": {
    "hashes": {
      "sha256": "1uZcbIfzw/KvqhNtI417avRiQWeXK5sZ1hmVsmerLp0=",
      "sha512": "EBXh9zO56lB+6DoqPRegVPx8+taz3HduEXtz3cMvzEr0E72LybPWbm0YAcXfCnNp9wPsMLvL9/AOHSZU0Q/IOQ=="
    },
    "integrity": "sha256-1uZcbIfzw/KvqhNtI417avRiQWeXK5sZ1hmVsmerLp0= sha512-EBXh9zO56lB+6DoqPRegVPx8+taz3HduEXtz3cMvzEr0E72LybPWbm0YAcXfCnNp9wPsMLvL9/AOHSZU0Q/IOQ==",
    "path": "/css/messages-ie.css"
  },
  "@/css/messages-ie.min.css": {
    "hashes": {
      "sha256": "385drwZ5K7tqAJ2OzKXx8ROBQUCps+EnnNFh/2wkToE=",
      "sha512": "IeDAozQ3XmQP4XQrmSvp17pjF5MvxoUOeCC/JGsuf4KRVfc67U7U7rU/MO0PEnqW9tuzeU3FWSD6FjRMl5p4rg=="
    },
    "integrity": "sha256-385drwZ5K7tqAJ2OzKXx8ROBQUCps+EnnNFh/2wkToE= sha512-IeDAozQ3XmQP4XQrmSvp17pjF5MvxoUOeCC/JGsuf4KRVfc67U7U7rU/MO0PEnqW9tuzeU3FWSD6FjRMl5p4rg==",
    "path": "/css/messages-ie.min.css"
  },
  "@/css/messages.css": {
    "hashes": {
      "sha256": "o6++YlRXS9z84JKJyt545PRF8ZEZbLCvLBRvkmW6jNs=",
      "sha512": "JD+SU1Epkxj0f67iPXSvZdlgC4hOxPd4q7dXTGorXFXFOD3NZZZKPntMP6j0S8QvxcpKXrYCzt9RK+XLTiGD0Q=="
    },
    "integrity": "sha256-o6++YlRXS9z84JKJyt545PRF8ZEZbLCvLBRvkmW6jNs= sha512-JD+SU1Epkxj0f67iPXSvZdlgC4hOxPd4q7dXTGorXFXFOD3NZZZKPntMP6j0S8QvxcpKXrYCzt9RK+XLTiGD0Q==",
    "path": "/css/messages.css"
  },
  "@/css/messages.min.css": {
    "hashes": {
      "sha256": "DDsjqhrE1hnZ3/XjCUFcetG6Cuo/vZcOM/8slDtOXBs=",
      "sha512": "utHIWB+pwhbqgoAaf4clvQ6s7i9YpDgjtQsXwd88N0ivH3oV3CNvypCTw/67EWv54Ra4QXDsjc9Pv3UBtGsEvQ=="
    },
    "integrity": "sha256-DDsjqhrE1hnZ3/XjCUFcetG6Cuo/vZcOM/8slDtOXBs= sha512-utHIWB+pwhbqgoAaf4clvQ6s7i9YpDgjtQsXwd88N0ivH3oV3CNvypCTw/67EWv54Ra4QXDsjc9Pv3UBtGsEvQ==",
    "path": "/css/messages.min.css"
  },
  "@/css/theme-srv.css": {
    "hashes": {
      "sha256": "EPPKeAzTx7HTzUOm/P8eqRUnhMfJXnjaSIDB8FuJAss=",
      "sha512": "VMrdqhy3JTY+RsGhGz9ttXBeVvVPmnODcsrfuuGXvs+7MEvDnAL3XIgcI+FktsQ5ETX8TjXDubjVm4ppO9pyXg=="
    },
    "integrity": "sha256-EPPKeAzTx7HTzUOm/P8eqRUnhMfJXnjaSIDB8FuJAss= sha512-VMrdqhy3JTY+RsGhGz9ttXBeVvVPmnODcsrfuuGXvs+7MEvDnAL3XIgcI+FktsQ5ETX8TjXDubjVm4ppO9pyXg==",
    "path": "/css/theme-srv.css"
  },
  "@/css/theme-srv.min.css": {
    "hashes": {
      "sha256": "dFIOkea9fpyzPwDHazelygcA+CxoBr/Qjn456+DLZxQ=",
      "sha512": "jjFgZZkBLbqB3cy6tPLA4Cn+o+I6BHrTxFSO3/pw7opaUj+NrvLPpdxIq3IDnv6Nzs+lKwRGdUReR2CZIgonGQ=="
    },
    "integrity": "sha256-dFIOkea9fpyzPwDHazelygcA+CxoBr/Qjn456+DLZxQ= sha512-jjFgZZkBLbqB3cy6tPLA4Cn+o+I6BHrTxFSO3/pw7opaUj+NrvLPpdxIq3IDnv6Nzs+lKwRGdUReR2CZIgonGQ==",
    "path": "/css/theme-srv.min.css"
  },
  "@/css/theme.css": {
    "hashes": {
      "sha256": "NpCNvLuGIq/qpYafzunW25iHTRLFCIuudQp+AJ014N0=",
      "sha512": "8HZF8a2P9Vjr2xX7rJysW6ph4fR8mo05RGvq2W9UNFNlAe/2i3Y4gif76pb6NY4ccJRo9gDBH2hcfasCg8AGPg=="
    },
    "integrity": "sha256-NpCNvLuGIq/qpYafzunW25iHTRLFCIuudQp+AJ014N0= sha512-8HZF8a2P9Vjr2xX7rJysW6ph4fR8mo05RGvq2W9UNFNlAe/2i3Y4gif76pb6NY4ccJRo9gDBH2hcfasCg8AGPg==",
    "path": "/css/theme.css"
  },
  "@/css/theme.min.css": {
    "hashes": {
      "sha256": "DaSOz043aMTsEyZPpIuAWGLYPAQV3LM+axgsMqT6OyU=",
      "sha512": "heJQZNxo12eCo9RpLmtYiBXgP91Wr6iIaoHcXakYkmFznWBEJQzx43VRibu42mE7FJru8EW0kuIeGubyo6h+mg=="
    },
    "integrity": "sha256-DaSOz043aMTsEyZPpIuAWGLYPAQV3LM+axgsMqT6OyU= sha512-heJQZNxo12eCo9RpLmtYiBXgP91Wr6iIaoHcXakYkmFznWBEJQzx43VRibu42mE7FJru8EW0kuIeGubyo6h+mg==",
    "path": "/css/theme.min.css"
  },
  "@/css/wet-boew.css": {
    "hashes": {
      "sha256": "dU4eruiEIqe8cI7vTUSsaLR/w8Y9vpV1T9BUI/yuKGw=",
      "sha512": "GF9uzJWZS6mh12chg6kZIw9OohSz6ZBtvKn/1fb/X8BBCOhAL/r86TYhbsOGvaDgHhpp9BQS4n/tTOP2osoKtw=="
    },
    "integrity": "sha256-dU4eruiEIqe8cI7vTUSsaLR/w8Y9vpV1T9BUI/yuKGw= sha512-GF9uzJWZS6mh12chg6kZIw9OohSz6ZBtvKn/1fb/X8BBCOhAL/r86TYhbsOGvaDgHhpp9BQS4n/tTOP2osoKtw==",
    "path": "/css/wet-boew.css"
  },
  "@/css/wet-boew.min.css": {
    "hashes": {
      "sha256": "5hldfglq3WMb/+TWOuGgOGwQoam4DBKJguyVC/nYwXA=",
      "sha512": "ZxHJLYFQ+JQ3WNqrcZxRW4sDIyJ5aQ2/Phaw0U+FGqToQB1JnhXWuLH2BaLZ0VAiLWrUnvZb+idaU9HjOUHChQ=="
    },
    "integrity": "sha256-5hldfglq3WMb/+TWOuGgOGwQoam4DBKJguyVC/nYwXA= sha512-ZxHJLYFQ+JQ3WNqrcZxRW4sDIyJ5aQ2/Phaw0U+FGqToQB1JnhXWuLH2BaLZ0VAiLWrUnvZb+idaU9HjOUHChQ==",
    "path": "/css/wet-boew.min.css"
  },
  "@/js/theme.js": {
    "hashes": {
      "sha256": "lx7RlGK7DM/oGty3q1674Oomw1WsjLWJOkK+jcSHnbw=",
      "sha512": "QPn3FkSvXo0EjvR5GkdvTH+8erycUeI7lfEn9WONtTz11gf4EyYrlO1fGvA/Vmvq14DjQYHfH4eP4Uv0yjm+zQ=="
    },
    "integrity": "sha256-lx7RlGK7DM/oGty3q1674Oomw1WsjLWJOkK+jcSHnbw= sha512-QPn3FkSvXo0EjvR5GkdvTH+8erycUeI7lfEn9WONtTz11gf4EyYrlO1fGvA/Vmvq14DjQYHfH4eP4Uv0yjm+zQ==",
    "path": "/js/theme.js"
  },
  "@/js/theme.min.js": {
    "hashes": {
      "sha256": "BeDzXV8I0Idd3xnl+bNVPP0ukYTvEPk/veaFB7Y4vz0=",
      "sha512": "2YAtBC5ZrSotWc86CYzlfmiqEs1euOtL24XlSiGiFwtVZ1AJ/ettVeztHKYtp//xuX9r/lUEoPt6SsPE5YMX4w=="
    },
    "integrity": "sha256-BeDzXV8I0Idd3xnl+bNVPP0ukYTvEPk/veaFB7Y4vz0= sha512-2YAtBC5ZrSotWc86CYzlfmiqEs1euOtL24XlSiGiFwtVZ1AJ/ettVeztHKYtp//xuX9r/lUEoPt6SsPE5YMX4w==",
    "path": "/js/theme.min.js"
  },
  "@/méli-mélo/2021-03-trial.css": {
    "hashes": {
      "sha256": "xYVy79ibaQvDwh0kXWLfvHW1fA9QuOGrdYfZZNGuYOo=",
      "sha512": "t7vNwVezcBPwLKJVOgMFogga9rvWZURi9e6jcbogtTOBCw5uysR6PjsyV1LCqOgw5HIO++0oiVESs1pT8ucIsw=="
    },
    "integrity": "sha256-xYVy79ibaQvDwh0kXWLfvHW1fA9QuOGrdYfZZNGuYOo= sha512-t7vNwVezcBPwLKJVOgMFogga9rvWZURi9e6jcbogtTOBCw5uysR6PjsyV1LCqOgw5HIO++0oiVESs1pT8ucIsw==",
    "path": "/méli-mélo/2021-03-trial.css"
  },
  "@/méli-mélo/2021-03-trial.js": {
    "hashes": {
      "sha256": "MKDMUF1DiFPCzy/Z8kJDbi6AZ+KVpXw0dFdT7yFxmHY=",
      "sha512": "S8x8n37Trsaj1wrNK9xh5pdscb2sPlgjbp9PAQi89zP1mRwVSCQ2J2HbIhz87pklpnY6fE6R4pwyJA6uq8o06g=="
    },
    "integrity": "sha256-MKDMUF1DiFPCzy/Z8kJDbi6AZ+KVpXw0dFdT7yFxmHY= sha512-S8x8n37Trsaj1wrNK9xh5pdscb2sPlgjbp9PAQi89zP1mRwVSCQ2J2HbIhz87pklpnY6fE6R4pwyJA6uq8o06g==",
    "path": "/méli-mélo/2021-03-trial.js"
  },
  "@/méli-mélo/2021-03-trial.min.css": {
    "hashes": {
      "sha256": "oMDDKYgw1dLBsN6RsLH9A0agl3Qi3nO2yVxMSj6BoHI=",
      "sha512": "pJgQC25H5r98ejzHzQi0EGlOuFLFbuXOrgchTMTDjSt/tkFGk7199GTHO0Y7MwmzpKAi4fK0plRM8AeWCE+HXg=="
    },
    "integrity": "sha256-oMDDKYgw1dLBsN6RsLH9A0agl3Qi3nO2yVxMSj6BoHI= sha512-pJgQC25H5r98ejzHzQi0EGlOuFLFbuXOrgchTMTDjSt/tkFGk7199GTHO0Y7MwmzpKAi4fK0plRM8AeWCE+HXg==",
    "path": "/méli-mélo/2021-03-trial.min.css"
  },
  "@/méli-mélo/2021-03-trial.min.js": {
    "hashes": {
      "sha256": "eu+LcJqxFM4xLuXDZacR0tBMxtCS+L1Iqq6b28414vA=",
      "sha512": "4K58Zl0PkZbz0JLVrCFJvRabt560n0y4dd+m+d1nDoi3VjL1uJxYLtH2wKTTaMsQM7WhrsSRmBrsR71GI4BsCA=="
    },
    "integrity": "sha256-eu+LcJqxFM4xLuXDZacR0tBMxtCS+L1Iqq6b28414vA= sha512-4K58Zl0PkZbz0JLVrCFJvRabt560n0y4dd+m+d1nDoi3VjL1uJxYLtH2wKTTaMsQM7WhrsSRmBrsR71GI4BsCA==",
    "path": "/méli-mélo/2021-03-trial.min.js"
  },
  "@/méli-mélo/2021-04-gcaem.css": {
    "hashes": {
      "sha256": "Adogsr6QDAk8QOI7t94lPoo1Z5i66QGT3JZrVF5f4EI=",
      "sha512": "VOj/xY5KcvCbJMt4ADgRGBjDV4swfy2SJuND2tyHucdu4la3kQJuLveegabdI5BNgY0lPrFRDV6M6uO7Xyve1w=="
    },
    "integrity": "sha256-Adogsr6QDAk8QOI7t94lPoo1Z5i66QGT3JZrVF5f4EI= sha512-VOj/xY5KcvCbJMt4ADgRGBjDV4swfy2SJuND2tyHucdu4la3kQJuLveegabdI5BNgY0lPrFRDV6M6uO7Xyve1w==",
    "path": "/méli-mélo/2021-04-gcaem.css"
  },
  "@/méli-mélo/2021-04-gcaem.js": {
    "hashes": {
      "sha256": "GChdwl7oJ32uDn0EHMq8SSbogO1sZzKUTsBcnA5IQ+k=",
      "sha512": "ee5tp5aDacCSGgiECgzGa2/Bef1LnXUPKrcGlzyouKF5XIo9+KjS5oq7FFc95ifp3m5u5zdIHlVp1KV/ELxS4g=="
    },
    "integrity": "sha256-GChdwl7oJ32uDn0EHMq8SSbogO1sZzKUTsBcnA5IQ+k= sha512-ee5tp5aDacCSGgiECgzGa2/Bef1LnXUPKrcGlzyouKF5XIo9+KjS5oq7FFc95ifp3m5u5zdIHlVp1KV/ELxS4g==",
    "path": "/méli-mélo/2021-04-gcaem.js"
  },
  "@/méli-mélo/2021-04-gcaem.min.css": {
    "hashes": {
      "sha256": "mKksh80BWhMn1J0jwDSUWqogPMex8yCo0mFEbggRVpw=",
      "sha512": "oRVBcThxM25CohWs1w/Q0HDE+LNjaiCRb65novgqKn8iZmDNS7s5hIoo5PKPcyS84UqefLxVKfcHpep8Wd/C7A=="
    },
    "integrity": "sha256-mKksh80BWhMn1J0jwDSUWqogPMex8yCo0mFEbggRVpw= sha512-oRVBcThxM25CohWs1w/Q0HDE+LNjaiCRb65novgqKn8iZmDNS7s5hIoo5PKPcyS84UqefLxVKfcHpep8Wd/C7A==",
    "path": "/méli-mélo/2021-04-gcaem.min.css"
  },
  "@/méli-mélo/2021-04-gcaem.min.js": {
    "hashes": {
      "sha256": "/xEjtvyeWP9uMi8pCpo/SGS+IzAJib+cc6JAyQhIb6c=",
      "sha512": "zSVJu52m2F9J5fJB4jjgLBXudlE+1EzYZDCsj+UmXLL8C2ETc8ROIavptGHWZaDaEoS+xjtDHe/6/NhnlPb5Pg=="
    },
    "integrity": "sha256-/xEjtvyeWP9uMi8pCpo/SGS+IzAJib+cc6JAyQhIb6c= sha512-zSVJu52m2F9J5fJB4jjgLBXudlE+1EzYZDCsj+UmXLL8C2ETc8ROIavptGHWZaDaEoS+xjtDHe/6/NhnlPb5Pg==",
    "path": "/méli-mélo/2021-04-gcaem.min.js"
  },
  "@/méli-mélo/2022-06-banff.css": {
    "hashes": {
      "sha256": "MwpmmAblZYOfCf84mjhB4FcjRgPf4XJ2NcHax01jJFw=",
      "sha512": "evUzCqQAxZ2E7OgpKwoAFAN9VG5XaWHq98hRE/1KzWCLk8YKoadFbL7oI9KEBp0tD6iwc7eNyBd7yqblMrdsnQ=="
    },
    "integrity": "sha256-MwpmmAblZYOfCf84mjhB4FcjRgPf4XJ2NcHax01jJFw= sha512-evUzCqQAxZ2E7OgpKwoAFAN9VG5XaWHq98hRE/1KzWCLk8YKoadFbL7oI9KEBp0tD6iwc7eNyBd7yqblMrdsnQ==",
    "path": "/méli-mélo/2022-06-banff.css"
  },
  "@/méli-mélo/2022-06-banff.js": {
    "hashes": {
      "sha256": "47DEQpj8HBSa+/TImW+5JCeuQeRkm5NMpJWZG3hSuFU=",
      "sha512": "z4PhNX7vuL3xVChQ1m2AB9Yg5AULVxXcg/SpIdNs6c5H0NE8XYXysP+DGNKHfuwvY7kxvUdBeoGlODJ6+SfaPg=="
    },
    "integrity": "sha256-47DEQpj8HBSa+/TImW+5JCeuQeRkm5NMpJWZG3hSuFU= sha512-z4PhNX7vuL3xVChQ1m2AB9Yg5AULVxXcg/SpIdNs6c5H0NE8XYXysP+DGNKHfuwvY7kxvUdBeoGlODJ6+SfaPg==",
    "path": "/méli-mélo/2022-06-banff.js"
  },
  "@/méli-mélo/2022-06-banff.min.css": {
    "hashes": {
      "sha256": "3kvbsiKJgC412eRyTzN97OoIjw3wLGfM63xgFeiUASs=",
      "sha512": "wM0o+orQyaKoSta9hAfM/Aa0il5gTFvM9qHsyyFE4SJIWIipU3GAPEpf+bUKvTryCCwybcOEWLO2Cg29hD5PhQ=="
    },
    "integrity": "sha256-3kvbsiKJgC412eRyTzN97OoIjw3wLGfM63xgFeiUASs= sha512-wM0o+orQyaKoSta9hAfM/Aa0il5gTFvM9qHsyyFE4SJIWIipU3GAPEpf+bUKvTryCCwybcOEWLO2Cg29hD5PhQ==",
    "path": "/méli-mélo/2022-06-banff.min.css"
  },
  "@/méli-mélo/2022-06-banff.min.js": {
    "hashes": {
      "sha256": "YaBDcBqfNRT8oeR0tv1bxRkwhWkKsP88F/4Qj8omX58=",
      "sha512": "YCWi0cMi7DPuVkQwqcJqbViDllnv5imgKPI/sfWc8gi8hHMKf1o9ngNpiAqROJ83z4AhrR1qeM7CdjW/XxD/OQ=="
    },
    "integrity": "sha256-YaBDcBqfNRT8oeR0tv1bxRkwhWkKsP88F/4Qj8omX58= sha512-YCWi0cMi7DPuVkQwqcJqbViDllnv5imgKPI/sfWc8gi8hHMKf1o9ngNpiAqROJ83z4AhrR1qeM7CdjW/XxD/OQ==",
    "path": "/méli-mélo/2022-06-banff.min.js"
  },
  "@/méli-mélo/2023-10-mount-revelstoke.css": {
    "hashes": {
      "sha256": "0Gpf1FxMnQLgEi2JuhG+u2pj5mN/A39Tvp0qiZU09ng=",
      "sha512": "WReIPbtozxvlWPh/6pNzGa0O79uzO4g81HYLetwo9e9Q7dChpN79dzC8SnbI1Rf6uMDtPkPq9KKwtNFv8CSNxw=="
    },
    "integrity": "sha256-0Gpf1FxMnQLgEi2JuhG+u2pj5mN/A39Tvp0qiZU09ng= sha512-WReIPbtozxvlWPh/6pNzGa0O79uzO4g81HYLetwo9e9Q7dChpN79dzC8SnbI1Rf6uMDtPkPq9KKwtNFv8CSNxw==",
    "path": "/méli-mélo/2023-10-mount-revelstoke.css"
  },
  "@/méli-mélo/2023-10-mount-revelstoke.js": {
    "hashes": {
      "sha256": "jK2rzc1agU8sce8CIYYvybCY+0Id7rNym/Il1j0Qx7w=",
      "sha512": "AsYtABStQAmaIXJiiAgzHTTnpiVz42d2pIeM1Ef+jTgxJPgrHu0WwPygoNpw8Bre12O3IRDqTITDrbzD3gub4w=="
    },
    "integrity": "sha256-jK2rzc1agU8sce8CIYYvybCY+0Id7rNym/Il1j0Qx7w= sha512-AsYtABStQAmaIXJiiAgzHTTnpiVz42d2pIeM1Ef+jTgxJPgrHu0WwPygoNpw8Bre12O3IRDqTITDrbzD3gub4w==",
    "path": "/méli-mélo/2023-10-mount-revelstoke.js"
  },
  "@/méli-mélo/2023-10-mount-revelstoke.min.css": {
    "hashes": {
      "sha256": "GR6qKdMpbtzcAq/u7CuubnBdzfg/QbVKUDLrShQXDxM=",
      "sha512": "FsLZbIooqkoEG0rF7RIFlsqlHMjaIxzgwDFzlIAOke7dLz+2t+O99EIFBLWnfmC889iK5R8IB63h6RjdmP7lvA=="
    },
    "integrity": "sha256-GR6qKdMpbtzcAq/u7CuubnBdzfg/QbVKUDLrShQXDxM= sha512-FsLZbIooqkoEG0rF7RIFlsqlHMjaIxzgwDFzlIAOke7dLz+2t+O99EIFBLWnfmC889iK5R8IB63h6RjdmP7lvA==",
    "path": "/méli-mélo/2023-10-mount-revelstoke.min.css"
  },
  "@/méli-mélo/2023-10-mount-revelstoke.min.js": {
    "hashes": {
      "sha256": "+M0Nvx5wBhLkmzlN7HKUeGyf1fTDEZe/33mClzX9lxk=",
      "sha512": "yYjbBM2squY+gLddSf30yqvYz15u13IO9AvlOOKCrR+LkgZok3gvDoKOf/eJSSwtV6Jg5+bnh/2bVi3ynCnnFw=="
    },
    "integrity": "sha256-+M0Nvx5wBhLkmzlN7HKUeGyf1fTDEZe/33mClzX9lxk= sha512-yYjbBM2squY+gLddSf30yqvYz15u13IO9AvlOOKCrR+LkgZok3gvDoKOf/eJSSwtV6Jg5+bnh/2bVi3ynCnnFw==",
    "path": "/méli-mélo/2023-10-mount-revelstoke.min.js"
  },
  "@/méli-mélo/2024-09-kejimkujik.css": {
    "hashes": {
      "sha256": "ON3juAVJqzJrTCFADFzr5+9/SKyC+RFoDRvAT8jasGs=",
      "sha512": "f2RKh4ZVREgpCbyPBqjsFom2/X/IY+wLDAGuaUEJSicVrZTKdp48iF8ESHRkNjbeUE1fWYotEJUByBWxoJhTtg=="
    },
    "integrity": "sha256-ON3juAVJqzJrTCFADFzr5+9/SKyC+RFoDRvAT8jasGs= sha512-f2RKh4ZVREgpCbyPBqjsFom2/X/IY+wLDAGuaUEJSicVrZTKdp48iF8ESHRkNjbeUE1fWYotEJUByBWxoJhTtg==",
    "path": "/méli-mélo/2024-09-kejimkujik.css"
  },
  "@/méli-mélo/2024-09-kejimkujik.js": {
    "hashes": {
      "sha256": "fzwQCflIMoj/UHBgm3qNGZpV2FfdRr963h2DFZ6kgc8=",
      "sha512": "A6YwGtgJ4gQ54XE0zvFnCxjSJZQe+uck59tGhTJC6zozA34Yzf0C/c2nOKZVddNowXCfZdAIDYt5mLM0lAN6FA=="
    },
    "integrity": "sha256-fzwQCflIMoj/UHBgm3qNGZpV2FfdRr963h2DFZ6kgc8= sha512-A6YwGtgJ4gQ54XE0zvFnCxjSJZQe+uck59tGhTJC6zozA34Yzf0C/c2nOKZVddNowXCfZdAIDYt5mLM0lAN6FA==",
    "path": "/méli-mélo/2024-09-kejimkujik.js"
  },
  "@/méli-mélo/2024-09-kejimkujik.min.css": {
    "hashes": {
      "sha256": "0TDd0qOjM+0C7tsEZ1kjIenRpMK4qrYDgcI8vHcYSwQ=",
      "sha512": "3Z1kLvin6wfacdBe8exjIAn5R0KG6JTTaGa2c1bo906WRDUGj6QhQ9BoPd/jy1wTekUbWY3zUdFTxRyEHQ4MmA=="
    },
    "integrity": "sha256-0TDd0qOjM+0C7tsEZ1kjIenRpMK4qrYDgcI8vHcYSwQ= sha512-3Z1kLvin6wfacdBe8exjIAn5R0KG6JTTaGa2c1bo906WRDUGj6QhQ9BoPd/jy1wTekUbWY3zUdFTxRyEHQ4MmA==",
    "path": "/méli-mélo/2024-09-kejimkujik.min.css"
  },
  "@/méli-mélo/2024-09-kejimkujik.min.js": {
    "hashes": {
      "sha256": "j4DE67uGz9jVK/lJ/Pz4DFoAYFyg/JflLkibDoDkogA=",
      "sha512": "EQpBIZcgQSUmmKIyDgsF2GacSJaE7nEeunlzNBLURMD6Khb5zgHMKkvFUZAJDvZboLraWzK5JpUJiBo1qopgIg=="
    },
    "integrity": "sha256-j4DE67uGz9jVK/lJ/Pz4DFoAYFyg/JflLkibDoDkogA= sha512-EQpBIZcgQSUmmKIyDgsF2GacSJaE7nEeunlzNBLURMD6Khb5zgHMKkvFUZAJDvZboLraWzK5JpUJiBo1qopgIg==",
    "path": "/méli-mélo/2024-09-kejimkujik.min.js"
  },
  "@/méli-mélo/2025-04-nahanni.css": {
    "hashes": {
      "sha256": "EfrV0npq9EU0/bQGLksCDeGMGiEDcUhblKM7glc7hmA=",
      "sha512": "TGXPMkwF4c0mUuXhlUK01JBhr2ErI9MWBxpuyJb+4kifPalQuYjqCMOvPnT9ZHwopHc+LDc+PK3kUXZ7TKZDAQ=="
    },
    "integrity": "sha256-EfrV0npq9EU0/bQGLksCDeGMGiEDcUhblKM7glc7hmA= sha512-TGXPMkwF4c0mUuXhlUK01JBhr2ErI9MWBxpuyJb+4kifPalQuYjqCMOvPnT9ZHwopHc+LDc+PK3kUXZ7TKZDAQ==",
    "path": "/méli-mélo/2025-04-nahanni.css"
  },
  "@/méli-mélo/2025-04-nahanni.js": {
    "hashes": {
      "sha256": "2koue2nC3PNVWswPBsDPLtppNCh0WXZBGN6dt9JheeA=",
      "sha512": "i/nuaP/3O/ChAkaP2+2WJNlrMQxH2CbKOgO1wi4ezezW9R+PrL/OBcQclZtQth4JgI6rHcd/oo6Dh+AdNgi60A=="
    },
    "integrity": "sha256-2koue2nC3PNVWswPBsDPLtppNCh0WXZBGN6dt9JheeA= sha512-i/nuaP/3O/ChAkaP2+2WJNlrMQxH2CbKOgO1wi4ezezW9R+PrL/OBcQclZtQth4JgI6rHcd/oo6Dh+AdNgi60A==",
    "path": "/méli-mélo/2025-04-nahanni.js"
  },
  "@/méli-mélo/2025-04-nahanni.min.css": {
    "hashes": {
      "sha256": "nM9ccdPoEAduNbrLw8SUCuVQ20LMrHb4Tqf+i2kl0+k=",
      "sha512": "aFu+zYcW72K6KZc2QRl46ts9iT2WpqxTLX2DKRcu+lq1gALa9V3Xl9JVTKaYGxlVSdKj7JH9NFbZA7uj7iTB1A=="
    },
    "integrity": "sha256-nM9ccdPoEAduNbrLw8SUCuVQ20LMrHb4Tqf+i2kl0+k= sha512-aFu+zYcW72K6KZc2QRl46ts9iT2WpqxTLX2DKRcu+lq1gALa9V3Xl9JVTKaYGxlVSdKj7JH9NFbZA7uj7iTB1A==",
    "path": "/méli-mélo/2025-04-nahanni.min.css"
  },
  "@/méli-mélo/2025-04-nahanni.min.js": {
    "hashes": {
      "sha256": "2e4IeQW6Lqc4LwrNp0cCiIBUmur31gkBzo+RIcYE1JY=",
      "sha512": "aa9r6UzkpV4+veHwaAVnhgyLq3lS5s4/KLgFnedr0GXgJ583lKrfIdLd+BES0BNtmg4BK6l4u+upBU1W8ugxHQ=="
    },
    "integrity": "sha256-2e4IeQW6Lqc4LwrNp0cCiIBUmur31gkBzo+RIcYE1JY= sha512-aa9r6UzkpV4+veHwaAVnhgyLq3lS5s4/KLgFnedr0GXgJ583lKrfIdLd+BES0BNtmg4BK6l4u+upBU1W8ugxHQ==",
    "path": "/méli-mélo/2025-04-nahanni.min.js"
  },
  "@/méli-mélo/gc-thématique.css": {
    "hashes": {
      "sha256": "ruZThjBootV0SZLJrPMLj2KDN8ucW4zKOeq21/GI6T0=",
      "sha512": "63HWZxR/4YNmSNhegUChY2FrNQcKA9zXbq/WkhigWM8EswBTD+vywsKTSYsD8HCdYwbbogn/kiWcdRjr97xMqQ=="
    },
    "integrity": "sha256-ruZThjBootV0SZLJrPMLj2KDN8ucW4zKOeq21/GI6T0= sha512-63HWZxR/4YNmSNhegUChY2FrNQcKA9zXbq/WkhigWM8EswBTD+vywsKTSYsD8HCdYwbbogn/kiWcdRjr97xMqQ==",
    "path": "/méli-mélo/gc-thématique.css"
  },
  "@/méli-mélo/gc-thématique.js": {
    "hashes": {
      "sha256": "47DEQpj8HBSa+/TImW+5JCeuQeRkm5NMpJWZG3hSuFU=",
      "sha512": "z4PhNX7vuL3xVChQ1m2AB9Yg5AULVxXcg/SpIdNs6c5H0NE8XYXysP+DGNKHfuwvY7kxvUdBeoGlODJ6+SfaPg=="
    },
    "integrity": "sha256-47DEQpj8HBSa+/TImW+5JCeuQeRkm5NMpJWZG3hSuFU= sha512-z4PhNX7vuL3xVChQ1m2AB9Yg5AULVxXcg/SpIdNs6c5H0NE8XYXysP+DGNKHfuwvY7kxvUdBeoGlODJ6+SfaPg==",
    "path": "/méli-mélo/gc-thématique.js"
  },
  "@/méli-mélo/gc-thématique.min.css": {
    "hashes": {
      "sha256": "C8bS6oXFspmB55p8O1w6yGw2qqTx+GBBOqCyTK8qI94=",
      "sha512": "PT8gvb5BfXFAmZFND6pBkfGGvLQPUntd+btGfQz+N6P3rm3Td1jZfQUqys1dV898DaTtiN4S6X6tbQ+e2u+QwQ=="
    },
    "integrity": "sha256-C8bS6oXFspmB55p8O1w6yGw2qqTx+GBBOqCyTK8qI94= sha512-PT8gvb5BfXFAmZFND6pBkfGGvLQPUntd+btGfQz+N6P3rm3Td1jZfQUqys1dV898DaTtiN4S6X6tbQ+e2u+QwQ==",
    "path": "/méli-mélo/gc-thématique.min.css"
  },
  "@/méli-mélo/gc-thématique.min.js": {
    "hashes": {
      "sha256": "YaBDcBqfNRT8oeR0tv1bxRkwhWkKsP88F/4Qj8omX58=",
      "sha512": "YCWi0cMi7DPuVkQwqcJqbViDllnv5imgKPI/sfWc8gi8hHMKf1o9ngNpiAqROJ83z4AhrR1qeM7CdjW/XxD/OQ=="
    },
    "integrity": "sha256-YaBDcBqfNRT8oeR0tv1bxRkwhWkKsP88F/4Qj8omX58= sha512-YCWi0cMi7DPuVkQwqcJqbViDllnv5imgKPI/sfWc8gi8hHMKf1o9ngNpiAqROJ83z4AhrR1qeM7CdjW/XxD/OQ==",
    "path": "/méli-mélo/gc-thématique.min.js"
  }
}