<powerpagecomponent powerpagecomponentid="2fe25596-d771-fb08-c1a6-b0d9ee808b5f">
  <content>{
  "displayorder": 1,
  "enablerating": false,
  "enabletracking": false,
  "excludefromsearch": false,
  "feedbackpolicy": 756150000,
  "hiddenfromsitemap": true,
  "isroot": true,
  "pagetemplateid": "cb07803a-e299-ee11-be37-0022483c04c3",
  "parentpageid": "e3ac7a40-e299-ee11-be37-0022483c04c3",
  "partialurl": "reference",
  "publishingstateid": "e007803a-e299-ee11-be37-0022483c04c3",
  "sharedpageconfiguration": false,
  "summary": "&lt;p&gt;This is a sample landing page designed to be a starting point for your website&lt;/p&gt;",
  "title": "reference"
}</content>
  <iscustomizable>1</iscustomizable>
  <name>reference</name>
  <powerpagecomponenttype>2</powerpagecomponenttype>
  <powerpagesiteid>
    <powerpagesiteid>27ad7a40-e299-ee11-be37-0022483c04c3</powerpagesiteid>
  </powerpagesiteid>
  <searchcontent>referencereference</searchcontent>
  <statecode>0</statecode>
  <statuscode>1</statuscode>
</powerpagecomponent>