<powerpagecomponent powerpagecomponentid="2faf9799-5a9a-ee11-be37-0022483c04c3">
  <content>{
  "enablerating": false,
  "enabletracking": false,
  "excludefromsearch": false,
  "feedbackpolicy": 756150000,
  "hiddenfromsitemap": false,
  "isroot": false,
  "pagetemplateid": "cb07803a-e299-ee11-be37-0022483c04c3",
  "partialurl": "js",
  "publishingstateid": "e007803a-e299-ee11-be37-0022483c04c3",
  "rootwebpageid": "05da0c96-5a9a-ee11-be37-0022483d081a",
  "sharedpageconfiguration": true
}</content>
  <iscustomizable>1</iscustomizable>
  <name>js</name>
  <powerpagecomponenttype>2</powerpagecomponenttype>
  <powerpagesiteid>
    <powerpagesiteid>27ad7a40-e299-ee11-be37-0022483c04c3</powerpagesiteid>
  </powerpagesiteid>
  <powerpagesitelanguageid>
    <powerpagesitelanguageid>2ead7a40-e299-ee11-be37-0022483c04c3</powerpagesitelanguageid>
  </powerpagesitelanguageid>
  <searchcontent>js</searchcontent>
  <statecode>0</statecode>
  <statuscode>1</statuscode>
</powerpagecomponent>