<powerpagecomponent powerpagecomponentid="1f9cc03b-e299-ee11-be37-000d3aff3da3">
  <content>{
  "description": "Set whether the footer web template is output cached.",
  "value": "True"
}</content>
  <iscustomizable>1</iscustomizable>
  <name>Footer/OutputCache/Enabled</name>
  <powerpagecomponenttype>9</powerpagecomponenttype>
  <powerpagesiteid>
    <powerpagesiteid>27ad7a40-e299-ee11-be37-0022483c04c3</powerpagesiteid>
  </powerpagesiteid>
  <statecode>0</statecode>
  <statuscode>1</statuscode>
</powerpagecomponent>