<ImportExportXml xmlns:xsi="http://www.w3.org/2001/XMLSchema-instance">
  <Entities>
    <Entity>
      <Name LocalizedName="Contact" OriginalName="">Contact</Name>
      <EntityInfo>
        <entity Name="Contact" unmodified="1">
          <attributes />
        </entity>
      </EntityInfo>
      <FormXml>
        <forms type="main">
          <systemform>
            <formid>{c1c97961-2d42-4103-abf8-2fe2bdf38224}</formid>
            <IntroducedVersion>1.0.0.0</IntroducedVersion>
            <FormPresentation>0</FormPresentation>
            <FormActivationState>1</FormActivationState>
            <form shownavigationbar="true" showImage="false" maxWidth="1900" headerdensity="HighWithControls">
              <tabs>
                <tab name="general" verticallayout="true" id="{e3327218-e08e-4133-beb6-5177bc816581}" IsUserDefined="0" labelid="{b2ef0773-20d1-4dbd-8f0b-b2e66ad15120}" ordinalvalue="1" solutionaction="Modified" />
                <tab name="details" id="{56663b16-da7e-4dc6-8021-52cefe2a84ba}" IsUserDefined="0" labelid="{c7513c3a-49cc-4b14-b48c-0496f2a6b5c0}" ordinalvalue="2" solutionaction="Modified" />
                <tab name="web authentication" id="{910c27ed-4278-44ed-ba23-b85b7c864d27}" IsUserDefined="0" locklevel="0" showlabel="true" expanded="true" ordinalvalue="3" solutionaction="Modified" />
                <tab name="notes and activities" id="{88a42bcc-d1eb-46d4-b50a-cbc1bec50e5b}" IsUserDefined="0" expanded="false" labelid="{4d4db10d-153f-4edf-ac41-7b1203c340d5}" ordinalvalue="4" solutionaction="Modified" />
                <tab name="administration" id="{8d04d3b7-9cd3-4d4f-8ec2-1c098e289da8}" IsUserDefined="0" labelid="{213d4acc-9bad-499f-a0ff-987f3c3fcd2b}" ordinalvalue="5" solutionaction="Modified" />
                <tab name="tab_recordwall" id="{e94e6ac4-12db-bc8c-ec81-8b20c5987655}" IsUserDefined="0" locklevel="0" showlabel="true" expanded="false" labelid="{15e0f728-f31a-40e7-b9c1-6f4cbf067ec9}" ordinalvalue="0" solutionaction="Added">
                  <labels>
                    <label description="What's New" languagecode="1033" />
                  </labels>
                  <columns>
                    <column width="100%" id="0">
                      <sections>
                        <section name="tab_recordwall_section_1" showlabel="false" showbar="false" locklevel="0" id="{ac0addcc-a626-6c98-40ee-b11edac36204}" IsUserDefined="0" layout="varwidth" columns="1" labelwidth="115" celllabelalignment="Left" celllabelposition="Left" labelid="{c9d87abf-5657-4022-a5f5-ccf37724f961}" ordinalvalue="0">
                          <labels>
                            <label description="Section" languagecode="1033" />
                          </labels>
                          <rows>
                            <row>
                              <cell id="{be13b312-b6ac-83d7-34e1-e90dc1ecbec7}" showlabel="false" colspan="1" auto="false" rowspan="15" labelid="{df5d69f2-cf19-4107-a102-85ddd004e0a4}" ordinalvalue="10000">
                                <labels>
                                  <label description="RecordWall" languagecode="1033" />
                                </labels>
                                <control id="WebResource_RecordWall" classid="{9FDF5F91-88B1-47f4-AD53-C11EFC01A01D}">
                                  <parameters>
                                    <Url>msdyn_/RecordWall.htm</Url>
                                    <PassParameters>true</PassParameters>
                                    <Security>false</Security>
                                    <Scrolling>auto</Scrolling>
                                    <Border>false</Border>
                                  </parameters>
                                </control>
                                <events>
                                  <event name="onload" application="0">
                                    <dependencies />
                                  </event>
                                </events>
                              </cell>
                            </row>
                            <row />
                            <row />
                            <row />
                            <row />
                            <row />
                            <row />
                            <row />
                            <row />
                            <row />
                            <row />
                            <row />
                            <row />
                            <row />
                            <row />
                          </rows>
                        </section>
                      </sections>
                    </column>
                  </columns>
                  <events>
                    <event name="tabstatechange" application="false" active="false">
                      <Handlers>
                        <Handler functionName="ActivityFeeds.Form.CustomizationUtils.updateRecordWallRenderingState" libraryName="msdyn_/ActivityFeeds.Form.js" handlerUniqueId="{9beb6ce6-2666-8033-a406-3d68d44b9592}" enabled="true" parameters="" passExecutionContext="true" ordinalvalue="0" />
                      </Handlers>
                    </event>
                  </events>
                </tab>
              </tabs>
              <formLibraries>
                <Library name="msdyn_/ActivityFeeds.Form.js" libraryUniqueId="{4181da4c-6d13-ba3c-c859-be404e4ee2e3}" solutionaction="Added" />
              </formLibraries>
            </form>
            <LocalizedNames>
              <LocalizedName description="Portal Contact (Enhanced)" languagecode="1033" />
            </LocalizedNames>
            <Descriptions>
              <Description description="A form for this entity." languagecode="1033" />
            </Descriptions>
          </systemform>
          <systemform>
            <formid>{bddc0100-0dbe-4562-aafe-31d08c8ab506}</formid>
            <IntroducedVersion>1.0.0.0</IntroducedVersion>
            <FormPresentation>0</FormPresentation>
            <FormActivationState>1</FormActivationState>
            <form shownavigationbar="true" headerdensity="HighWithControls">
              <tabs>
                <tab verticallayout="true" id="{4e685d18-f4e0-4a73-a113-04f2e36439e0}" IsUserDefined="0" labelid="{a2f03898-14ad-4d93-b9cd-f7d37d5fdcea}" ordinalvalue="1" solutionaction="Modified">
                  <columns>
                    <column width="100%" id="0">
                      <sections>
                        <section showlabel="false" showbar="false" id="{7192bd67-ae8a-4119-9943-726e9c0e8c34}" IsUserDefined="0" labelid="{adc5d95d-0c2a-4df9-bf61-71fd86efb383}" ordinalvalue="0">
                          <rows>
                            <row>
                              <cell id="{6bb33121-88c0-43db-bc2a-ec1e3caac2cf}" locklevel="0" colspan="2" rowspan="1" ordinalvalue="10009">
                                <labels>
                                  <label description="Preferred Language" languagecode="1033" solutionaction="Modified" />
                                </labels>
                              </cell>
                            </row>
                          </rows>
                        </section>
                      </sections>
                    </column>
                  </columns>
                </tab>
                <tab name="tab_recordwall" id="{e94e6ac4-12db-bc8c-ec81-8b20c5987655}" IsUserDefined="0" locklevel="0" showlabel="true" expanded="false" labelid="{5f92cc54-964d-4369-924b-5474888599eb}" ordinalvalue="0" solutionaction="Added">
                  <labels>
                    <label description="What's New" languagecode="1033" />
                  </labels>
                  <columns>
                    <column width="100%" id="0">
                      <sections>
                        <section name="tab_recordwall_section_1" showlabel="false" showbar="false" locklevel="0" id="{ac0addcc-a626-6c98-40ee-b11edac36204}" IsUserDefined="0" layout="varwidth" columns="1" labelwidth="115" celllabelalignment="Left" celllabelposition="Left" labelid="{ad77e887-47ae-4117-884a-9f0f3ba403f7}" ordinalvalue="0">
                          <labels>
                            <label description="Section" languagecode="1033" />
                          </labels>
                          <rows>
                            <row>
                              <cell id="{be13b312-b6ac-83d7-34e1-e90dc1ecbec7}" showlabel="false" colspan="1" auto="false" rowspan="15" labelid="{546cdcf0-0d90-46de-aea5-c72ee3454070}" ordinalvalue="10000">
                                <labels>
                                  <label description="RecordWall" languagecode="1033" />
                                </labels>
                                <control id="WebResource_RecordWall" classid="{9FDF5F91-88B1-47f4-AD53-C11EFC01A01D}">
                                  <parameters>
                                    <Url>msdyn_/RecordWall.htm</Url>
                                    <PassParameters>true</PassParameters>
                                    <Security>false</Security>
                                    <Scrolling>auto</Scrolling>
                                    <Border>false</Border>
                                  </parameters>
                                </control>
                                <events>
                                  <event name="onload" application="0">
                                    <dependencies />
                                  </event>
                                </events>
                              </cell>
                            </row>
                            <row />
                            <row />
                            <row />
                            <row />
                            <row />
                            <row />
                            <row />
                            <row />
                            <row />
                            <row />
                            <row />
                            <row />
                            <row />
                            <row />
                          </rows>
                        </section>
                      </sections>
                    </column>
                  </columns>
                  <events>
                    <event name="tabstatechange" application="false" active="false">
                      <Handlers>
                        <Handler functionName="ActivityFeeds.Form.CustomizationUtils.updateRecordWallRenderingState" libraryName="msdyn_/ActivityFeeds.Form.js" handlerUniqueId="{9beb6ce6-2666-8033-a406-3d68d44b9592}" enabled="true" parameters="" passExecutionContext="true" ordinalvalue="0" />
                      </Handlers>
                    </event>
                  </events>
                </tab>
              </tabs>
              <formLibraries solutionaction="Added">
                <Library name="msdyn_/ActivityFeeds.Form.js" libraryUniqueId="{4181da4c-6d13-ba3c-c859-be404e4ee2e3}" />
              </formLibraries>
            </form>
            <LocalizedNames>
              <LocalizedName description="Profile Web Form (Enhanced)" languagecode="1033" />
            </LocalizedNames>
            <Descriptions>
              <Description description="This form is used by the portal for the user to update their contact info" languagecode="1033" />
            </Descriptions>
          </systemform>
        </forms>
      </FormXml>
      <RibbonDiffXml>
        <CustomActions />
        <Templates>
          <RibbonTemplates Id="Mscrm.Templates"></RibbonTemplates>
        </Templates>
        <CommandDefinitions />
        <RuleDefinitions>
          <TabDisplayRules />
          <DisplayRules />
          <EnableRules />
        </RuleDefinitions>
        <LocLabels />
      </RibbonDiffXml>
    </Entity>
  </Entities>
  <Roles></Roles>
  <Workflows></Workflows>
  <FieldSecurityProfiles></FieldSecurityProfiles>
  <Templates />
  <EntityMaps />
  <EntityRelationships />
  <OrganizationSettings />
  <optionsets />
  <CustomControls />
  <EntityDataProviders />
  <Languages>
    <Language>1033</Language>
  </Languages>
</ImportExportXml>