<ImportExportXml version="9.2.24042.174" SolutionPackageVersion="9.2" languagecode="1033" generatedBy="CrmLive" xmlns:xsi="http://www.w3.org/2001/XMLSchema-instance">
  <SolutionManifest>
    <UniqueName>Portal</UniqueName>
    <LocalizedNames>
      <LocalizedName description="Portal" languagecode="1033" />
    </LocalizedNames>
    <Descriptions />
    <Version>1.0.0.0</Version>
    <Managed>0</Managed>
    <Publisher>
      <UniqueName>cs</UniqueName>
      <LocalizedNames>
        <LocalizedName description="cs" languagecode="1033" />
      </LocalizedNames>
      <Descriptions />
      <EMailAddress xsi:nil="true"></EMailAddress>
      <SupportingWebsiteUrl xsi:nil="true"></SupportingWebsiteUrl>
      <CustomizationPrefix>cs</CustomizationPrefix>
      <CustomizationOptionValuePrefix>12160</CustomizationOptionValuePrefix>
      <Addresses>
        <Address>
          <AddressNumber>1</AddressNumber>
          <AddressTypeCode>1</AddressTypeCode>
          <City xsi:nil="true"></City>
          <County xsi:nil="true"></County>
          <Country xsi:nil="true"></Country>
          <Fax xsi:nil="true"></Fax>
          <FreightTermsCode xsi:nil="true"></FreightTermsCode>
          <ImportSequenceNumber xsi:nil="true"></ImportSequenceNumber>
          <Latitude xsi:nil="true"></Latitude>
          <Line1 xsi:nil="true"></Line1>
          <Line2 xsi:nil="true"></Line2>
          <Line3 xsi:nil="true"></Line3>
          <Longitude xsi:nil="true"></Longitude>
          <Name xsi:nil="true"></Name>
          <PostalCode xsi:nil="true"></PostalCode>
          <PostOfficeBox xsi:nil="true"></PostOfficeBox>
          <PrimaryContactName xsi:nil="true"></PrimaryContactName>
          <ShippingMethodCode>1</ShippingMethodCode>
          <StateOrProvince xsi:nil="true"></StateOrProvince>
          <Telephone1 xsi:nil="true"></Telephone1>
          <Telephone2 xsi:nil="true"></Telephone2>
          <Telephone3 xsi:nil="true"></Telephone3>
          <TimeZoneRuleVersionNumber xsi:nil="true"></TimeZoneRuleVersionNumber>
          <UPSZone xsi:nil="true"></UPSZone>
          <UTCOffset xsi:nil="true"></UTCOffset>
          <UTCConversionTimeZoneCode xsi:nil="true"></UTCConversionTimeZoneCode>
        </Address>
        <Address>
          <AddressNumber>2</AddressNumber>
          <AddressTypeCode>1</AddressTypeCode>
          <City xsi:nil="true"></City>
          <County xsi:nil="true"></County>
          <Country xsi:nil="true"></Country>
          <Fax xsi:nil="true"></Fax>
          <FreightTermsCode xsi:nil="true"></FreightTermsCode>
          <ImportSequenceNumber xsi:nil="true"></ImportSequenceNumber>
          <Latitude xsi:nil="true"></Latitude>
          <Line1 xsi:nil="true"></Line1>
          <Line2 xsi:nil="true"></Line2>
          <Line3 xsi:nil="true"></Line3>
          <Longitude xsi:nil="true"></Longitude>
          <Name xsi:nil="true"></Name>
          <PostalCode xsi:nil="true"></PostalCode>
          <PostOfficeBox xsi:nil="true"></PostOfficeBox>
          <PrimaryContactName xsi:nil="true"></PrimaryContactName>
          <ShippingMethodCode>1</ShippingMethodCode>
          <StateOrProvince xsi:nil="true"></StateOrProvince>
          <Telephone1 xsi:nil="true"></Telephone1>
          <Telephone2 xsi:nil="true"></Telephone2>
          <Telephone3 xsi:nil="true"></Telephone3>
          <TimeZoneRuleVersionNumber xsi:nil="true"></TimeZoneRuleVersionNumber>
          <UPSZone xsi:nil="true"></UPSZone>
          <UTCOffset xsi:nil="true"></UTCOffset>
          <UTCConversionTimeZoneCode xsi:nil="true"></UTCConversionTimeZoneCode>
        </Address>
      </Addresses>
    </Publisher>
    <RootComponents>
      <RootComponent type="1" schemaName="contact" behavior="2" />
    </RootComponents>
    <MissingDependencies>
      <MissingDependency>
        <Required type="1" schemaName="adx_externalidentity" displayName="External Identity" solution="PowerPages_RuntimeCore (1.0.2402.1)">
          <package>PowerPages_Core (1.0.2404.86)</package>
        </Required>
        <Dependent type="60" displayName="Portal Contact (Enhanced)" parentDisplayName="Contact" id="{c1c97961-2d42-4103-abf8-2fe2bdf38224}" />
      </MissingDependency>
      <MissingDependency>
        <Required type="1" schemaName="mspp_webrole" displayName="Web Role" solution="PowerPages_Apps (1.0.2402.2)">
          <package>PowerPages_Core (1.0.2404.86)</package>
        </Required>
        <Dependent type="60" displayName="Portal Contact (Enhanced)" parentDisplayName="Contact" id="{c1c97961-2d42-4103-abf8-2fe2bdf38224}" />
      </MissingDependency>
      <MissingDependency>
        <Required type="10" schemaName="adx_contact_externalidentity" displayName="adx_contact_externalidentity" parentSchemaName="adx_externalidentity" parentDisplayName="External Identity" solution="PowerPages_RuntimeCore (1.0.2402.1)">
          <package>PowerPages_Core (1.0.2404.86)</package>
        </Required>
        <Dependent type="60" displayName="Portal Contact (Enhanced)" parentDisplayName="Contact" id="{c1c97961-2d42-4103-abf8-2fe2bdf38224}" />
      </MissingDependency>
      <MissingDependency>
        <Required type="2" schemaName="adx_identity_accessfailedcount" displayName="Access Failed Count" parentSchemaName="contact" parentDisplayName="Contact" solution="PowerPages_RuntimeCore (1.0.2402.1)">
          <package>PowerPages_Core (1.0.2404.86)</package>
        </Required>
        <Dependent type="60" displayName="Portal Contact (Enhanced)" parentDisplayName="Contact" id="{c1c97961-2d42-4103-abf8-2fe2bdf38224}" />
      </MissingDependency>
      <MissingDependency>
        <Required type="2" schemaName="adx_identity_emailaddress1confirmed" displayName="Email Confirmed" parentSchemaName="contact" parentDisplayName="Contact" solution="PowerPages_RuntimeCore (1.0.2402.1)">
          <package>PowerPages_Core (1.0.2404.86)</package>
        </Required>
        <Dependent type="60" displayName="Portal Contact (Enhanced)" parentDisplayName="Contact" id="{c1c97961-2d42-4103-abf8-2fe2bdf38224}" />
      </MissingDependency>
      <MissingDependency>
        <Required type="2" schemaName="adx_identity_locallogindisabled" displayName="Local Login Disabled" parentSchemaName="contact" parentDisplayName="Contact" solution="PowerPages_RuntimeCore (1.0.2402.1)">
          <package>PowerPages_Core (1.0.2404.86)</package>
        </Required>
        <Dependent type="60" displayName="Portal Contact (Enhanced)" parentDisplayName="Contact" id="{c1c97961-2d42-4103-abf8-2fe2bdf38224}" />
      </MissingDependency>
      <MissingDependency>
        <Required type="2" schemaName="adx_identity_lockoutenabled" displayName="Lockout Enabled" parentSchemaName="contact" parentDisplayName="Contact" solution="PowerPages_RuntimeCore (1.0.2402.1)">
          <package>PowerPages_Core (1.0.2404.86)</package>
        </Required>
        <Dependent type="60" displayName="Portal Contact (Enhanced)" parentDisplayName="Contact" id="{c1c97961-2d42-4103-abf8-2fe2bdf38224}" />
      </MissingDependency>
      <MissingDependency>
        <Required type="2" schemaName="adx_identity_lockoutenddate" displayName="Lockout End Date" parentSchemaName="contact" parentDisplayName="Contact" solution="PowerPages_RuntimeCore (1.0.2402.1)">
          <package>PowerPages_Core (1.0.2404.86)</package>
        </Required>
        <Dependent type="60" displayName="Portal Contact (Enhanced)" parentDisplayName="Contact" id="{c1c97961-2d42-4103-abf8-2fe2bdf38224}" />
      </MissingDependency>
      <MissingDependency>
        <Required type="2" schemaName="adx_identity_logonenabled" displayName="Login Enabled" parentSchemaName="contact" parentDisplayName="Contact" solution="PowerPages_RuntimeCore (1.0.2402.1)">
          <package>PowerPages_Core (1.0.2404.86)</package>
        </Required>
        <Dependent type="60" displayName="Portal Contact (Enhanced)" parentDisplayName="Contact" id="{c1c97961-2d42-4103-abf8-2fe2bdf38224}" />
      </MissingDependency>
      <MissingDependency>
        <Required type="2" schemaName="adx_identity_mobilephoneconfirmed" displayName="Mobile Phone Confirmed" parentSchemaName="contact" parentDisplayName="Contact" solution="PowerPages_RuntimeCore (1.0.2402.1)">
          <package>PowerPages_Core (1.0.2404.86)</package>
        </Required>
        <Dependent type="60" displayName="Portal Contact (Enhanced)" parentDisplayName="Contact" id="{c1c97961-2d42-4103-abf8-2fe2bdf38224}" />
      </MissingDependency>
      <MissingDependency>
        <Required type="2" schemaName="adx_identity_securitystamp" displayName="Security Stamp" parentSchemaName="contact" parentDisplayName="Contact" solution="PowerPages_RuntimeCore (1.0.2402.1)">
          <package>PowerPages_Core (1.0.2404.86)</package>
        </Required>
        <Dependent type="60" displayName="Portal Contact (Enhanced)" parentDisplayName="Contact" id="{c1c97961-2d42-4103-abf8-2fe2bdf38224}" />
      </MissingDependency>
      <MissingDependency>
        <Required type="2" schemaName="adx_identity_twofactorenabled" displayName="Two Factor Enabled" parentSchemaName="contact" parentDisplayName="Contact" solution="PowerPages_RuntimeCore (1.0.2402.1)">
          <package>PowerPages_Core (1.0.2404.86)</package>
        </Required>
        <Dependent type="60" displayName="Portal Contact (Enhanced)" parentDisplayName="Contact" id="{c1c97961-2d42-4103-abf8-2fe2bdf38224}" />
      </MissingDependency>
      <MissingDependency>
        <Required type="2" schemaName="adx_identity_username" displayName="User Name" parentSchemaName="contact" parentDisplayName="Contact" solution="PowerPages_RuntimeCore (1.0.2402.1)">
          <package>PowerPages_Core (1.0.2404.86)</package>
        </Required>
        <Dependent type="60" displayName="Portal Contact (Enhanced)" parentDisplayName="Contact" id="{c1c97961-2d42-4103-abf8-2fe2bdf38224}" />
      </MissingDependency>
      <MissingDependency>
        <Required type="2" schemaName="adx_organizationname" displayName="Organization Name" parentSchemaName="contact" parentDisplayName="Contact" solution="PowerPages_RuntimeCoreDependencies (1.0.2305.1)">
          <package>PowerPages_Core (1.0.2404.86)</package>
        </Required>
        <Dependent type="60" displayName="Profile Web Form (Enhanced)" parentDisplayName="Contact" id="{bddc0100-0dbe-4562-aafe-31d08c8ab506}" />
      </MissingDependency>
      <MissingDependency>
        <Required type="2" schemaName="adx_publicprofilecopy" displayName="Public Profile Copy" parentSchemaName="contact" parentDisplayName="Contact" solution="PowerPages_RuntimeCore (1.0.2402.1)">
          <package>PowerPages_Core (1.0.2404.86)</package>
        </Required>
        <Dependent type="60" displayName="Profile Web Form (Enhanced)" parentDisplayName="Contact" id="{bddc0100-0dbe-4562-aafe-31d08c8ab506}" />
      </MissingDependency>
      <MissingDependency>
        <Required type="2" schemaName="adx_timezone" displayName="Time Zone" parentSchemaName="contact" parentDisplayName="Contact" solution="PowerPages_RuntimeCoreDependencies (1.0.2305.1)">
          <package>PowerPages_Core (1.0.2404.86)</package>
        </Required>
        <Dependent type="60" displayName="Portal Contact (Enhanced)" parentDisplayName="Contact" id="{c1c97961-2d42-4103-abf8-2fe2bdf38224}" />
      </MissingDependency>
      <MissingDependency>
        <Required type="2" schemaName="defaultpricelevelid" displayName="Price List" parentSchemaName="contact" parentDisplayName="Contact" solution="msdynce_ProductManagement (9.0.4.0066)">
          <package>msdynce_ProductManagementAnchor (9.0.24043.10001)</package>
        </Required>
        <Dependent type="60" displayName="Portal Contact (Enhanced)" parentDisplayName="Contact" id="{c1c97961-2d42-4103-abf8-2fe2bdf38224}" />
      </MissingDependency>
      <MissingDependency>
        <Required type="2" schemaName="mspp_userpreferredlcid" displayName="Preferred Language" parentSchemaName="contact" parentDisplayName="Contact" solution="PowerPages_RuntimeExtensions (1.0.2404.1)">
          <package>PowerPages_Core (1.0.2404.86)</package>
        </Required>
        <Dependent type="60" displayName="Profile Web Form (Enhanced)" parentDisplayName="Contact" id="{bddc0100-0dbe-4562-aafe-31d08c8ab506}" />
      </MissingDependency>
      <MissingDependency>
        <Required type="26" schemaName="Active Web Roles" displayName="Active Web Roles" parentSchemaName="mspp_webrole" parentDisplayName="Web Role" solution="PowerPages_Apps (1.0.2402.2)" id="{735de4f0-c287-42eb-b5e6-2f01a75a40fb}">
          <package>PowerPages_Core (1.0.2404.86)</package>
        </Required>
        <Dependent type="60" displayName="Portal Contact (Enhanced)" parentDisplayName="Contact" id="{c1c97961-2d42-4103-abf8-2fe2bdf38224}" />
      </MissingDependency>
      <MissingDependency>
        <Required type="26" schemaName="Active External Identities" displayName="Active External Identities" parentSchemaName="adx_externalidentity" parentDisplayName="External Identity" solution="PowerPages_RuntimeCore (1.0.2402.1)" id="{93fe9ed1-cabf-4755-9f63-4f3f989084e6}">
          <package>PowerPages_Core (1.0.2404.86)</package>
        </Required>
        <Dependent type="60" displayName="Portal Contact (Enhanced)" parentDisplayName="Contact" id="{c1c97961-2d42-4103-abf8-2fe2bdf38224}" />
      </MissingDependency>
      <MissingDependency>
        <Required type="60" displayName="Profile Web Form" parentDisplayName="Contact" solution="MicrosoftPortalBase (9.3.2404.1)" id="{0bd832d5-9d6a-456d-bdc1-21129e82cc0f}">
          <package>CDSBasePortal (9.3.2404.111)</package>
        </Required>
        <Dependent type="60" displayName="Profile Web Form" parentDisplayName="Contact" id="{0bd832d5-9d6a-456d-bdc1-21129e82cc0f}" />
      </MissingDependency>
      <MissingDependency>
        <Required type="60" displayName="Profile Web Form" parentDisplayName="Contact" solution="MicrosoftPortalBase (9.3.2404.1)" id="{0bd832d5-9d6a-456d-bdc1-21129e82cc0f}">
          <package>CDSBasePortal (9.3.2404.111)</package>
        </Required>
        <Dependent type="powerpagecomponent" id="{896f0bcb-8319-4b38-9944-ccd71387dda8}" />
      </MissingDependency>
      <MissingDependency>
        <Required type="60" displayName="Portal Contact" parentDisplayName="Contact" solution="MicrosoftPortalDependencies (9.3.2307.1)" id="{3fb651a5-cdbf-46c9-87fb-d2c748662bb8}">
          <package>CDSBasePortal (9.3.2404.111)</package>
        </Required>
        <Dependent type="60" displayName="Portal Contact" parentDisplayName="Contact" id="{3fb651a5-cdbf-46c9-87fb-d2c748662bb8}" />
      </MissingDependency>
      <MissingDependency>
        <Required type="60" displayName="Portal Contact" parentDisplayName="Contact" solution="MicrosoftPortalDependencies (9.3.2307.1)" id="{3fb651a5-cdbf-46c9-87fb-d2c748662bb8}">
          <package>CDSBasePortal (9.3.2404.111)</package>
        </Required>
        <Dependent type="powerpagecomponent" id="{656ef9f2-1c36-465a-9f10-0f97dd7b137d}" />
      </MissingDependency>
      <MissingDependency>
        <Required type="60" displayName="Profile Web Form (Enhanced)" parentDisplayName="Contact" solution="PowerPages_RuntimeCore (1.0.2402.1)" id="{bddc0100-0dbe-4562-aafe-31d08c8ab506}">
          <package>PowerPages_Core (1.0.2404.86)</package>
        </Required>
        <Dependent type="60" displayName="Profile Web Form (Enhanced)" parentDisplayName="Contact" id="{bddc0100-0dbe-4562-aafe-31d08c8ab506}" />
      </MissingDependency>
      <MissingDependency>
        <Required type="60" displayName="Portal Contact (Enhanced)" parentDisplayName="Contact" solution="PowerPages_RuntimeCore (1.0.2402.1)" id="{c1c97961-2d42-4103-abf8-2fe2bdf38224}">
          <package>PowerPages_Core (1.0.2404.86)</package>
        </Required>
        <Dependent type="60" displayName="Portal Contact (Enhanced)" parentDisplayName="Contact" id="{c1c97961-2d42-4103-abf8-2fe2bdf38224}" />
      </MissingDependency>
      <MissingDependency>
        <Required type="61" schemaName="AppCommon/Contact/Contact_main_system_library.js" displayName="AppCommon/Contact/Contact_main_system_library.js" solution="msdynce_AppCommon (9.0.4.0066)">
          <package>msdynce_AppCommonAnchor (9.0.24043.10003)</package>
        </Required>
        <Dependent type="60" displayName="Profile Web Form (Enhanced)" parentDisplayName="Contact" id="{bddc0100-0dbe-4562-aafe-31d08c8ab506}" />
      </MissingDependency>
      <MissingDependency>
        <Required type="61" schemaName="msdyn_/ActivityFeeds.Form.js" displayName="msdyn_/ActivityFeeds.Form.js" solution="ActivityFeedsCore (9.0.0.0009)" />
        <Dependent type="60" displayName="Profile Web Form (Enhanced)" parentDisplayName="Contact" id="{bddc0100-0dbe-4562-aafe-31d08c8ab506}" />
      </MissingDependency>
      <MissingDependency>
        <Required type="61" schemaName="msdyn_/ActivityFeeds.Form.js" displayName="msdyn_/ActivityFeeds.Form.js" solution="ActivityFeedsCore (9.0.0.0009)" />
        <Dependent type="60" displayName="Portal Contact (Enhanced)" parentDisplayName="Contact" id="{c1c97961-2d42-4103-abf8-2fe2bdf38224}" />
      </MissingDependency>
      <MissingDependency>
        <Required type="61" schemaName="msdyn_/RecordWall.htm" displayName="msdyn_/RecordWall.htm" solution="ActivityFeedsCore (9.0.0.0009)" />
        <Dependent type="60" displayName="Profile Web Form (Enhanced)" parentDisplayName="Contact" id="{bddc0100-0dbe-4562-aafe-31d08c8ab506}" />
      </MissingDependency>
      <MissingDependency>
        <Required type="61" schemaName="msdyn_/RecordWall.htm" displayName="msdyn_/RecordWall.htm" solution="ActivityFeedsCore (9.0.0.0009)" />
        <Dependent type="60" displayName="Portal Contact (Enhanced)" parentDisplayName="Contact" id="{c1c97961-2d42-4103-abf8-2fe2bdf38224}" />
      </MissingDependency>
      <MissingDependency>
        <Required type="61" schemaName="mspp_entities/subgrid_filtering.js" displayName="mspp_entities/subgrid_filtering.js" solution="PowerPages_AppResources (1.0.2312.1)">
          <package>PowerPages_Core (1.0.2404.86)</package>
        </Required>
        <Dependent type="60" displayName="Portal Contact (Enhanced)" parentDisplayName="Contact" id="{c1c97961-2d42-4103-abf8-2fe2bdf38224}" />
      </MissingDependency>
    </MissingDependencies>
  </SolutionManifest>
</ImportExportXml>