<powerpagecomponent powerpagecomponentid="74e69120-5d9a-ee11-be37-0022483d081a">
  <content>{
  "contentdisposition": 756150000,
  "enabletracking": false,
  "excludefromsearch": false,
  "hiddenfromsitemap": false,
  "parentpageid": "5756ae71-5a9a-ee11-be37-0022483d081a",
  "partialurl": "gc-table-en.html",
  "publishingstateid": "e007803a-e299-ee11-be37-0022483c04c3"
}</content>
  <filecontent mimetype="application/octet-stream">gc-table-en.html</filecontent>
  <iscustomizable>1</iscustomizable>
  <name>gc-table-en.html</name>
  <powerpagecomponenttype>3</powerpagecomponenttype>
  <powerpagesiteid>
    <powerpagesiteid>27ad7a40-e299-ee11-be37-0022483c04c3</powerpagesiteid>
  </powerpagesiteid>
  <statecode>0</statecode>
  <statuscode>1</statuscode>
</powerpagecomponent>