{
  "@/css/noscript.css": {
    "hashes": {
      "sha256": "02df3L/+q/rVvjr7WxmnZxOg2XCWimowGqejgavWlkQ=",
      "sha512": "8uUsY0buXdEnpywF8lNFNVgsL/sOWZ97B7zUiFwqU2zx2KB6pnhWz3UvwyeyNekDzSicpOn19XV6OIUj3mJCDw=="
    },
    "integrity": "sha256-02df3L/+q/rVvjr7WxmnZxOg2XCWimowGqejgavWlkQ= sha512-8uUsY0buXdEnpywF8lNFNVgsL/sOWZ97B7zUiFwqU2zx2KB6pnhWz3UvwyeyNekDzSicpOn19XV6OIUj3mJCDw==",
    "path": "/css/noscript.css"
  },
  "@/css/noscript.min.css": {
    "hashes": {
      "sha256": "H4wf4vaqR48KZIMPQ6brn55b9zHri+FRQeLuYyWozzw=",
      "sha512": "L6b5+HGV1csrKiHCK3uJkEBufaCtLDSo19edNcop9YVX1/6Eobqs9/RYJAChZShEb7fhbv12+BSSpOJcZoaMow=="
    },
    "integrity": "sha256-H4wf4vaqR48KZIMPQ6brn55b9zHri+FRQeLuYyWozzw= sha512-L6b5+HGV1csrKiHCK3uJkEBufaCtLDSo19edNcop9YVX1/6Eobqs9/RYJAChZShEb7fhbv12+BSSpOJcZoaMow==",
    "path": "/css/noscript.min.css"
  },
  "@/css/polyfills/datalist.css": {
    "hashes": {
      "sha256": "MkeBfrRF9gQ136zOoLBC4n4onRJTjWzzlNw+TF5dP7I=",
      "sha512": "S7M9UnWzHl6QdnXJSb34HVHHjgSHq8I/UzK4CUsTux1awM+GqpGLgYEItGdDnSCFO9uPONr/cECxWbivU79Mpw=="
    },
    "integrity": "sha256-MkeBfrRF9gQ136zOoLBC4n4onRJTjWzzlNw+TF5dP7I= sha512-S7M9UnWzHl6QdnXJSb34HVHHjgSHq8I/UzK4CUsTux1awM+GqpGLgYEItGdDnSCFO9uPONr/cECxWbivU79Mpw==",
    "path": "/css/polyfills/datalist.css"
  },
  "@/css/polyfills/datalist.min.css": {
    "hashes": {
      "sha256": "bjgjYwiFnMFLdbhcNGaAnQssVSUfRnHq/vF4fbJMHdU=",
      "sha512": "3IEB71gyYqicqAd1guQX61XKnY15jESQ7cg0lACaX0zN+oYqO6AjXwwfFUW1jPKQD2yoVjXxRMSf0q+5x8st+w=="
    },
    "integrity": "sha256-bjgjYwiFnMFLdbhcNGaAnQssVSUfRnHq/vF4fbJMHdU= sha512-3IEB71gyYqicqAd1guQX61XKnY15jESQ7cg0lACaX0zN+oYqO6AjXwwfFUW1jPKQD2yoVjXxRMSf0q+5x8st+w==",
    "path": "/css/polyfills/datalist.min.css"
  },
  "@/css/polyfills/datepicker.css": {
    "hashes": {
      "sha256": "meh26ltfOEX9b+YGkS0gG5dpPldt5bTptP/yryLi05A=",
      "sha512": "OlzTQMRmPKpQI7K7MC6JyntOu0oI9PiBnvQkPJYlnPE8UUZDknPfddBNbrKTjKTLqbRbxR1bNXiSvPTt+h94Ow=="
    },
    "integrity": "sha256-meh26ltfOEX9b+YGkS0gG5dpPldt5bTptP/yryLi05A= sha512-OlzTQMRmPKpQI7K7MC6JyntOu0oI9PiBnvQkPJYlnPE8UUZDknPfddBNbrKTjKTLqbRbxR1bNXiSvPTt+h94Ow==",
    "path": "/css/polyfills/datepicker.css"
  },
  "@/css/polyfills/datepicker.min.css": {
    "hashes": {
      "sha256": "Yj1Nsq8iHFJjtfwMV3kDbnbph4gO6VgzKIA5OVNVY0o=",
      "sha512": "P1hG2dqF1NsahSEKx4MxJwLZZUWzH3xiXf8WxR8dXnRcem7B6Yu0OFCDK1dTVfSquZENYKu5INuGxQyhd93Mlw=="
    },
    "integrity": "sha256-Yj1Nsq8iHFJjtfwMV3kDbnbph4gO6VgzKIA5OVNVY0o= sha512-P1hG2dqF1NsahSEKx4MxJwLZZUWzH3xiXf8WxR8dXnRcem7B6Yu0OFCDK1dTVfSquZENYKu5INuGxQyhd93Mlw==",
    "path": "/css/polyfills/datepicker.min.css"
  },
  "@/css/polyfills/details.css": {
    "hashes": {
      "sha256": "yd1JMe2B0BDXxDX8SfjjswRQQnxay6hLBglSmBKGWh0=",
      "sha512": "4g9OkEPhkCFs9E145j1vKa92po0a6f761nOfHFITB1Krcce5/iB6E77UYd3ozvxgiA43wam/WBeWYHO4pbD1ZQ=="
    },
    "integrity": "sha256-yd1JMe2B0BDXxDX8SfjjswRQQnxay6hLBglSmBKGWh0= sha512-4g9OkEPhkCFs9E145j1vKa92po0a6f761nOfHFITB1Krcce5/iB6E77UYd3ozvxgiA43wam/WBeWYHO4pbD1ZQ==",
    "path": "/css/polyfills/details.css"
  },
  "@/css/polyfills/details.min.css": {
    "hashes": {
      "sha256": "88wn8wVsMeX/gi5+Os6bY3U9vTTuk1VqQgNLjOMEMUA=",
      "sha512": "mGpWmCEqBo2uXeCiDjqduE0t23SsuGAIRz45YIQTk5ohiGOnKJWhlAVKtrElz6CS7jL0RMQkSgtxhWUHWMFGAg=="
    },
    "integrity": "sha256-88wn8wVsMeX/gi5+Os6bY3U9vTTuk1VqQgNLjOMEMUA= sha512-mGpWmCEqBo2uXeCiDjqduE0t23SsuGAIRz45YIQTk5ohiGOnKJWhlAVKtrElz6CS7jL0RMQkSgtxhWUHWMFGAg==",
    "path": "/css/polyfills/details.min.css"
  },
  "@/css/polyfills/mathml.css": {
    "hashes": {
      "sha256": "BQAoM8A/mOP9peMmgEQ1pClwignfMBBlinmAjL6hQwA=",
      "sha512": "b5fnCyoY4rF0mBRaImm3rWJ8PBZXhuiVP6kAT975NUDRzVVvHhde8cyKeLXMhNjAYWh9II28YSvtI9VgWUnDMg=="
    },
    "integrity": "sha256-BQAoM8A/mOP9peMmgEQ1pClwignfMBBlinmAjL6hQwA= sha512-b5fnCyoY4rF0mBRaImm3rWJ8PBZXhuiVP6kAT975NUDRzVVvHhde8cyKeLXMhNjAYWh9II28YSvtI9VgWUnDMg==",
    "path": "/css/polyfills/mathml.css"
  },
  "@/css/polyfills/mathml.min.css": {
    "hashes": {
      "sha256": "ud0mQS4dqusUR6tRCx6zabZlnp/ybsAuJ4OBXrTiL8I=",
      "sha512": "J0UGN025IcaMFFOe178q3/W8UbrXSXHCtUHmtTX7IGOY5Re37u0HdkEo6tyS9QwEUH3RVtMOyEKuO9T9XnUQ9Q=="
    },
    "integrity": "sha256-ud0mQS4dqusUR6tRCx6zabZlnp/ybsAuJ4OBXrTiL8I= sha512-J0UGN025IcaMFFOe178q3/W8UbrXSXHCtUHmtTX7IGOY5Re37u0HdkEo6tyS9QwEUH3RVtMOyEKuO9T9XnUQ9Q==",
    "path": "/css/polyfills/mathml.min.css"
  },
  "@/css/polyfills/meter.css": {
    "hashes": {
      "sha256": "zuJmF6qlepwPZvtAK9C22yvstszbHOM4wW5QgCgF08A=",
      "sha512": "PImeid9MQmHT+EI9H9O72PWZjiQYAmwhqW3JbEXUMdOyOBo6qjVgiBR7yzpYWKlWvN34iPMVHR+8j9XJejfdtA=="
    },
    "integrity": "sha256-zuJmF6qlepwPZvtAK9C22yvstszbHOM4wW5QgCgF08A= sha512-PImeid9MQmHT+EI9H9O72PWZjiQYAmwhqW3JbEXUMdOyOBo6qjVgiBR7yzpYWKlWvN34iPMVHR+8j9XJejfdtA==",
    "path": "/css/polyfills/meter.css"
  },
  "@/css/polyfills/meter.min.css": {
    "hashes": {
      "sha256": "gxzHL9/VdJlJd9G0/ebIp2jEnbfLd0ALIBnZ0ixWoNE=",
      "sha512": "MpMZX0XRjoKxqv5E2EjA3m0tyyatmBZnffMVDSVPNOz5V5uBNJtzQrQBa7yvgqdKqe9TZKAK9Mg2FY7wrRqi5Q=="
    },
    "integrity": "sha256-gxzHL9/VdJlJd9G0/ebIp2jEnbfLd0ALIBnZ0ixWoNE= sha512-MpMZX0XRjoKxqv5E2EjA3m0tyyatmBZnffMVDSVPNOz5V5uBNJtzQrQBa7yvgqdKqe9TZKAK9Mg2FY7wrRqi5Q==",
    "path": "/css/polyfills/meter.min.css"
  },
  "@/css/polyfills/progress.css": {
    "hashes": {
      "sha256": "FgCfBSLIlFYPMzgudQaWkKIw+URwyBH5DEirQNp7tA4=",
      "sha512": "bSiflFx311hJ+cILBkoU83YjsQOziXJed9wzXOTw0dTER+/vffvFcQm5B+qaOJAAMOO2kLbIhAZaHm0k8M7FfA=="
    },
    "integrity": "sha256-FgCfBSLIlFYPMzgudQaWkKIw+URwyBH5DEirQNp7tA4= sha512-bSiflFx311hJ+cILBkoU83YjsQOziXJed9wzXOTw0dTER+/vffvFcQm5B+qaOJAAMOO2kLbIhAZaHm0k8M7FfA==",
    "path": "/css/polyfills/progress.css"
  },
  "@/css/polyfills/progress.min.css": {
    "hashes": {
      "sha256": "X6WQ9ILLgEvL1J8/J+FvlQX3NwmDM0gJOJeU53RtOEw=",
      "sha512": "mUvioGcSQGkU84vOz3ANuacd+yBVw5SpH47EmCMBd66NRmoNWGq/kfgfixOPgXvA9l5IpVK7G6Gpbk1VwHbj/A=="
    },
    "integrity": "sha256-X6WQ9ILLgEvL1J8/J+FvlQX3NwmDM0gJOJeU53RtOEw= sha512-mUvioGcSQGkU84vOz3ANuacd+yBVw5SpH47EmCMBd66NRmoNWGq/kfgfixOPgXvA9l5IpVK7G6Gpbk1VwHbj/A==",
    "path": "/css/polyfills/progress.min.css"
  },
  "@/css/polyfills/slider.css": {
    "hashes": {
      "sha256": "JDg4JH+r21wDzgYJaIBB6FMRLol2j2/SnsaMKsR4IPU=",
      "sha512": "JjyvxdyA26pBeqKr3vNbVe6AFQhNprw/3EqYfz7noXHcfCbrhQuv+hF0pjOHAFsZlul7RkR5bGCluxdyS14x7Q=="
    },
    "integrity": "sha256-JDg4JH+r21wDzgYJaIBB6FMRLol2j2/SnsaMKsR4IPU= sha512-JjyvxdyA26pBeqKr3vNbVe6AFQhNprw/3EqYfz7noXHcfCbrhQuv+hF0pjOHAFsZlul7RkR5bGCluxdyS14x7Q==",
    "path": "/css/polyfills/slider.css"
  },
  "@/css/polyfills/slider.min.css": {
    "hashes": {
      "sha256": "NE1azSEbtU3OQyB62Q2DBV7NITfibiBx4AplLunIY5A=",
      "sha512": "A+/CMu+Pq3QhLBZbEM5JTePbXpvpspSnAszAHBVjvJj92OtSZz6O0xMeQcv8WgCwX9xHWCEpq+fhdvlg9ouRQQ=="
    },
    "integrity": "sha256-NE1azSEbtU3OQyB62Q2DBV7NITfibiBx4AplLunIY5A= sha512-A+/CMu+Pq3QhLBZbEM5JTePbXpvpspSnAszAHBVjvJj92OtSZz6O0xMeQcv8WgCwX9xHWCEpq+fhdvlg9ouRQQ==",
    "path": "/css/polyfills/slider.min.css"
  },
  "@/js/deps/additional-methods.js": {
    "hashes": {
      "sha256": "0HeMWyQUbTbe7SGnSYbjj9+HVA0hKDmEUtbYoTKe+Bk=",
      "sha512": "n9HW9lIIxL1++t4PqOLyw1sTcqZhvaLBKQOBEwKR3lntF4nVULdfYrD+lklcoM8i0rqEeN522u7d4v7NhvdUWg=="
    },
    "integrity": "sha256-0HeMWyQUbTbe7SGnSYbjj9+HVA0hKDmEUtbYoTKe+Bk= sha512-n9HW9lIIxL1++t4PqOLyw1sTcqZhvaLBKQOBEwKR3lntF4nVULdfYrD+lklcoM8i0rqEeN522u7d4v7NhvdUWg==",
    "path": "/js/deps/additional-methods.js"
  },
  "@/js/deps/additional-methods.min.js": {
    "hashes": {
      "sha256": "71DylbH1sBhESoKjc3r59Dek8UDJVyhICbH3mrFQAro=",
      "sha512": "vo4hvcbSOFicsIKG65psK6MEtMM4qze+j9tx8l3H385IqqE8w/u5XQhG8DxNQtWkIKxakE3fq6gKlriIBhW52A=="
    },
    "integrity": "sha256-71DylbH1sBhESoKjc3r59Dek8UDJVyhICbH3mrFQAro= sha512-vo4hvcbSOFicsIKG65psK6MEtMM4qze+j9tx8l3H385IqqE8w/u5XQhG8DxNQtWkIKxakE3fq6gKlriIBhW52A==",
    "path": "/js/deps/additional-methods.min.js"
  },
  "@/js/deps/geomap-lib.js": {
    "hashes": {
      "sha256": "tsV6aXyEeVCS7Vpv5uA7O4wXDTR78EVVpNzCuty5Cns=",
      "sha512": "BdpwPvLGKiBXMLY3mMTDQRJs31AgUqAN+yWqlhyXVWhCH3aZLV2GQEz/D4eHy6lrOdcHaxr1GS/ox+Sfoi0NMg=="
    },
    "integrity": "sha256-tsV6aXyEeVCS7Vpv5uA7O4wXDTR78EVVpNzCuty5Cns= sha512-BdpwPvLGKiBXMLY3mMTDQRJs31AgUqAN+yWqlhyXVWhCH3aZLV2GQEz/D4eHy6lrOdcHaxr1GS/ox+Sfoi0NMg==",
    "path": "/js/deps/geomap-lib.js"
  },
  "@/js/deps/geomap-lib.min.js": {
    "hashes": {
      "sha256": "Mvn6w3Wky3Ao99BYBaT6FU8xPQn2eX2LIHqfidMRHy0=",
      "sha512": "rau18cW2lr9sm1pKW1WMAWwaChXH+XlIKbw2P7maKkWSuXUIQJ3PyPggFIkKue2TlYo2d3r3a4nyAU+5mYWgFg=="
    },
    "integrity": "sha256-Mvn6w3Wky3Ao99BYBaT6FU8xPQn2eX2LIHqfidMRHy0= sha512-rau18cW2lr9sm1pKW1WMAWwaChXH+XlIKbw2P7maKkWSuXUIQJ3PyPggFIkKue2TlYo2d3r3a4nyAU+5mYWgFg==",
    "path": "/js/deps/geomap-lib.min.js"
  },
  "@/js/deps/jquery.dataTables.js": {
    "hashes": {
      "sha256": "38kzJaiQSbkhoqXbpsRa/Pcj3Bq5JVqhSTFvmcN8Mf8=",
      "sha512": "g4e/mud5brYkgJR0+/gdR9N93AeSQQKPHfrQu7sbkmlcNpCNLw+9Zbl3zWRRcI3Pty3exhFUHzCEOJkv+W/NRw=="
    },
    "integrity": "sha256-38kzJaiQSbkhoqXbpsRa/Pcj3Bq5JVqhSTFvmcN8Mf8= sha512-g4e/mud5brYkgJR0+/gdR9N93AeSQQKPHfrQu7sbkmlcNpCNLw+9Zbl3zWRRcI3Pty3exhFUHzCEOJkv+W/NRw==",
    "path": "/js/deps/jquery.dataTables.js"
  },
  "@/js/deps/jquery.dataTables.min.js": {
    "hashes": {
      "sha256": "wfzC64CoUIUZXaXQ/Zmu9BRkpvZsvBJ0TJxRfIUKQq8=",
      "sha512": "AKGjKcXYvMms6de0SprCoBE67DmhedLO8BDWqAyDFDwzshW6di30RVRKZ1m/yLhWUpK1fOQMy4y540AV123BOw=="
    },
    "integrity": "sha256-wfzC64CoUIUZXaXQ/Zmu9BRkpvZsvBJ0TJxRfIUKQq8= sha512-AKGjKcXYvMms6de0SprCoBE67DmhedLO8BDWqAyDFDwzshW6di30RVRKZ1m/yLhWUpK1fOQMy4y540AV123BOw==",
    "path": "/js/deps/jquery.dataTables.min.js"
  },
  "@/js/deps/jquery.flot.canvas.js": {
    "hashes": {
      "sha256": "mTHUpH3yGB4kOQC51JVul/r4yVT3376j/9xYDliYsKE=",
      "sha512": "VcbxgAnq/R3U5FCfOFs9TIbHPNzlQ7bjKEGys2768wGZNWwx9ZyIBQ9vHMbHhz/HwH27Qx2lfNOBSHEL+4lzEA=="
    },
    "integrity": "sha256-mTHUpH3yGB4kOQC51JVul/r4yVT3376j/9xYDliYsKE= sha512-VcbxgAnq/R3U5FCfOFs9TIbHPNzlQ7bjKEGys2768wGZNWwx9ZyIBQ9vHMbHhz/HwH27Qx2lfNOBSHEL+4lzEA==",
    "path": "/js/deps/jquery.flot.canvas.js"
  },
  "@/js/deps/jquery.flot.canvas.min.js": {
    "hashes": {
      "sha256": "Qg+0u1clin31AzmkweONpb3LE/uDiovtP9ugaCTt5ZE=",
      "sha512": "LURFEXD5edAQCG5qmxGPfgGnN+Qg5YpswZTmZTXFP/lV0fTgVA5yzm15nXvd6T1hrwqmzn/WCap/cexwhSMjkQ=="
    },
    "integrity": "sha256-Qg+0u1clin31AzmkweONpb3LE/uDiovtP9ugaCTt5ZE= sha512-LURFEXD5edAQCG5qmxGPfgGnN+Qg5YpswZTmZTXFP/lV0fTgVA5yzm15nXvd6T1hrwqmzn/WCap/cexwhSMjkQ==",
    "path": "/js/deps/jquery.flot.canvas.min.js"
  },
  "@/js/deps/jquery.flot.js": {
    "hashes": {
      "sha256": "t7kx8nPDixJ3ucbB9OBcTsCYhaSHvdrzJ54tfkmjjhI=",
      "sha512": "1bVFcysZL1+sq86GjuK3hopY6NUKgO8hbXkMn8Bh7OEKYuUKAsu+77qYVCCEkm5XkeKh4yodJtVNRQzbDjoA1Q=="
    },
    "integrity": "sha256-t7kx8nPDixJ3ucbB9OBcTsCYhaSHvdrzJ54tfkmjjhI= sha512-1bVFcysZL1+sq86GjuK3hopY6NUKgO8hbXkMn8Bh7OEKYuUKAsu+77qYVCCEkm5XkeKh4yodJtVNRQzbDjoA1Q==",
    "path": "/js/deps/jquery.flot.js"
  },
  "@/js/deps/jquery.flot.min.js": {
    "hashes": {
      "sha256": "b76AmNr2/f8xyqjwaBoJ4y4+Pddupo75YwWnIvktwSI=",
      "sha512": "NMzDDk81zKKF6EDAkx9E6FRxH1s8KEq0VDVgeEfIBu1dmxIweuPtur+6nCzGw0+bLJk0wG54vDzZiL0CCYcMkQ=="
    },
    "integrity": "sha256-b76AmNr2/f8xyqjwaBoJ4y4+Pddupo75YwWnIvktwSI= sha512-NMzDDk81zKKF6EDAkx9E6FRxH1s8KEq0VDVgeEfIBu1dmxIweuPtur+6nCzGw0+bLJk0wG54vDzZiL0CCYcMkQ==",
    "path": "/js/deps/jquery.flot.min.js"
  },
  "@/js/deps/jquery.flot.orderBars.js": {
    "hashes": {
      "sha256": "nVTzClItiOo0w9+7Hv1miZVYWJuStu1JmhEG6/uxFXk=",
      "sha512": "LENlY0WNHYPxuUB1eYcIEL64n5NWNjDxdgahXqS6BUMAze/NEYAvdYzww9NR1Nckw/7Skk2g28LSHehNMAySqA=="
    },
    "integrity": "sha256-nVTzClItiOo0w9+7Hv1miZVYWJuStu1JmhEG6/uxFXk= sha512-LENlY0WNHYPxuUB1eYcIEL64n5NWNjDxdgahXqS6BUMAze/NEYAvdYzww9NR1Nckw/7Skk2g28LSHehNMAySqA==",
    "path": "/js/deps/jquery.flot.orderBars.js"
  },
  "@/js/deps/jquery.flot.orderBars.min.js": {
    "hashes": {
      "sha256": "hnuXlLBtbZFEHEjVVzk2VGiyCH7vSE5HhalOLyy7ot4=",
      "sha512": "j769cBhfy7hTuyUlXDJhF1eOBCPaHBRt6ayKPUGfYDvFzOjSWdS4CLDgH/yxqzQm/94xJ6HkZkggwY+Ea0tEBg=="
    },
    "integrity": "sha256-hnuXlLBtbZFEHEjVVzk2VGiyCH7vSE5HhalOLyy7ot4= sha512-j769cBhfy7hTuyUlXDJhF1eOBCPaHBRt6ayKPUGfYDvFzOjSWdS4CLDgH/yxqzQm/94xJ6HkZkggwY+Ea0tEBg==",
    "path": "/js/deps/jquery.flot.orderBars.min.js"
  },
  "@/js/deps/jquery.flot.pie.js": {
    "hashes": {
      "sha256": "RsEWYd9gdLG1bCIcU8j59Rkvf/1O7HtzoD1TRUs22cU=",
      "sha512": "V3iOMkZtV7KXIFPCdu/HcZOXSGPk3olaSEXOTlhSoFxmFbzHh8n0cG+fgQPWHSwSevWkoQR9hM3XPeJyJrGJ5g=="
    },
    "integrity": "sha256-RsEWYd9gdLG1bCIcU8j59Rkvf/1O7HtzoD1TRUs22cU= sha512-V3iOMkZtV7KXIFPCdu/HcZOXSGPk3olaSEXOTlhSoFxmFbzHh8n0cG+fgQPWHSwSevWkoQR9hM3XPeJyJrGJ5g==",
    "path": "/js/deps/jquery.flot.pie.js"
  },
  "@/js/deps/jquery.flot.pie.min.js": {
    "hashes": {
      "sha256": "Bo8bgUQq6+s771aQUGU7fxb3eQrDAc71BTHqg3xZEpM=",
      "sha512": "hmjb+ZFYYiQND8mMBKUh8aFYdAp4YwHNBmS8Mo9bw7F6WtX/g0JlIyUxda4F9ATNxF2IMHQ/7pI1E1IuVP2QBQ=="
    },
    "integrity": "sha256-Bo8bgUQq6+s771aQUGU7fxb3eQrDAc71BTHqg3xZEpM= sha512-hmjb+ZFYYiQND8mMBKUh8aFYdAp4YwHNBmS8Mo9bw7F6WtX/g0JlIyUxda4F9ATNxF2IMHQ/7pI1E1IuVP2QBQ==",
    "path": "/js/deps/jquery.flot.pie.min.js"
  },
  "@/js/deps/jquery.magnific-popup.js": {
    "hashes": {
      "sha256": "DIyCtPYsVZHVpPz27+wPEx5fsS/KY3JYU/ZjT4ovVbc=",
      "sha512": "SczEBPsEhipDOUK85nxEqAzy+Allqe44uV0y2evMy7+CNz86ZpHPoCvgEDOveBHBnrQ5kNedGSqoDIBu2TZjHQ=="
    },
    "integrity": "sha256-DIyCtPYsVZHVpPz27+wPEx5fsS/KY3JYU/ZjT4ovVbc= sha512-SczEBPsEhipDOUK85nxEqAzy+Allqe44uV0y2evMy7+CNz86ZpHPoCvgEDOveBHBnrQ5kNedGSqoDIBu2TZjHQ==",
    "path": "/js/deps/jquery.magnific-popup.js"
  },
  "@/js/deps/jquery.magnific-popup.min.js": {
    "hashes": {
      "sha256": "LR1lYJGSIlAs8ckqXCPlooqo5a/atZ6dk3bOB86f34s=",
      "sha512": "heUpNhCaVwU7SSKbhqfuWs/CVl178ICKdMesHLWgpPS0fudvex9pITgoQPGauF5VAGwS+LQO/nvTUjkcIUgtuw=="
    },
    "integrity": "sha256-LR1lYJGSIlAs8ckqXCPlooqo5a/atZ6dk3bOB86f34s= sha512-heUpNhCaVwU7SSKbhqfuWs/CVl178ICKdMesHLWgpPS0fudvex9pITgoQPGauF5VAGwS+LQO/nvTUjkcIUgtuw==",
    "path": "/js/deps/jquery.magnific-popup.min.js"
  },
  "@/js/deps/jquery.validate.js": {
    "hashes": {
      "sha256": "m0l81WDPiG7CcG7CDsTuZzvcGvyFmrQY5DLIxx3aRGw=",
      "sha512": "IFD8s8Ds5M/7XsAQXNXtHVdiA8EnBR6bZhy0R+Y7fruej9fNPkrZ6+0/dP8yfRU1u2x9De4WYGCNvoaIhmhnpg=="
    },
    "integrity": "sha256-m0l81WDPiG7CcG7CDsTuZzvcGvyFmrQY5DLIxx3aRGw= sha512-IFD8s8Ds5M/7XsAQXNXtHVdiA8EnBR6bZhy0R+Y7fruej9fNPkrZ6+0/dP8yfRU1u2x9De4WYGCNvoaIhmhnpg==",
    "path": "/js/deps/jquery.validate.js"
  },
  "@/js/deps/jquery.validate.min.js": {
    "hashes": {
      "sha256": "Pwx8MI4CCJsWiJpLkvl8BMBYlzIY1BiSKAk7lS1wGu8=",
      "sha512": "8RPN9MfUgsai8MAJwhzbp7xZNkX70rkmsRQOmRNI6QHkE2HYomAIEhuT1FTPfJMvz8SmGa0CTsw0wNhthJruBg=="
    },
    "integrity": "sha256-Pwx8MI4CCJsWiJpLkvl8BMBYlzIY1BiSKAk7lS1wGu8= sha512-8RPN9MfUgsai8MAJwhzbp7xZNkX70rkmsRQOmRNI6QHkE2HYomAIEhuT1FTPfJMvz8SmGa0CTsw0wNhthJruBg==",
    "path": "/js/deps/jquery.validate.min.js"
  },
  "@/js/deps/json-patch.js": {
    "hashes": {
      "sha256": "IRdRsKexw/kYgG9tKgFVvISAQ0hPVzkS+SziyLu0h1g=",
      "sha512": "Aa7lLR01JeTBkWK0uofetgH2QWXId5W+BeN/093xvcbr5zcSo0ZWfL9zvuucNruuVZxMFR4rPBOX/6jCNtx5fg=="
    },
    "integrity": "sha256-IRdRsKexw/kYgG9tKgFVvISAQ0hPVzkS+SziyLu0h1g= sha512-Aa7lLR01JeTBkWK0uofetgH2QWXId5W+BeN/093xvcbr5zcSo0ZWfL9zvuucNruuVZxMFR4rPBOX/6jCNtx5fg==",
    "path": "/js/deps/json-patch.js"
  },
  "@/js/deps/json-patch.min.js": {
    "hashes": {
      "sha256": "6Rt3bhnqWs1JqmFZWbkwdusZDSrlWDPOtgLiPcL6T5c=",
      "sha512": "p6As4xU7/GpAZRgTmVAIch/7XUuuvkan/mKBpGV2lMX9f+MVONLYylb6XthnQDQNue4t0vNC6HQM2fxr5jFSdQ=="
    },
    "integrity": "sha256-6Rt3bhnqWs1JqmFZWbkwdusZDSrlWDPOtgLiPcL6T5c= sha512-p6As4xU7/GpAZRgTmVAIch/7XUuuvkan/mKBpGV2lMX9f+MVONLYylb6XthnQDQNue4t0vNC6HQM2fxr5jFSdQ==",
    "path": "/js/deps/json-patch.min.js"
  },
  "@/js/deps/jsonpointer.js": {
    "hashes": {
      "sha256": "I5+CI8HkLHpBDm2qN3zS7j297/OQWP8pOzFoTxPe6yU=",
      "sha512": "WW3Cbp2XFuIAniT5nY38c+MvMYTLZiUX04QE1dNPUHgVyxRWdLgMmkUTCeEL55p3oXy6SpJveiylCuk+EnuGIQ=="
    },
    "integrity": "sha256-I5+CI8HkLHpBDm2qN3zS7j297/OQWP8pOzFoTxPe6yU= sha512-WW3Cbp2XFuIAniT5nY38c+MvMYTLZiUX04QE1dNPUHgVyxRWdLgMmkUTCeEL55p3oXy6SpJveiylCuk+EnuGIQ==",
    "path": "/js/deps/jsonpointer.js"
  },
  "@/js/deps/jsonpointer.min.js": {
    "hashes": {
      "sha256": "fu64XlbjDZnOqHKkq4Ou5N+VEb8NezSMnyv4FH+mGXw=",
      "sha512": "8VxIEx+47XVpyPwcJ342Or6NpIxX/80xBZBnbT0MbGzdD/fQy0C2PFNwC9xYPEo9psnuJ76FZhQRoLcEPOu9iQ=="
    },
    "integrity": "sha256-fu64XlbjDZnOqHKkq4Ou5N+VEb8NezSMnyv4FH+mGXw= sha512-8VxIEx+47XVpyPwcJ342Or6NpIxX/80xBZBnbT0MbGzdD/fQy0C2PFNwC9xYPEo9psnuJ76FZhQRoLcEPOu9iQ==",
    "path": "/js/deps/jsonpointer.min.js"
  },
  "@/js/deps/lang-apollo.js": {
    "hashes": {
      "sha256": "PTOdrzzdSkcODhIc6xltoaxN4JkPhsw+8CeSAPeif2o=",
      "sha512": "Dw7WUovNDAGiXMUsenvVmLiYLGg/IPQhAQLW64HlduHbAzJT0UDO6SOsRP70dNWoaaHd7TUTTAnIWyTHMoZDuw=="
    },
    "integrity": "sha256-PTOdrzzdSkcODhIc6xltoaxN4JkPhsw+8CeSAPeif2o= sha512-Dw7WUovNDAGiXMUsenvVmLiYLGg/IPQhAQLW64HlduHbAzJT0UDO6SOsRP70dNWoaaHd7TUTTAnIWyTHMoZDuw==",
    "path": "/js/deps/lang-apollo.js"
  },
  "@/js/deps/lang-apollo.min.js": {
    "hashes": {
      "sha256": "I6hsyOiP5eh0U9ucnT4DwfN/9cQJkdDyWW2J5dJ3TtE=",
      "sha512": "lF1LKdH+onp0dmcWkl9zHksG8YWG4E89XpjQV6Qm60wCSkvm+jVqWPj3c1+Wpksz5lS8p3BEknFguVQo84W6iA=="
    },
    "integrity": "sha256-I6hsyOiP5eh0U9ucnT4DwfN/9cQJkdDyWW2J5dJ3TtE= sha512-lF1LKdH+onp0dmcWkl9zHksG8YWG4E89XpjQV6Qm60wCSkvm+jVqWPj3c1+Wpksz5lS8p3BEknFguVQo84W6iA==",
    "path": "/js/deps/lang-apollo.min.js"
  },
  "@/js/deps/lang-basic.js": {
    "hashes": {
      "sha256": "3M+ZsG5vIKIkPkOjGJjBeUePzVOi2SdiR7TDymSHcPk=",
      "sha512": "44A0aZlymXmnppCnD9O8o6BQQ7OPSIUbYyszhXOnRZOJsJCD1My0LQSjbW96ulBmGySCPOqDQCRtmaMTxg1q8g=="
    },
    "integrity": "sha256-3M+ZsG5vIKIkPkOjGJjBeUePzVOi2SdiR7TDymSHcPk= sha512-44A0aZlymXmnppCnD9O8o6BQQ7OPSIUbYyszhXOnRZOJsJCD1My0LQSjbW96ulBmGySCPOqDQCRtmaMTxg1q8g==",
    "path": "/js/deps/lang-basic.js"
  },
  "@/js/deps/lang-basic.min.js": {
    "hashes": {
      "sha256": "83VoGKB5hlhHEdonxuBZP7KjqE1L+NuNY4HJ3ubgZDQ=",
      "sha512": "baCBA8ZqnQQT4p5IvqFAvTEboZiuvJI9Y/GUcAzVp9frOTKTVqspaMiddlQq/FOsuV1eCAHWQr9r7ZFe0pm3rA=="
    },
    "integrity": "sha256-83VoGKB5hlhHEdonxuBZP7KjqE1L+NuNY4HJ3ubgZDQ= sha512-baCBA8ZqnQQT4p5IvqFAvTEboZiuvJI9Y/GUcAzVp9frOTKTVqspaMiddlQq/FOsuV1eCAHWQr9r7ZFe0pm3rA==",
    "path": "/js/deps/lang-basic.min.js"
  },
  "@/js/deps/lang-clj.js": {
    "hashes": {
      "sha256": "YjAmTMYsJEHXlGmpqsR93Cd+coxGhxiR52W4rRbMDiw=",
      "sha512": "VjIXNssHs1mbkAtjK8yauD8oI0YNPp1ngrgcaVdBk+g+7Rb+E/hO9wscyn1azg+7j61x2hsPfoHjQBC9vPgbGQ=="
    },
    "integrity": "sha256-YjAmTMYsJEHXlGmpqsR93Cd+coxGhxiR52W4rRbMDiw= sha512-VjIXNssHs1mbkAtjK8yauD8oI0YNPp1ngrgcaVdBk+g+7Rb+E/hO9wscyn1azg+7j61x2hsPfoHjQBC9vPgbGQ==",
    "path": "/js/deps/lang-clj.js"
  },
  "@/js/deps/lang-clj.min.js": {
    "hashes": {
      "sha256": "ngCqHbXv0ilvczDuKhOiI5quPSS+ypkjvaKeIEIAaJ4=",
      "sha512": "idEP1VVCJTTMxzR82Xhds1KDNJ+zD/5f+ommYN/wqAJkANhtKkjCpFEICuKBV0BSiU+oKoPKiqZCkDILFb4uCw=="
    },
    "integrity": "sha256-ngCqHbXv0ilvczDuKhOiI5quPSS+ypkjvaKeIEIAaJ4= sha512-idEP1VVCJTTMxzR82Xhds1KDNJ+zD/5f+ommYN/wqAJkANhtKkjCpFEICuKBV0BSiU+oKoPKiqZCkDILFb4uCw==",
    "path": "/js/deps/lang-clj.min.js"
  },
  "@/js/deps/lang-css.js": {
    "hashes": {
      "sha256": "ycLZWB6czV/jMl8xYTV4ItYMVuFORedXBmzcSG3hFJE=",
      "sha512": "pHqniDVRfYCmL9504YVt46JQoN+szbobVribrqRmIJdHNoHO2eGvxNoihMl1UOUfQf2CeuAJfyLRZO5udg+ueA=="
    },
    "integrity": "sha256-ycLZWB6czV/jMl8xYTV4ItYMVuFORedXBmzcSG3hFJE= sha512-pHqniDVRfYCmL9504YVt46JQoN+szbobVribrqRmIJdHNoHO2eGvxNoihMl1UOUfQf2CeuAJfyLRZO5udg+ueA==",
    "path": "/js/deps/lang-css.js"
  },
  "@/js/deps/lang-css.min.js": {
    "hashes": {
      "sha256": "ZRcQhWauT6RPq2VvrPKLhP15/qUMUDHMrG8tXbtMw6U=",
      "sha512": "yXYzar/uI3pSOISA2lOvMvwkpAX0X0pFTtYezLgU+iWruTE+B3njj74RNyYzqCbngZ2zE7kOISRMnO9FWHfF1Q=="
    },
    "integrity": "sha256-ZRcQhWauT6RPq2VvrPKLhP15/qUMUDHMrG8tXbtMw6U= sha512-yXYzar/uI3pSOISA2lOvMvwkpAX0X0pFTtYezLgU+iWruTE+B3njj74RNyYzqCbngZ2zE7kOISRMnO9FWHfF1Q==",
    "path": "/js/deps/lang-css.min.js"
  },
  "@/js/deps/lang-dart.js": {
    "hashes": {
      "sha256": "JyiG8OB75u1xxPNUkJKsl92mY2V4IhF72qn9fbWAxM0=",
      "sha512": "atYJGmptxwgIgl+6IVuOOB5tMAO0FDRVBmjpCbfWdJ65ftKBc3AF04k5XfhwM+UBMLwA6jj/HryQCJznnmnsOA=="
    },
    "integrity": "sha256-JyiG8OB75u1xxPNUkJKsl92mY2V4IhF72qn9fbWAxM0= sha512-atYJGmptxwgIgl+6IVuOOB5tMAO0FDRVBmjpCbfWdJ65ftKBc3AF04k5XfhwM+UBMLwA6jj/HryQCJznnmnsOA==",
    "path": "/js/deps/lang-dart.js"
  },
  "@/js/deps/lang-dart.min.js": {
    "hashes": {
      "sha256": "tQxY2OXzC6QWMCWtegg5dr/IkzROn/24uCnpAOFCtFI=",
      "sha512": "GgppiVBOa2AwhF/szpC1FtjeAIyp2/j0brO6IwdMqc3g+xq46bWfWrI3QFyppgS7uixm7gB6UOVEag4IvLV5cg=="
    },
    "integrity": "sha256-tQxY2OXzC6QWMCWtegg5dr/IkzROn/24uCnpAOFCtFI= sha512-GgppiVBOa2AwhF/szpC1FtjeAIyp2/j0brO6IwdMqc3g+xq46bWfWrI3QFyppgS7uixm7gB6UOVEag4IvLV5cg==",
    "path": "/js/deps/lang-dart.min.js"
  },
  "@/js/deps/lang-erlang.js": {
    "hashes": {
      "sha256": "usIV7/GVro1GumI7dVGn3FWTGs7mC+OXDtXF9xd03Ak=",
      "sha512": "6WJRSOd86GY+HK86RswMrOjF63rYr5WLakE0rWGsMaU+i4xsaZZGrOFaovij3XPujhOdErMmNnZCIr2ANqqung=="
    },
    "integrity": "sha256-usIV7/GVro1GumI7dVGn3FWTGs7mC+OXDtXF9xd03Ak= sha512-6WJRSOd86GY+HK86RswMrOjF63rYr5WLakE0rWGsMaU+i4xsaZZGrOFaovij3XPujhOdErMmNnZCIr2ANqqung==",
    "path": "/js/deps/lang-erlang.js"
  },
  "@/js/deps/lang-erlang.min.js": {
    "hashes": {
      "sha256": "gRGxnldq2lOWceTnoeFYHq5tAyDtZRsUyxuRcqgQESY=",
      "sha512": "2SUb9wQfLtpBi1G5RcLtnwXXAgZAWyZMCkVVO8QHtk+jUulf5LOvTbQrFq0QsGaQKog4nYpK2C1JUFXFDfridQ=="
    },
    "integrity": "sha256-gRGxnldq2lOWceTnoeFYHq5tAyDtZRsUyxuRcqgQESY= sha512-2SUb9wQfLtpBi1G5RcLtnwXXAgZAWyZMCkVVO8QHtk+jUulf5LOvTbQrFq0QsGaQKog4nYpK2C1JUFXFDfridQ==",
    "path": "/js/deps/lang-erlang.min.js"
  },
  "@/js/deps/lang-go.js": {
    "hashes": {
      "sha256": "M8Iao5i7Jh3wzicDgo9BK/eOZUDDMlnd+0EkJZsYcNI=",
      "sha512": "6PEmGRIxaXF8l6aR3QrqrW4aPeuraY6nlrQQmXg0K0apDbcDjAAeRDo+02IgYTGKQc9YT3NFugkxfT1gOku/Bg=="
    },
    "integrity": "sha256-M8Iao5i7Jh3wzicDgo9BK/eOZUDDMlnd+0EkJZsYcNI= sha512-6PEmGRIxaXF8l6aR3QrqrW4aPeuraY6nlrQQmXg0K0apDbcDjAAeRDo+02IgYTGKQc9YT3NFugkxfT1gOku/Bg==",
    "path": "/js/deps/lang-go.js"
  },
  "@/js/deps/lang-go.min.js": {
    "hashes": {
      "sha256": "yzyh4ddaM/DbWgeuyuYSpwHyy5YzktgrkLmUF6w7omE=",
      "sha512": "6G7Q5/CreivNXTavJTpWyvs7jaF7iryuFztYZDkV0abPmsCcktHTplcfD4IfrBo6cGiOZuq4mAqkWVR8DQ1xwg=="
    },
    "integrity": "sha256-yzyh4ddaM/DbWgeuyuYSpwHyy5YzktgrkLmUF6w7omE= sha512-6G7Q5/CreivNXTavJTpWyvs7jaF7iryuFztYZDkV0abPmsCcktHTplcfD4IfrBo6cGiOZuq4mAqkWVR8DQ1xwg==",
    "path": "/js/deps/lang-go.min.js"
  },
  "@/js/deps/lang-hs.js": {
    "hashes": {
      "sha256": "Mc2j8zPQyV8S/fT/qNPhD1Dq/mjw/meQFVBZDcvxmDc=",
      "sha512": "jyxJn1w3SI++r5I5hi1TxBNBJJ9NiM+GiTKX9H1OTa5WsKrUfBPnMZiLe1zdQHJDqXf072UyGNX0Il9WauLxUQ=="
    },
    "integrity": "sha256-Mc2j8zPQyV8S/fT/qNPhD1Dq/mjw/meQFVBZDcvxmDc= sha512-jyxJn1w3SI++r5I5hi1TxBNBJJ9NiM+GiTKX9H1OTa5WsKrUfBPnMZiLe1zdQHJDqXf072UyGNX0Il9WauLxUQ==",
    "path": "/js/deps/lang-hs.js"
  },
  "@/js/deps/lang-hs.min.js": {
    "hashes": {
      "sha256": "rFMW6ZqQrfifL/ZPEG/a4ookbZKiKB9hGApVBFM3oTE=",
      "sha512": "1OyJFGauE7A4hsBxs0OlVQC1+d9gkbD/69NGU1W4l/dYJodBe8/pqwOGfghtUlMdErw53DjsLPEIy9ANxhN02Q=="
    },
    "integrity": "sha256-rFMW6ZqQrfifL/ZPEG/a4ookbZKiKB9hGApVBFM3oTE= sha512-1OyJFGauE7A4hsBxs0OlVQC1+d9gkbD/69NGU1W4l/dYJodBe8/pqwOGfghtUlMdErw53DjsLPEIy9ANxhN02Q==",
    "path": "/js/deps/lang-hs.min.js"
  },
  "@/js/deps/lang-lasso.js": {
    "hashes": {
      "sha256": "FyE+VM5f8ozqDg5wwTN+uoLra4lNzE0Lz2gdyjgGD4c=",
      "sha512": "B1Ztu72wvKfHHA6a9zkB7YgTRlXleht0hFIU6ftbInUjQyemK8Ygu19ANJ0vtUeoz89d4rTquuUYhW3VXzrsLA=="
    },
    "integrity": "sha256-FyE+VM5f8ozqDg5wwTN+uoLra4lNzE0Lz2gdyjgGD4c= sha512-B1Ztu72wvKfHHA6a9zkB7YgTRlXleht0hFIU6ftbInUjQyemK8Ygu19ANJ0vtUeoz89d4rTquuUYhW3VXzrsLA==",
    "path": "/js/deps/lang-lasso.js"
  },
  "@/js/deps/lang-lasso.min.js": {
    "hashes": {
      "sha256": "1AkIiMFVMExWDFBkuEcioYf7jcEw6DGespaxECxu0dw=",
      "sha512": "f8Yvg41iqm/rrx8GH4+WnW7Bs/n32kcFZgW7e/A2PJnPdzPSJ6NcE6Ik8yXZIYrNBmV0UGjHSyXPClD35W1vmg=="
    },
    "integrity": "sha256-1AkIiMFVMExWDFBkuEcioYf7jcEw6DGespaxECxu0dw= sha512-f8Yvg41iqm/rrx8GH4+WnW7Bs/n32kcFZgW7e/A2PJnPdzPSJ6NcE6Ik8yXZIYrNBmV0UGjHSyXPClD35W1vmg==",
    "path": "/js/deps/lang-lasso.min.js"
  },
  "@/js/deps/lang-lisp.js": {
    "hashes": {
      "sha256": "Suhpsd66ZWNxFewcWJ0M4Vxxcd0KQWS9cEs0ieMtogk=",
      "sha512": "u1sXEpDO9sDaEjVTXs3/MJ1xNuQkOA3q8sroppNt0kBW4UsipZNFKGsClAeBTT8bfhb4p0PccGWdRRw+to/sUQ=="
    },
    "integrity": "sha256-Suhpsd66ZWNxFewcWJ0M4Vxxcd0KQWS9cEs0ieMtogk= sha512-u1sXEpDO9sDaEjVTXs3/MJ1xNuQkOA3q8sroppNt0kBW4UsipZNFKGsClAeBTT8bfhb4p0PccGWdRRw+to/sUQ==",
    "path": "/js/deps/lang-lisp.js"
  },
  "@/js/deps/lang-lisp.min.js": {
    "hashes": {
      "sha256": "OMbqMRS8CdZFFxNERB+F8Z5dDCPI+36mXAIOy17ecdM=",
      "sha512": "WbC4YP3vwp2aQM50W6rfcDX4IpJDoQj1/hyZzGoiWpN9+zhxTPAAsNc7ref4HPfeZFnn3m+jkA+IqFHgev/cUw=="
    },
    "integrity": "sha256-OMbqMRS8CdZFFxNERB+F8Z5dDCPI+36mXAIOy17ecdM= sha512-WbC4YP3vwp2aQM50W6rfcDX4IpJDoQj1/hyZzGoiWpN9+zhxTPAAsNc7ref4HPfeZFnn3m+jkA+IqFHgev/cUw==",
    "path": "/js/deps/lang-lisp.min.js"
  },
  "@/js/deps/lang-llvm.js": {
    "hashes": {
      "sha256": "on02QL1UuoPKpHf6vopSy3EI9Z7EgoBG9ZREONnrvc0=",
      "sha512": "OI15A4Q/N4HjmLvnPlpVGGWt3XdsYfd5oZm4UJeIW3R8k50nIKaLCzTH/Z1ZGTrD++cOXedgQj8lJ9ohYSA90w=="
    },
    "integrity": "sha256-on02QL1UuoPKpHf6vopSy3EI9Z7EgoBG9ZREONnrvc0= sha512-OI15A4Q/N4HjmLvnPlpVGGWt3XdsYfd5oZm4UJeIW3R8k50nIKaLCzTH/Z1ZGTrD++cOXedgQj8lJ9ohYSA90w==",
    "path": "/js/deps/lang-llvm.js"
  },
  "@/js/deps/lang-llvm.min.js": {
    "hashes": {
      "sha256": "Uuotk0EgG30ztaZ/ok1eMRp8PTyD2EIvzHgEm4URskE=",
      "sha512": "IyV5xLHeJ+uDd47rjhHqoYLpRLD0HWqhUGTSHGWgQYCOO5C3Kjxt50zgow8RZXS8IZmHgx5Q+qnrPy8eQaB4Ew=="
    },
    "integrity": "sha256-Uuotk0EgG30ztaZ/ok1eMRp8PTyD2EIvzHgEm4URskE= sha512-IyV5xLHeJ+uDd47rjhHqoYLpRLD0HWqhUGTSHGWgQYCOO5C3Kjxt50zgow8RZXS8IZmHgx5Q+qnrPy8eQaB4Ew==",
    "path": "/js/deps/lang-llvm.min.js"
  },
  "@/js/deps/lang-logtalk.js": {
    "hashes": {
      "sha256": "nSXum9/IL706c5l232xlI2aZn5F7BldmaRSi6QGmC2w=",
      "sha512": "6YR1pDNMicf/Aoj6xTrmVIa7skpSRaLLMIcwFC85eT1FqM6e0QBTdctnm5z8SJ/Nvq5DetEEmzpbHgCcxDJrMA=="
    },
    "integrity": "sha256-nSXum9/IL706c5l232xlI2aZn5F7BldmaRSi6QGmC2w= sha512-6YR1pDNMicf/Aoj6xTrmVIa7skpSRaLLMIcwFC85eT1FqM6e0QBTdctnm5z8SJ/Nvq5DetEEmzpbHgCcxDJrMA==",
    "path": "/js/deps/lang-logtalk.js"
  },
  "@/js/deps/lang-logtalk.min.js": {
    "hashes": {
      "sha256": "x/YBCF4sUEub/sUZy4XJRiRBbvD+rMG5NWSHDjVWgck=",
      "sha512": "haTDoz1nuu9ZfqdHrZIqMdsXVtP+4+2TkxbUDPb8aLddqKnrTlaz2Czsy4FIu97Loi07XireXNIcNeUW+umDWQ=="
    },
    "integrity": "sha256-x/YBCF4sUEub/sUZy4XJRiRBbvD+rMG5NWSHDjVWgck= sha512-haTDoz1nuu9ZfqdHrZIqMdsXVtP+4+2TkxbUDPb8aLddqKnrTlaz2Czsy4FIu97Loi07XireXNIcNeUW+umDWQ==",
    "path": "/js/deps/lang-logtalk.min.js"
  },
  "@/js/deps/lang-lua.js": {
    "hashes": {
      "sha256": "oMtxJ+o0ZLXSCY6DhYYe/EJWATlLs5bO+dtxwvUNQG8=",
      "sha512": "lyldWVRGYg9t365P9Zvw8tVwWSJTruTpUAtuhSZOxYM5/NipXgBKmSmHwmhA6/tVgz/OkR3/1FLw28bYfQLnvg=="
    },
    "integrity": "sha256-oMtxJ+o0ZLXSCY6DhYYe/EJWATlLs5bO+dtxwvUNQG8= sha512-lyldWVRGYg9t365P9Zvw8tVwWSJTruTpUAtuhSZOxYM5/NipXgBKmSmHwmhA6/tVgz/OkR3/1FLw28bYfQLnvg==",
    "path": "/js/deps/lang-lua.js"
  },
  "@/js/deps/lang-lua.min.js": {
    "hashes": {
      "sha256": "r0R7q9YTsmuDfmYOpsyvNeRsixOWCZvECxzf9UJk9QM=",
      "sha512": "y5wHOPkhSI7lqvU5DJqHBEIfiod8V9euURbEeBl9UJQMzGQUXUP9Eca6wtteXEX2CXp8kVRc1AhfVtFCJNONbg=="
    },
    "integrity": "sha256-r0R7q9YTsmuDfmYOpsyvNeRsixOWCZvECxzf9UJk9QM= sha512-y5wHOPkhSI7lqvU5DJqHBEIfiod8V9euURbEeBl9UJQMzGQUXUP9Eca6wtteXEX2CXp8kVRc1AhfVtFCJNONbg==",
    "path": "/js/deps/lang-lua.min.js"
  },
  "@/js/deps/lang-matlab.js": {
    "hashes": {
      "sha256": "Sqjtm1/SEQqDdlgDGoduUHtW8NhWPAGYvB0an7Mi2eY=",
      "sha512": "Co0zb0YsR/vyMprRCaB+RoiduxQ4BFnkc+j8BMyd5vwXZebQsk/7DiahkBf5VlO9U9NopbHDdIWTU5cHRELnJg=="
    },
    "integrity": "sha256-Sqjtm1/SEQqDdlgDGoduUHtW8NhWPAGYvB0an7Mi2eY= sha512-Co0zb0YsR/vyMprRCaB+RoiduxQ4BFnkc+j8BMyd5vwXZebQsk/7DiahkBf5VlO9U9NopbHDdIWTU5cHRELnJg==",
    "path": "/js/deps/lang-matlab.js"
  },
  "@/js/deps/lang-matlab.min.js": {
    "hashes": {
      "sha256": "kM+BpNobb2IDcQ3muzCs/BqpNViuHSwAz09uJsBuvzY=",
      "sha512": "dCqfhqtcCRSKJCf+6w5ztIy+BBZWCgXeufXVVIUfMSbwPCg+0bblPSoYLlwy4vICg6NfHcfjoKVQIk0a99SsFg=="
    },
    "integrity": "sha256-kM+BpNobb2IDcQ3muzCs/BqpNViuHSwAz09uJsBuvzY= sha512-dCqfhqtcCRSKJCf+6w5ztIy+BBZWCgXeufXVVIUfMSbwPCg+0bblPSoYLlwy4vICg6NfHcfjoKVQIk0a99SsFg==",
    "path": "/js/deps/lang-matlab.min.js"
  },
  "@/js/deps/lang-ml.js": {
    "hashes": {
      "sha256": "8Dn8tPDYej97wxl/lPhYriKBZ5AAslfBwVxjqahxCIs=",
      "sha512": "YMNZ8LDbbAtaNbFaiEHcy9onbhrRth5an8tETKyQA5q7vG460ppvebQGLovg/0rA6Nva3JsBn6On9TMqye4MNw=="
    },
    "integrity": "sha256-8Dn8tPDYej97wxl/lPhYriKBZ5AAslfBwVxjqahxCIs= sha512-YMNZ8LDbbAtaNbFaiEHcy9onbhrRth5an8tETKyQA5q7vG460ppvebQGLovg/0rA6Nva3JsBn6On9TMqye4MNw==",
    "path": "/js/deps/lang-ml.js"
  },
  "@/js/deps/lang-ml.min.js": {
    "hashes": {
      "sha256": "TcirhvWv04hGCWzFdKlkxnN61SdqlKbeKgmbYYOrDqs=",
      "sha512": "X4yH9/34o5n9QZIoExRKbg+PGa+CUjSXQX8Qn7sROtYlNt8Wc1VeiCvht5AEeHVLUjC3vHOdfLRHMtsvt+N7+g=="
    },
    "integrity": "sha256-TcirhvWv04hGCWzFdKlkxnN61SdqlKbeKgmbYYOrDqs= sha512-X4yH9/34o5n9QZIoExRKbg+PGa+CUjSXQX8Qn7sROtYlNt8Wc1VeiCvht5AEeHVLUjC3vHOdfLRHMtsvt+N7+g==",
    "path": "/js/deps/lang-ml.min.js"
  },
  "@/js/deps/lang-mumps.js": {
    "hashes": {
      "sha256": "6/WXE5KyBzD6f6Qg7+F4ggyEVd4IjrBnjDZlKmjIXwI=",
      "sha512": "snkCIKXWROZIEtr5xxKGLfb7VrFG5Y99NCwL/fibqLpFbbYE3t9iZ8OJTjeSswOElP15Ij+hgL0ekc6IMFUaCw=="
    },
    "integrity": "sha256-6/WXE5KyBzD6f6Qg7+F4ggyEVd4IjrBnjDZlKmjIXwI= sha512-snkCIKXWROZIEtr5xxKGLfb7VrFG5Y99NCwL/fibqLpFbbYE3t9iZ8OJTjeSswOElP15Ij+hgL0ekc6IMFUaCw==",
    "path": "/js/deps/lang-mumps.js"
  },
  "@/js/deps/lang-mumps.min.js": {
    "hashes": {
      "sha256": "fQl7LG/VRQLQJZNAKaWtRbXFhw8rL0zC8wVc8PQ4v3c=",
      "sha512": "PkC8uvJKQH1nbcEa+pBSF2WZB6O9DN6n/067PRFEfdhUvXOWW+i8ciPN5zR+aF5JdSRrvl0EaSW3i2Y+96qZvg=="
    },
    "integrity": "sha256-fQl7LG/VRQLQJZNAKaWtRbXFhw8rL0zC8wVc8PQ4v3c= sha512-PkC8uvJKQH1nbcEa+pBSF2WZB6O9DN6n/067PRFEfdhUvXOWW+i8ciPN5zR+aF5JdSRrvl0EaSW3i2Y+96qZvg==",
    "path": "/js/deps/lang-mumps.min.js"
  },
  "@/js/deps/lang-n.js": {
    "hashes": {
      "sha256": "ObKola4gtK2J1XLK9DI55bO/ikqSj/ix2BzszyzhJis=",
      "sha512": "8tRKq5l8qPW390tJ2leauoTZZsuE47Q+yh7g55rsm63tZ7Oa9kOQYtkelf9lC4Plsbmy95OfEtELuCWv5Pihng=="
    },
    "integrity": "sha256-ObKola4gtK2J1XLK9DI55bO/ikqSj/ix2BzszyzhJis= sha512-8tRKq5l8qPW390tJ2leauoTZZsuE47Q+yh7g55rsm63tZ7Oa9kOQYtkelf9lC4Plsbmy95OfEtELuCWv5Pihng==",
    "path": "/js/deps/lang-n.js"
  },
  "@/js/deps/lang-n.min.js": {
    "hashes": {
      "sha256": "o+zQAv/MjecVtmn/5lCYGQJPQ7rj4/mYPrTsRWo4q0s=",
      "sha512": "J/mjs63l9JC3zUhGfm+g0BqciZOZu1V9FTtSZR1ACcNaa6rqv6nIPHWEa7BMyvyKwT1kGikPjWz9dkfUMcg06A=="
    },
    "integrity": "sha256-o+zQAv/MjecVtmn/5lCYGQJPQ7rj4/mYPrTsRWo4q0s= sha512-J/mjs63l9JC3zUhGfm+g0BqciZOZu1V9FTtSZR1ACcNaa6rqv6nIPHWEa7BMyvyKwT1kGikPjWz9dkfUMcg06A==",
    "path": "/js/deps/lang-n.min.js"
  },
  "@/js/deps/lang-pascal.js": {
    "hashes": {
      "sha256": "WhGxaovdjnld8AvdtGPzEt60oUg2PL8c+t6VwYvH0qg=",
      "sha512": "wiMd2M1xw/wFp0J9qtp1ns99iGzS9rB3x9X8JQy1t92ZS9TL15Rzu2AmnHe/F+m7jDuTsEJ8w8/gi8yzv/Nj3Q=="
    },
    "integrity": "sha256-WhGxaovdjnld8AvdtGPzEt60oUg2PL8c+t6VwYvH0qg= sha512-wiMd2M1xw/wFp0J9qtp1ns99iGzS9rB3x9X8JQy1t92ZS9TL15Rzu2AmnHe/F+m7jDuTsEJ8w8/gi8yzv/Nj3Q==",
    "path": "/js/deps/lang-pascal.js"
  },
  "@/js/deps/lang-pascal.min.js": {
    "hashes": {
      "sha256": "3Yjg8FvrEcMs44FGadziZCfHntYTIC19vxcq9r2sOVY=",
      "sha512": "yUrdhq4edLrwS0Fc8GdKZ6r2+gF3ANv+J8V1N/LJcnEuwu2TXF/9+YxPxx1LREvBO0Ef0kUYQXIC0pQ0R4I1bQ=="
    },
    "integrity": "sha256-3Yjg8FvrEcMs44FGadziZCfHntYTIC19vxcq9r2sOVY= sha512-yUrdhq4edLrwS0Fc8GdKZ6r2+gF3ANv+J8V1N/LJcnEuwu2TXF/9+YxPxx1LREvBO0Ef0kUYQXIC0pQ0R4I1bQ==",
    "path": "/js/deps/lang-pascal.min.js"
  },
  "@/js/deps/lang-proto.js": {
    "hashes": {
      "sha256": "CYcEV0c3tArFa1TJ8GcGzpKPXPYld2p4A6t0EeR20cg=",
      "sha512": "B/0tLL10XeoOtAbSLzt4ol+AinpguLw2cUWV7XN3rVtDtje2pnnBHMYDhUMYiK1nyVJ0wCwuyymrrJh3r9FnYg=="
    },
    "integrity": "sha256-CYcEV0c3tArFa1TJ8GcGzpKPXPYld2p4A6t0EeR20cg= sha512-B/0tLL10XeoOtAbSLzt4ol+AinpguLw2cUWV7XN3rVtDtje2pnnBHMYDhUMYiK1nyVJ0wCwuyymrrJh3r9FnYg==",
    "path": "/js/deps/lang-proto.js"
  },
  "@/js/deps/lang-proto.min.js": {
    "hashes": {
      "sha256": "Sp2rtSd3xEns5cvUvXkNVwdruo/TpBUTmL2DMFNse4s=",
      "sha512": "rdvb43YKWfw2ychzEk7BPlFetLVhbiVRDap2zhBok2EsSrL7h2rveS5jeIIyzN4Y6/lTkLs5daVaVg29mp965A=="
    },
    "integrity": "sha256-Sp2rtSd3xEns5cvUvXkNVwdruo/TpBUTmL2DMFNse4s= sha512-rdvb43YKWfw2ychzEk7BPlFetLVhbiVRDap2zhBok2EsSrL7h2rveS5jeIIyzN4Y6/lTkLs5daVaVg29mp965A==",
    "path": "/js/deps/lang-proto.min.js"
  },
  "@/js/deps/lang-r.js": {
    "hashes": {
      "sha256": "kINWHMJACvF2k4O/nI0P4pu8atdl8MK7LWXzaQ5KhAc=",
      "sha512": "VAR0w+TrNVbaOijrAZ9qM8KdmBHM2tQVw3rIHQUpTOKkiKsXN6eypUVibzIvqBLnt+MpzANMNT0AadI4e2CWfA=="
    },
    "integrity": "sha256-kINWHMJACvF2k4O/nI0P4pu8atdl8MK7LWXzaQ5KhAc= sha512-VAR0w+TrNVbaOijrAZ9qM8KdmBHM2tQVw3rIHQUpTOKkiKsXN6eypUVibzIvqBLnt+MpzANMNT0AadI4e2CWfA==",
    "path": "/js/deps/lang-r.js"
  },
  "@/js/deps/lang-r.min.js": {
    "hashes": {
      "sha256": "8iCgm2jrn+BlA3V4XR7R0fmEUvvF2HrZdtVofma9y6g=",
      "sha512": "FOjbY0RZu8FOjPr+kV0Y/luUj/SoZFcJvugmjNl+BI0za3BV5S90/LXedoP73Z7GqRupubZCNJeTm+srb0xysQ=="
    },
    "integrity": "sha256-8iCgm2jrn+BlA3V4XR7R0fmEUvvF2HrZdtVofma9y6g= sha512-FOjbY0RZu8FOjPr+kV0Y/luUj/SoZFcJvugmjNl+BI0za3BV5S90/LXedoP73Z7GqRupubZCNJeTm+srb0xysQ==",
    "path": "/js/deps/lang-r.min.js"
  },
  "@/js/deps/lang-rd.js": {
    "hashes": {
      "sha256": "hwC0CsKe8ztf2sY3jdPKEhon8hW4FanGaPOsrwFvQWU=",
      "sha512": "ydF+m4UdMiZGa8yDXD/KVULYbBAloWcMzyUqRgfKsGU4PZD84+CKZ4uI2Bhp/bzKZ8axwP0WYiWRSxQuL1Bbeg=="
    },
    "integrity": "sha256-hwC0CsKe8ztf2sY3jdPKEhon8hW4FanGaPOsrwFvQWU= sha512-ydF+m4UdMiZGa8yDXD/KVULYbBAloWcMzyUqRgfKsGU4PZD84+CKZ4uI2Bhp/bzKZ8axwP0WYiWRSxQuL1Bbeg==",
    "path": "/js/deps/lang-rd.js"
  },
  "@/js/deps/lang-rd.min.js": {
    "hashes": {
      "sha256": "yJW1Gi+2JDKYia4oyfvADM5d9w4OGJiCpVZl+QKS2Mc=",
      "sha512": "b+AkKpVzH4U3SLK2L/qAQq9tFUj+X/uKZ3VHS2qSF+bnYqxYZjJChW1Z7t4FiJfxtE/PVRlX782UMpFtctf85w=="
    },
    "integrity": "sha256-yJW1Gi+2JDKYia4oyfvADM5d9w4OGJiCpVZl+QKS2Mc= sha512-b+AkKpVzH4U3SLK2L/qAQq9tFUj+X/uKZ3VHS2qSF+bnYqxYZjJChW1Z7t4FiJfxtE/PVRlX782UMpFtctf85w==",
    "path": "/js/deps/lang-rd.min.js"
  },
  "@/js/deps/lang-rust.js": {
    "hashes": {
      "sha256": "hKY8Jq/OYObof0u9vEkc+Bu6JIyq2H4FX5xGSO7yR3c=",
      "sha512": "O6hALHt5DGudk/OlYnNzE8S8JCnNjpUEx9aEs5z7NiZMx086ul3aWraiSf3VU3ba0CboacuSSM15CSQCiglZew=="
    },
    "integrity": "sha256-hKY8Jq/OYObof0u9vEkc+Bu6JIyq2H4FX5xGSO7yR3c= sha512-O6hALHt5DGudk/OlYnNzE8S8JCnNjpUEx9aEs5z7NiZMx086ul3aWraiSf3VU3ba0CboacuSSM15CSQCiglZew==",
    "path": "/js/deps/lang-rust.js"
  },
  "@/js/deps/lang-rust.min.js": {
    "hashes": {
      "sha256": "gQ7fTm1syhf91D81t/syYBoEBlNGehGyOOgnfXjkpe4=",
      "sha512": "JIY7bwTeYkIttBjXcyFgo56PYBVuytFaI8AoSEoiuIYDuNgcGxhX/X+6Dnk5rf3UzmdSofZPluYEm4iVGHrNgw=="
    },
    "integrity": "sha256-gQ7fTm1syhf91D81t/syYBoEBlNGehGyOOgnfXjkpe4= sha512-JIY7bwTeYkIttBjXcyFgo56PYBVuytFaI8AoSEoiuIYDuNgcGxhX/X+6Dnk5rf3UzmdSofZPluYEm4iVGHrNgw==",
    "path": "/js/deps/lang-rust.min.js"
  },
  "@/js/deps/lang-scala.js": {
    "hashes": {
      "sha256": "uZvucgu0+3O+hsN0Y/F9e9sHrxxxN3XvZooSrfCHNTg=",
      "sha512": "7ZlojREqun3nUB+nX7pRieQNcwvmV3DUpH0axf6AK1tpjsc8CoZv8l/32S/fRIdCXzebhu0jUXvEUL6Fgf+zmw=="
    },
    "integrity": "sha256-uZvucgu0+3O+hsN0Y/F9e9sHrxxxN3XvZooSrfCHNTg= sha512-7ZlojREqun3nUB+nX7pRieQNcwvmV3DUpH0axf6AK1tpjsc8CoZv8l/32S/fRIdCXzebhu0jUXvEUL6Fgf+zmw==",
    "path": "/js/deps/lang-scala.js"
  },
  "@/js/deps/lang-scala.min.js": {
    "hashes": {
      "sha256": "xwTlNlfHvTBhNHg4KutcbNJDjgacVrdhkAFg84aJJYs=",
      "sha512": "Eqi2sUIgJmtsY6GkCRZUw8FEMDZYhmpu+/mfz4h50VUsVyi+EjNB31rQz3lChn4lFY6PWRombHNS036tQxsTDg=="
    },
    "integrity": "sha256-xwTlNlfHvTBhNHg4KutcbNJDjgacVrdhkAFg84aJJYs= sha512-Eqi2sUIgJmtsY6GkCRZUw8FEMDZYhmpu+/mfz4h50VUsVyi+EjNB31rQz3lChn4lFY6PWRombHNS036tQxsTDg==",
    "path": "/js/deps/lang-scala.min.js"
  },
  "@/js/deps/lang-sql.js": {
    "hashes": {
      "sha256": "c0avDNFdX9RP42+uaJwASo60esB7TiqSmLTWtYUHIVs=",
      "sha512": "b2H0KNiRIzo5BpquFkO9kX7RoA7cpq2jG3mGDxN0997+FxA5qHGhNbwOdyhFxzp360ma28XfK7oyHK130rksGA=="
    },
    "integrity": "sha256-c0avDNFdX9RP42+uaJwASo60esB7TiqSmLTWtYUHIVs= sha512-b2H0KNiRIzo5BpquFkO9kX7RoA7cpq2jG3mGDxN0997+FxA5qHGhNbwOdyhFxzp360ma28XfK7oyHK130rksGA==",
    "path": "/js/deps/lang-sql.js"
  },
  "@/js/deps/lang-sql.min.js": {
    "hashes": {
      "sha256": "ekC9jCVX94rGFF+/LC+xTz0rfvrjkHuuFDOOKop4w7E=",
      "sha512": "AlJe2ziJgTX8c8SxbIpn/XVhglhhB9CWDDaITAfUWgKAW02G9sf7seYs0LMK84uv5XcVfZxWoKNIZYpCG/9ZTQ=="
    },
    "integrity": "sha256-ekC9jCVX94rGFF+/LC+xTz0rfvrjkHuuFDOOKop4w7E= sha512-AlJe2ziJgTX8c8SxbIpn/XVhglhhB9CWDDaITAfUWgKAW02G9sf7seYs0LMK84uv5XcVfZxWoKNIZYpCG/9ZTQ==",
    "path": "/js/deps/lang-sql.min.js"
  },
  "@/js/deps/lang-swift.js": {
    "hashes": {
      "sha256": "3f0Ms+pVHS1DyEUnjhgXYij73JFKjgfJiUwWtQUSyb8=",
      "sha512": "cfDjzSSxHIiO/bn2LcRMzSh1JxfGyB/sEPri5YqLLoLcbdQL7oAjozp5LEAHZKRj/riE7UNBfPwuL18i1y6V/A=="
    },
    "integrity": "sha256-3f0Ms+pVHS1DyEUnjhgXYij73JFKjgfJiUwWtQUSyb8= sha512-cfDjzSSxHIiO/bn2LcRMzSh1JxfGyB/sEPri5YqLLoLcbdQL7oAjozp5LEAHZKRj/riE7UNBfPwuL18i1y6V/A==",
    "path": "/js/deps/lang-swift.js"
  },
  "@/js/deps/lang-swift.min.js": {
    "hashes": {
      "sha256": "6OBqtUm5KpD+PjEw7OGvmOFmNlkTiSv5SFVT5kmv6BQ=",
      "sha512": "/cz8sKhAYsZQht3y2iXBJ9jCN/MSEUoj0fsr3DiNxtBKe285bfscaxfUTKOtWSebzgvwSaX80IGHQ3oieRD/rg=="
    },
    "integrity": "sha256-6OBqtUm5KpD+PjEw7OGvmOFmNlkTiSv5SFVT5kmv6BQ= sha512-/cz8sKhAYsZQht3y2iXBJ9jCN/MSEUoj0fsr3DiNxtBKe285bfscaxfUTKOtWSebzgvwSaX80IGHQ3oieRD/rg==",
    "path": "/js/deps/lang-swift.min.js"
  },
  "@/js/deps/lang-tcl.js": {
    "hashes": {
      "sha256": "PfC3feYuYOr23XHNzpcc3rsWk2fKCEloBTkenyzQxE4=",
      "sha512": "m5zDCsDEZeFgNL7YVz0elW4bydCAjOEZeNwV3Gv5GNklDiV7/CuP47SZpDBlcXETWn/F6F06QTCI/iPCU3KiqA=="
    },
    "integrity": "sha256-PfC3feYuYOr23XHNzpcc3rsWk2fKCEloBTkenyzQxE4= sha512-m5zDCsDEZeFgNL7YVz0elW4bydCAjOEZeNwV3Gv5GNklDiV7/CuP47SZpDBlcXETWn/F6F06QTCI/iPCU3KiqA==",
    "path": "/js/deps/lang-tcl.js"
  },
  "@/js/deps/lang-tcl.min.js": {
    "hashes": {
      "sha256": "Ved0iOQXfcCKqF+tzY7lax/CCzqWGKj7Mqp4K8G3zsw=",
      "sha512": "C/fB5JGwWrKjkqdAm11sL78WDsEXwtxWZjAZ0eAP8lRrjIsV+dxCn4FY/A9e3ML+2q8BsH5WIpbQbFzQBN21sQ=="
    },
    "integrity": "sha256-Ved0iOQXfcCKqF+tzY7lax/CCzqWGKj7Mqp4K8G3zsw= sha512-C/fB5JGwWrKjkqdAm11sL78WDsEXwtxWZjAZ0eAP8lRrjIsV+dxCn4FY/A9e3ML+2q8BsH5WIpbQbFzQBN21sQ==",
    "path": "/js/deps/lang-tcl.min.js"
  },
  "@/js/deps/lang-tex.js": {
    "hashes": {
      "sha256": "xl/IxzHuBHVnbTO7YAHg6YKOZ3DMkG/rW1kDdcTJiU0=",
      "sha512": "6hU/4AN3xzF52H0G8gYw6rYZRbvVPDDicm9vqg01/DPrFoZXtFIbhkLBC4qNnTjeSV2kQCYUuckfvxZwaqiAaw=="
    },
    "integrity": "sha256-xl/IxzHuBHVnbTO7YAHg6YKOZ3DMkG/rW1kDdcTJiU0= sha512-6hU/4AN3xzF52H0G8gYw6rYZRbvVPDDicm9vqg01/DPrFoZXtFIbhkLBC4qNnTjeSV2kQCYUuckfvxZwaqiAaw==",
    "path": "/js/deps/lang-tex.js"
  },
  "@/js/deps/lang-tex.min.js": {
    "hashes": {
      "sha256": "rP+TquQvyuj3RDjyd/+7EXnh8DlQOm6QhlGSSsXZ5Sk=",
      "sha512": "KTG1jr90fH9vdPxLUIUS2UZTPZ/lRPJzUqJsk+JQW5OFoCX4PMXS5PpB0WX0pBxs21mOsKKPbuvPmtOsIaT9SQ=="
    },
    "integrity": "sha256-rP+TquQvyuj3RDjyd/+7EXnh8DlQOm6QhlGSSsXZ5Sk= sha512-KTG1jr90fH9vdPxLUIUS2UZTPZ/lRPJzUqJsk+JQW5OFoCX4PMXS5PpB0WX0pBxs21mOsKKPbuvPmtOsIaT9SQ==",
    "path": "/js/deps/lang-tex.min.js"
  },
  "@/js/deps/lang-vb.js": {
    "hashes": {
      "sha256": "jmgfKbu+1Ei/4NDW3qwsmFPt4q6sQ0g+eGptQZlEnF0=",
      "sha512": "yYIP6x0Nocxsl/FK3lbqrx9lQY8LMTtOlR1VuGcaAi5+I+ms7ejZ3xFkOxMoRIbPFMFgSAmc42xj5X4scl1M+g=="
    },
    "integrity": "sha256-jmgfKbu+1Ei/4NDW3qwsmFPt4q6sQ0g+eGptQZlEnF0= sha512-yYIP6x0Nocxsl/FK3lbqrx9lQY8LMTtOlR1VuGcaAi5+I+ms7ejZ3xFkOxMoRIbPFMFgSAmc42xj5X4scl1M+g==",
    "path": "/js/deps/lang-vb.js"
  },
  "@/js/deps/lang-vb.min.js": {
    "hashes": {
      "sha256": "Fuhpz2AuPqTOkfPsLBrnuIMMeznxzV7jT89hQ7Mse+Q=",
      "sha512": "wpFGDzJRqDb+SKfDV4i8epCSZJOs/ET5jVPJdY7TJbK4JhMDqbECZvqhy/ifqmZbjr+GaU4SSvHnoyKPoA3aSQ=="
    },
    "integrity": "sha256-Fuhpz2AuPqTOkfPsLBrnuIMMeznxzV7jT89hQ7Mse+Q= sha512-wpFGDzJRqDb+SKfDV4i8epCSZJOs/ET5jVPJdY7TJbK4JhMDqbECZvqhy/ifqmZbjr+GaU4SSvHnoyKPoA3aSQ==",
    "path": "/js/deps/lang-vb.min.js"
  },
  "@/js/deps/lang-vhdl.js": {
    "hashes": {
      "sha256": "cXA2qlvovCcv3gtXJKQa7kh8c0O/mld07kFG2zeCZf4=",
      "sha512": "xEifzK9Nj9PTNiBxuNgkkO5xSwDMzOY9yYls9h7l0ddQK5TQQz7+2EouYndMHouXqF0xIAL7z1BbcoM2yjJfEQ=="
    },
    "integrity": "sha256-cXA2qlvovCcv3gtXJKQa7kh8c0O/mld07kFG2zeCZf4= sha512-xEifzK9Nj9PTNiBxuNgkkO5xSwDMzOY9yYls9h7l0ddQK5TQQz7+2EouYndMHouXqF0xIAL7z1BbcoM2yjJfEQ==",
    "path": "/js/deps/lang-vhdl.js"
  },
  "@/js/deps/lang-vhdl.min.js": {
    "hashes": {
      "sha256": "Q4jsW5EOGj4PeS8e/Pk7ryqZGeTmNNk/ySJn6s/o6yw=",
      "sha512": "a6Gqa1EIqOEdtS5tjmjw1+FSdmiLpNDpQHT87XmiiRnVkhO2HfUiitpXecALrOn3g82ye+OSco010TaK5Xzx8g=="
    },
    "integrity": "sha256-Q4jsW5EOGj4PeS8e/Pk7ryqZGeTmNNk/ySJn6s/o6yw= sha512-a6Gqa1EIqOEdtS5tjmjw1+FSdmiLpNDpQHT87XmiiRnVkhO2HfUiitpXecALrOn3g82ye+OSco010TaK5Xzx8g==",
    "path": "/js/deps/lang-vhdl.min.js"
  },
  "@/js/deps/lang-wiki.js": {
    "hashes": {
      "sha256": "uFd8y4c5YjU9G78FhKYnTi3rqxaTjko32ooSyVJqPP8=",
      "sha512": "7MXjBJi9GBPSBk7vS3957QA/26I4tdw3Rctq5lnLiUJf/yAL6sUk+b4qnkPJZKCQWfK8DAllnYW1ZY0uHUJb1A=="
    },
    "integrity": "sha256-uFd8y4c5YjU9G78FhKYnTi3rqxaTjko32ooSyVJqPP8= sha512-7MXjBJi9GBPSBk7vS3957QA/26I4tdw3Rctq5lnLiUJf/yAL6sUk+b4qnkPJZKCQWfK8DAllnYW1ZY0uHUJb1A==",
    "path": "/js/deps/lang-wiki.js"
  },
  "@/js/deps/lang-wiki.min.js": {
    "hashes": {
      "sha256": "TWyw3XfiTmFIP8j+avwPWS25fjr8I6R9vNNuYXDpCAs=",
      "sha512": "ztAP6aZFrTgNY0uDJr7z+VHhZTNxDcx+Gvy0SbCTVyK97+ZWw5pwYT4iuIJrwL6Grg9VkKz4nwTyClmiTp7cRw=="
    },
    "integrity": "sha256-TWyw3XfiTmFIP8j+avwPWS25fjr8I6R9vNNuYXDpCAs= sha512-ztAP6aZFrTgNY0uDJr7z+VHhZTNxDcx+Gvy0SbCTVyK97+ZWw5pwYT4iuIJrwL6Grg9VkKz4nwTyClmiTp7cRw==",
    "path": "/js/deps/lang-wiki.min.js"
  },
  "@/js/deps/lang-xq.js": {
    "hashes": {
      "sha256": "ZFSXrVIAVLEoaHY1I0EcIT8wwz7XuV5359VC3/zlomc=",
      "sha512": "0ItDmyL8RQTb5/HZKxJ5V59aleZrf+uK+bAFDIA0xrb3Wlmy8LKHwfQLr2INYKKbnhV6A+R7nUHgkEwnmHNq0g=="
    },
    "integrity": "sha256-ZFSXrVIAVLEoaHY1I0EcIT8wwz7XuV5359VC3/zlomc= sha512-0ItDmyL8RQTb5/HZKxJ5V59aleZrf+uK+bAFDIA0xrb3Wlmy8LKHwfQLr2INYKKbnhV6A+R7nUHgkEwnmHNq0g==",
    "path": "/js/deps/lang-xq.js"
  },
  "@/js/deps/lang-xq.min.js": {
    "hashes": {
      "sha256": "yDPS60L90Mys3otijJXLWZi/Tf57WA98ddn/AuxRqys=",
      "sha512": "iW66yqUqaDvTWk5GHQxA1yn+DwX7I7ZO3KMhjSmDoeJ3nlLB7KMWaqCr4a4fimzPALEy4U27ywRmu4KHkUVMKQ=="
    },
    "integrity": "sha256-yDPS60L90Mys3otijJXLWZi/Tf57WA98ddn/AuxRqys= sha512-iW66yqUqaDvTWk5GHQxA1yn+DwX7I7ZO3KMhjSmDoeJ3nlLB7KMWaqCr4a4fimzPALEy4U27ywRmu4KHkUVMKQ==",
    "path": "/js/deps/lang-xq.min.js"
  },
  "@/js/deps/lang-yaml.js": {
    "hashes": {
      "sha256": "zn/CmBsrlwYq/sfa7zUF2nqNbiTg2xlJHTT5AQ0o02Q=",
      "sha512": "3F5gb3UuRE+JBAjagKmpf8F6BNY5jbU1W4yTVHB6mrd+jJH54IR3kRMgSuP803YuZMOXAd9r8+6W8ogce8OiLw=="
    },
    "integrity": "sha256-zn/CmBsrlwYq/sfa7zUF2nqNbiTg2xlJHTT5AQ0o02Q= sha512-3F5gb3UuRE+JBAjagKmpf8F6BNY5jbU1W4yTVHB6mrd+jJH54IR3kRMgSuP803YuZMOXAd9r8+6W8ogce8OiLw==",
    "path": "/js/deps/lang-yaml.js"
  },
  "@/js/deps/lang-yaml.min.js": {
    "hashes": {
      "sha256": "cDyCR3SLzaMQ8hlmKLgCEiOxfXTSVxoSShXupEvCUzA=",
      "sha512": "YxnPE+S/C4wOPXGS2oObaoM43z4q1NnzMAF61qUlqsjHmudLBnpd928Db4enyLejq3o8Dbhqrto9Lfhu+cwqQQ=="
    },
    "integrity": "sha256-cDyCR3SLzaMQ8hlmKLgCEiOxfXTSVxoSShXupEvCUzA= sha512-YxnPE+S/C4wOPXGS2oObaoM43z4q1NnzMAF61qUlqsjHmudLBnpd928Db4enyLejq3o8Dbhqrto9Lfhu+cwqQQ==",
    "path": "/js/deps/lang-yaml.min.js"
  },
  "@/js/deps/ol.js": {
    "hashes": {
      "sha256": "iSrl5MfvlrdpraHdyizBbbV6H6ikGFuVLv1OV08uWhY=",
      "sha512": "G8flMLjEED1YvplN22AOjkWS+k7d3rqz9CP1n3Pv4qaaNCByNPrB+OhkTZqGuzI3xJeEH4mcDKsms2vOz90+FQ=="
    },
    "integrity": "sha256-iSrl5MfvlrdpraHdyizBbbV6H6ikGFuVLv1OV08uWhY= sha512-G8flMLjEED1YvplN22AOjkWS+k7d3rqz9CP1n3Pv4qaaNCByNPrB+OhkTZqGuzI3xJeEH4mcDKsms2vOz90+FQ==",
    "path": "/js/deps/ol.js"
  },
  "@/js/deps/ol.min.js": {
    "hashes": {
      "sha256": "aDA1kETnTySm5zCuSo2ThtRiqP3p7ETM9fvRlleIkEM=",
      "sha512": "4ycmS8bU1Pu4dJdyIYNUOyv07KXpMLZChY4+9ft7bXwBOvR7hTwZbC5CNs43w80B/fWxRGNpKP29hNBoe88TDw=="
    },
    "integrity": "sha256-aDA1kETnTySm5zCuSo2ThtRiqP3p7ETM9fvRlleIkEM= sha512-4ycmS8bU1Pu4dJdyIYNUOyv07KXpMLZChY4+9ft7bXwBOvR7hTwZbC5CNs43w80B/fWxRGNpKP29hNBoe88TDw==",
    "path": "/js/deps/ol.min.js"
  },
  "@/js/deps/prettify.js": {
    "hashes": {
      "sha256": "w3n8zE0N1lx/nrrWA16Dk7KnySbJF7cPs5E2CByeB7A=",
      "sha512": "2DksclQwa8OJ/+it3bTwy9jUE2GzMiHlBigUlotqidzejb2S6KVWo9OARCoGXj6mk1MKKAFdgZVmY/HA/ocUJQ=="
    },
    "integrity": "sha256-w3n8zE0N1lx/nrrWA16Dk7KnySbJF7cPs5E2CByeB7A= sha512-2DksclQwa8OJ/+it3bTwy9jUE2GzMiHlBigUlotqidzejb2S6KVWo9OARCoGXj6mk1MKKAFdgZVmY/HA/ocUJQ==",
    "path": "/js/deps/prettify.js"
  },
  "@/js/deps/prettify.min.js": {
    "hashes": {
      "sha256": "k0B0oeOVO+cegoTwhpu4cikck+UQS0rhBjlYsOMkpMU=",
      "sha512": "l/CiXJ0AVYsxCm0N8eaeJJ/JKz7NTjXY54qmcJEegAhoNPyribSovkBODpbUtfXMMA600ONvfpVagrFXGvZl1w=="
    },
    "integrity": "sha256-k0B0oeOVO+cegoTwhpu4cikck+UQS0rhBjlYsOMkpMU= sha512-l/CiXJ0AVYsxCm0N8eaeJJ/JKz7NTjXY54qmcJEegAhoNPyribSovkBODpbUtfXMMA600ONvfpVagrFXGvZl1w==",
    "path": "/js/deps/prettify.min.js"
  },
  "@/js/deps/proj4.js": {
    "hashes": {
      "sha256": "sB2hu3EXdH1R4i53wqxcnYBxBKa15V90gAgMG0c8nlE=",
      "sha512": "BJlW78WsgJ/GTHRTomVzhWMAX1kStUZsZAXWD+t3FuVQ+j0pg7RLDNarqoICd8qAr3YOE3ba5iml17Kll6JF7Q=="
    },
    "integrity": "sha256-sB2hu3EXdH1R4i53wqxcnYBxBKa15V90gAgMG0c8nlE= sha512-BJlW78WsgJ/GTHRTomVzhWMAX1kStUZsZAXWD+t3FuVQ+j0pg7RLDNarqoICd8qAr3YOE3ba5iml17Kll6JF7Q==",
    "path": "/js/deps/proj4.js"
  },
  "@/js/deps/proj4.min.js": {
    "hashes": {
      "sha256": "RlUiQKvjha0GDc5FvnYuqd5+lHDaXSBc+uVtK8S/8l4=",
      "sha512": "dqq4VvlsCGrrHIggto+KhM8kt8k3CieZPlWUH8AOzUhI1kQnpkaSqNbsPdJvEx6Z0UIiPHB/7tidsmKqh/rvqA=="
    },
    "integrity": "sha256-RlUiQKvjha0GDc5FvnYuqd5+lHDaXSBc+uVtK8S/8l4= sha512-dqq4VvlsCGrrHIggto+KhM8kt8k3CieZPlWUH8AOzUhI1kQnpkaSqNbsPdJvEx6Z0UIiPHB/7tidsmKqh/rvqA==",
    "path": "/js/deps/proj4.min.js"
  },
  "@/js/deps/run_prettify.js": {
    "hashes": {
      "sha256": "au9nSN3n6J43YU9RB577uGlLNOWvokJWifqoFv5WPCE=",
      "sha512": "9sVeo3lbYz7A7xgVyKbsfuEiUbMIY4UIZ/8YNJm6bD1/x+hsSgvxbHcOhOXM+yk1NlTTjsuMeNOiotFbtZp+2w=="
    },
    "integrity": "sha256-au9nSN3n6J43YU9RB577uGlLNOWvokJWifqoFv5WPCE= sha512-9sVeo3lbYz7A7xgVyKbsfuEiUbMIY4UIZ/8YNJm6bD1/x+hsSgvxbHcOhOXM+yk1NlTTjsuMeNOiotFbtZp+2w==",
    "path": "/js/deps/run_prettify.js"
  },
  "@/js/deps/run_prettify.min.js": {
    "hashes": {
      "sha256": "RGWHhN6mhYhtv2GCf0139Uf8b326hQVaoGE5pUCUaj8=",
      "sha512": "5vBOSSFd1CZbq+6aCpNh6ehq77zpcaVlYl8eUKCIJzp4TAzBOGkC+139WRVBVNCO9zHixTQLD5oCZ/vdUDtCoA=="
    },
    "integrity": "sha256-RGWHhN6mhYhtv2GCf0139Uf8b326hQVaoGE5pUCUaj8= sha512-5vBOSSFd1CZbq+6aCpNh6ehq77zpcaVlYl8eUKCIJzp4TAzBOGkC+139WRVBVNCO9zHixTQLD5oCZ/vdUDtCoA==",
    "path": "/js/deps/run_prettify.min.js"
  },
  "@/js/deps/tableparser.js": {
    "hashes": {
      "sha256": "r/nVorpfqOBtIxZdiQDBoSJz7nLcsMTPDSSyzJu48tU=",
      "sha512": "upkD1L1V8Ry8udLHMSMdpCsI0jEGTyovbWKBtH86iI+hgeVeuUaWXg/xkwGrGgvA5mNx2SN2AmtrUMsF4A3fiA=="
    },
    "integrity": "sha256-r/nVorpfqOBtIxZdiQDBoSJz7nLcsMTPDSSyzJu48tU= sha512-upkD1L1V8Ry8udLHMSMdpCsI0jEGTyovbWKBtH86iI+hgeVeuUaWXg/xkwGrGgvA5mNx2SN2AmtrUMsF4A3fiA==",
    "path": "/js/deps/tableparser.js"
  },
  "@/js/deps/tableparser.min.js": {
    "hashes": {
      "sha256": "yJ9LM4+l0iT8C0bzLyiEtKbCCulhFjcASPion5EdMuI=",
      "sha512": "MWEJfqrxNUL+4KVQTwkhXDi7ftjBieV3gOX9rZlvBFY18NR1k6s4OyiyGPHcjQu4gmQMRKduD93zMqjxzllFJw=="
    },
    "integrity": "sha256-yJ9LM4+l0iT8C0bzLyiEtKbCCulhFjcASPion5EdMuI= sha512-MWEJfqrxNUL+4KVQTwkhXDi7ftjBieV3gOX9rZlvBFY18NR1k6s4OyiyGPHcjQu4gmQMRKduD93zMqjxzllFJw==",
    "path": "/js/deps/tableparser.min.js"
  },
  "@/js/deps/unorm.js": {
    "hashes": {
      "sha256": "1DWAigdOthyYVTXNaiEE8Eu3CoG7cygJu1Mh1Hf/uAQ=",
      "sha512": "TmdnYVO+nuAqrpoHYv8y92r2VRX+gIOU4btDAIpBt96MmuuRIRd3qNiHyOjMfrxKDcnghZ/YZlMRfREPqC59Cw=="
    },
    "integrity": "sha256-1DWAigdOthyYVTXNaiEE8Eu3CoG7cygJu1Mh1Hf/uAQ= sha512-TmdnYVO+nuAqrpoHYv8y92r2VRX+gIOU4btDAIpBt96MmuuRIRd3qNiHyOjMfrxKDcnghZ/YZlMRfREPqC59Cw==",
    "path": "/js/deps/unorm.js"
  },
  "@/js/deps/unorm.min.js": {
    "hashes": {
      "sha256": "3lYbbGSQy1f4Mfu/Vs3QOPHFWKQBj65rMvb+MSHpN+Q=",
      "sha512": "kWOPR+klPZghT5569GQg8TI1ntMqQMCN2T4Od8zPZhwImL/747l7uMM9mZr5M7MRffVJM4VlH1unWyPw5UdTXw=="
    },
    "integrity": "sha256-3lYbbGSQy1f4Mfu/Vs3QOPHFWKQBj65rMvb+MSHpN+Q= sha512-kWOPR+klPZghT5569GQg8TI1ntMqQMCN2T4Od8zPZhwImL/747l7uMM9mZr5M7MRffVJM4VlH1unWyPw5UdTXw==",
    "path": "/js/deps/unorm.min.js"
  },
  "@/js/i18n/af.js": {
    "hashes": {
      "sha256": "7L7gR7YPoJtOKsCnXfiIhcyuBID9gd4WTWruAhCOXCE=",
      "sha512": "xBM+ouYqG7r8EbytCmxVj0zX7uerBiVXxJovWHWNf8A69N0OPIvIiD1vsbEKRLPKPk8Mcbmranl8CnltKOR97g=="
    },
    "integrity": "sha256-7L7gR7YPoJtOKsCnXfiIhcyuBID9gd4WTWruAhCOXCE= sha512-xBM+ouYqG7r8EbytCmxVj0zX7uerBiVXxJovWHWNf8A69N0OPIvIiD1vsbEKRLPKPk8Mcbmranl8CnltKOR97g==",
    "path": "/js/i18n/af.js"
  },
  "@/js/i18n/af.min.js": {
    "hashes": {
      "sha256": "G4+2WJ+TO8DledHAViVabNYSF6jI2HgrpyfU6wUACmQ=",
      "sha512": "vF4/5wOiJUZmqnxTd1VwFPsOChEdvXJxXKgIwyL3tK66eYVlTfD0rdwvBLQ/IYLSbPXRSLI5J5gZh0VuoMJlJQ=="
    },
    "integrity": "sha256-G4+2WJ+TO8DledHAViVabNYSF6jI2HgrpyfU6wUACmQ= sha512-vF4/5wOiJUZmqnxTd1VwFPsOChEdvXJxXKgIwyL3tK66eYVlTfD0rdwvBLQ/IYLSbPXRSLI5J5gZh0VuoMJlJQ==",
    "path": "/js/i18n/af.min.js"
  },
  "@/js/i18n/ar.js": {
    "hashes": {
      "sha256": "967asKxj+AXJj99zjEqE5yMK1nPbaolJYFaqOq9klVo=",
      "sha512": "4nz8YepcyXp1T4KL+N8IoIBq2LLnnd1abdOXkznkkp9iCIjSWlqsUmZ2ryfE6maI9E3muHZ7DbQxj99R2sjgwg=="
    },
    "integrity": "sha256-967asKxj+AXJj99zjEqE5yMK1nPbaolJYFaqOq9klVo= sha512-4nz8YepcyXp1T4KL+N8IoIBq2LLnnd1abdOXkznkkp9iCIjSWlqsUmZ2ryfE6maI9E3muHZ7DbQxj99R2sjgwg==",
    "path": "/js/i18n/ar.js"
  },
  "@/js/i18n/ar.min.js": {
    "hashes": {
      "sha256": "MKywpo8cztkejYxnMWoW5l9f4n7GVfLPF+2I38xC7+Q=",
      "sha512": "xzT0srqt85cLkSb2Yu6jzUEIPla2MufLb2OCqOie488Rg1NnhQ1G6uJwP6YgK2VXCFaq2WsTuTSzOF1d3EVfkQ=="
    },
    "integrity": "sha256-MKywpo8cztkejYxnMWoW5l9f4n7GVfLPF+2I38xC7+Q= sha512-xzT0srqt85cLkSb2Yu6jzUEIPla2MufLb2OCqOie488Rg1NnhQ1G6uJwP6YgK2VXCFaq2WsTuTSzOF1d3EVfkQ==",
    "path": "/js/i18n/ar.min.js"
  },
  "@/js/i18n/bg.js": {
    "hashes": {
      "sha256": "kLvhD2cHkDJBYZSjlq3sAb4AQl/IeOllH1neDB/vAjU=",
      "sha512": "022TvkVzcm7cYt4GTWISSXQxgNJWgktVJzW6Z2TkNOKs4Mh0nlZ/fYUZywcS1bE+TS79ZBCGseQZRBCNDpVJhQ=="
    },
    "integrity": "sha256-kLvhD2cHkDJBYZSjlq3sAb4AQl/IeOllH1neDB/vAjU= sha512-022TvkVzcm7cYt4GTWISSXQxgNJWgktVJzW6Z2TkNOKs4Mh0nlZ/fYUZywcS1bE+TS79ZBCGseQZRBCNDpVJhQ==",
    "path": "/js/i18n/bg.js"
  },
  "@/js/i18n/bg.min.js": {
    "hashes": {
      "sha256": "m7vU/LuDNSLoZFbfl9DmtRfDPh8YI0W7cMJSmkR7J2A=",
      "sha512": "gfegTAQ5IlyY1JX7dLeJgS+UioFezNauxOhz0lbRbft7d1z6jOgRks56EAllxge07gVaI9CEJP6liUkjOqjNsQ=="
    },
    "integrity": "sha256-m7vU/LuDNSLoZFbfl9DmtRfDPh8YI0W7cMJSmkR7J2A= sha512-gfegTAQ5IlyY1JX7dLeJgS+UioFezNauxOhz0lbRbft7d1z6jOgRks56EAllxge07gVaI9CEJP6liUkjOqjNsQ==",
    "path": "/js/i18n/bg.min.js"
  },
  "@/js/i18n/cs.js": {
    "hashes": {
      "sha256": "d2LfjvTAxKa2YeIZXXzVTb8II/SDAuYrifb4LxqrcgM=",
      "sha512": "olTcv0gmYjURzU6sdEaQDjeLPpWKnwDwEXHzUEIU+6B1DMVwnz2h/mfb5G2At0NGr3+Zvq/3euJc9XI/5N925g=="
    },
    "integrity": "sha256-d2LfjvTAxKa2YeIZXXzVTb8II/SDAuYrifb4LxqrcgM= sha512-olTcv0gmYjURzU6sdEaQDjeLPpWKnwDwEXHzUEIU+6B1DMVwnz2h/mfb5G2At0NGr3+Zvq/3euJc9XI/5N925g==",
    "path": "/js/i18n/cs.js"
  },
  "@/js/i18n/cs.min.js": {
    "hashes": {
      "sha256": "zuYzF8CGNK+uqPUIcY0Ip9Fizmwrfv+HWW0lhOR5W/w=",
      "sha512": "IkmzPcU9hi7ca/5LZY1Up+36uzUOixW0JV6u44CkZ4VlcJFFETCu0PJmfcrDP5+5KWH9XCfXWGgpD2m1XpLIrw=="
    },
    "integrity": "sha256-zuYzF8CGNK+uqPUIcY0Ip9Fizmwrfv+HWW0lhOR5W/w= sha512-IkmzPcU9hi7ca/5LZY1Up+36uzUOixW0JV6u44CkZ4VlcJFFETCu0PJmfcrDP5+5KWH9XCfXWGgpD2m1XpLIrw==",
    "path": "/js/i18n/cs.min.js"
  },
  "@/js/i18n/de.js": {
    "hashes": {
      "sha256": "WsiUEfNe3auzqXQvBFUayGzuZy6/V9azRujsS4e827E=",
      "sha512": "n0M8r2JKuXZcUevNIAxjACp5GQwNP2tFxQxSrjXV648tISNXNKqVwS1TO92zACqQBYP1QshSO2FEO6v31aOz9g=="
    },
    "integrity": "sha256-WsiUEfNe3auzqXQvBFUayGzuZy6/V9azRujsS4e827E= sha512-n0M8r2JKuXZcUevNIAxjACp5GQwNP2tFxQxSrjXV648tISNXNKqVwS1TO92zACqQBYP1QshSO2FEO6v31aOz9g==",
    "path": "/js/i18n/de.js"
  },
  "@/js/i18n/de.min.js": {
    "hashes": {
      "sha256": "ih8UNNLsblCIigAm9nr0MH6jnY8kmlBD4GkUDnR4xSY=",
      "sha512": "MlsNYiVlgAA+4iJGN7HjljBzXxWlorddP/MrT3eqMybbc3gsdlGBy51C1XvBK6onZqydYhBKX2sUbOVw3RuPDA=="
    },
    "integrity": "sha256-ih8UNNLsblCIigAm9nr0MH6jnY8kmlBD4GkUDnR4xSY= sha512-MlsNYiVlgAA+4iJGN7HjljBzXxWlorddP/MrT3eqMybbc3gsdlGBy51C1XvBK6onZqydYhBKX2sUbOVw3RuPDA==",
    "path": "/js/i18n/de.min.js"
  },
  "@/js/i18n/el.js": {
    "hashes": {
      "sha256": "0zLCdeUI9izIEskBZj6p0nKNOv9/cKjr4QMPUAWzIP4=",
      "sha512": "liBX5rymPs1Q4OtqIRJgjnpt9u0BZjRwKUi7/R1LPKB/cnqnAFMp5BnTG6cvnPWlR1AZ+hYsS0uM2Yqh0hGmow=="
    },
    "integrity": "sha256-0zLCdeUI9izIEskBZj6p0nKNOv9/cKjr4QMPUAWzIP4= sha512-liBX5rymPs1Q4OtqIRJgjnpt9u0BZjRwKUi7/R1LPKB/cnqnAFMp5BnTG6cvnPWlR1AZ+hYsS0uM2Yqh0hGmow==",
    "path": "/js/i18n/el.js"
  },
  "@/js/i18n/el.min.js": {
    "hashes": {
      "sha256": "1JUKdCg/d+GQPx+b7sYw7+Z4sTFM89UVIwD5ZpPxFyg=",
      "sha512": "ZcbbjdDV873f79dyVznQl3rW36rh1Hr7jryPhJp3JozTCGQh0CkKHqOjIoNe9j/XLiuhHEVTRDIxBihNI7uUow=="
    },
    "integrity": "sha256-1JUKdCg/d+GQPx+b7sYw7+Z4sTFM89UVIwD5ZpPxFyg= sha512-ZcbbjdDV873f79dyVznQl3rW36rh1Hr7jryPhJp3JozTCGQh0CkKHqOjIoNe9j/XLiuhHEVTRDIxBihNI7uUow==",
    "path": "/js/i18n/el.min.js"
  },
  "@/js/i18n/en.js": {
    "hashes": {
      "sha256": "HVIHWrMSI2YMcDSukjCtrEaQUtuT8HW0lIlDWHj75Ng=",
      "sha512": "7Gvle4p99966hcNtNEwpU3qIUHlN1EIbwyS0X+MlkCFkNzgi6tiSJLENNkjNwyPUEBVWMbiRhz6oHua40FJfDg=="
    },
    "integrity": "sha256-HVIHWrMSI2YMcDSukjCtrEaQUtuT8HW0lIlDWHj75Ng= sha512-7Gvle4p99966hcNtNEwpU3qIUHlN1EIbwyS0X+MlkCFkNzgi6tiSJLENNkjNwyPUEBVWMbiRhz6oHua40FJfDg==",
    "path": "/js/i18n/en.js"
  },
  "@/js/i18n/en.min.js": {
    "hashes": {
      "sha256": "dXHNII8Ci45/q+lCQKeywQFhOWT0h5urLIIaBrz5los=",
      "sha512": "N7mWAW/W8z6HGyOykgvCrH2cfkxsd3rGxMtwLObZ0iRDpU1hWdOVxwsebJuqpK3CMUwLNl886gCVoyLs3cPaqQ=="
    },
    "integrity": "sha256-dXHNII8Ci45/q+lCQKeywQFhOWT0h5urLIIaBrz5los= sha512-N7mWAW/W8z6HGyOykgvCrH2cfkxsd3rGxMtwLObZ0iRDpU1hWdOVxwsebJuqpK3CMUwLNl886gCVoyLs3cPaqQ==",
    "path": "/js/i18n/en.min.js"
  },
  "@/js/i18n/es.js": {
    "hashes": {
      "sha256": "x0XpC3zakbOsxoFucHVw85z8lIB9sR73Np+gULYDsI0=",
      "sha512": "+fL8LMD8RfrIb+iZ8EQG3kaFWHCvxCkjP/p5YTzw5crN5+7tkhbmIElZ+2co/vAs2Quob46fN2WnU6gRIFurew=="
    },
    "integrity": "sha256-x0XpC3zakbOsxoFucHVw85z8lIB9sR73Np+gULYDsI0= sha512-+fL8LMD8RfrIb+iZ8EQG3kaFWHCvxCkjP/p5YTzw5crN5+7tkhbmIElZ+2co/vAs2Quob46fN2WnU6gRIFurew==",
    "path": "/js/i18n/es.js"
  },
  "@/js/i18n/es.min.js": {
    "hashes": {
      "sha256": "dtvL6eQJdLDyWiF1NQYR9i/C3X3rEX67/RmWlW9H1pg=",
      "sha512": "kq88IK+ykWp42eBW3BJHVaL9Bd6gOOLAp10/iPta0WUT9VkwWUdgDQLWeHtbJ0uJKsQdUdK2vcauDOBvDTNGpA=="
    },
    "integrity": "sha256-dtvL6eQJdLDyWiF1NQYR9i/C3X3rEX67/RmWlW9H1pg= sha512-kq88IK+ykWp42eBW3BJHVaL9Bd6gOOLAp10/iPta0WUT9VkwWUdgDQLWeHtbJ0uJKsQdUdK2vcauDOBvDTNGpA==",
    "path": "/js/i18n/es.min.js"
  },
  "@/js/i18n/et.js": {
    "hashes": {
      "sha256": "tZzAeFs/LokpQsSiVPH2S4qxDPyHoK6gvTmyfWpqgw4=",
      "sha512": "Gw3apOeCSI9X0bUW+yDqtLE7e8ZUrDqQwH9HqA3EbPxKlV6NDW3j5qF/8bAgL+1r1U6Glc9BRugG4eljLQIHGA=="
    },
    "integrity": "sha256-tZzAeFs/LokpQsSiVPH2S4qxDPyHoK6gvTmyfWpqgw4= sha512-Gw3apOeCSI9X0bUW+yDqtLE7e8ZUrDqQwH9HqA3EbPxKlV6NDW3j5qF/8bAgL+1r1U6Glc9BRugG4eljLQIHGA==",
    "path": "/js/i18n/et.js"
  },
  "@/js/i18n/et.min.js": {
    "hashes": {
      "sha256": "vrGJpyXAPoEbC4serijXU54Be4O5d+OJgIQF8FpB3lA=",
      "sha512": "RqPlhOexh6k/nBQO0WA+3LduqkdWNdw7l/oEGFiEqtb9Q8KU8nRH3Q6+b+iQDruTOZQ/CFPu+DdCgoZVHTDppw=="
    },
    "integrity": "sha256-vrGJpyXAPoEbC4serijXU54Be4O5d+OJgIQF8FpB3lA= sha512-RqPlhOexh6k/nBQO0WA+3LduqkdWNdw7l/oEGFiEqtb9Q8KU8nRH3Q6+b+iQDruTOZQ/CFPu+DdCgoZVHTDppw==",
    "path": "/js/i18n/et.min.js"
  },
  "@/js/i18n/fr.js": {
    "hashes": {
      "sha256": "RZ9cp+7LAfcT+Y4wOPbPjsjrqFmUzSZF7XaPLgnm4vc=",
      "sha512": "gPkkSDIJBoc9bjZu5H9/py5Z0lJezkdwlKAu/9VjiWbgWrVxwe8dOkuvk+bIQJbXLl4yvkJwKYSn/qL7nBkBeA=="
    },
    "integrity": "sha256-RZ9cp+7LAfcT+Y4wOPbPjsjrqFmUzSZF7XaPLgnm4vc= sha512-gPkkSDIJBoc9bjZu5H9/py5Z0lJezkdwlKAu/9VjiWbgWrVxwe8dOkuvk+bIQJbXLl4yvkJwKYSn/qL7nBkBeA==",
    "path": "/js/i18n/fr.js"
  },
  "@/js/i18n/fr.min.js": {
    "hashes": {
      "sha256": "Gc03OB+qZzlzuYlw62Kgx655X05SyyvlDw2rwg+yy0A=",
      "sha512": "mORH+MdbYF4cWiHtpuOV5PxPlEu3Yhsg9K1watJowAXjj9Z/+43tuU2gMPR6MO1wsk3NZSJRYiQndR8zH+BZPg=="
    },
    "integrity": "sha256-Gc03OB+qZzlzuYlw62Kgx655X05SyyvlDw2rwg+yy0A= sha512-mORH+MdbYF4cWiHtpuOV5PxPlEu3Yhsg9K1watJowAXjj9Z/+43tuU2gMPR6MO1wsk3NZSJRYiQndR8zH+BZPg==",
    "path": "/js/i18n/fr.min.js"
  },
  "@/js/i18n/hi.js": {
    "hashes": {
      "sha256": "b42K4H85qxFhDWLxC0xDlz3WwYQjErIqW7Q7L8ZUVdk=",
      "sha512": "iCpqjoQDr+CoL23OYU4+zbaOyNeST5zPE9HJ4imUCrINMOhYAeN9+yCDu0Wsalb9DeMZjF+SxMjjLsDZPRuIMA=="
    },
    "integrity": "sha256-b42K4H85qxFhDWLxC0xDlz3WwYQjErIqW7Q7L8ZUVdk= sha512-iCpqjoQDr+CoL23OYU4+zbaOyNeST5zPE9HJ4imUCrINMOhYAeN9+yCDu0Wsalb9DeMZjF+SxMjjLsDZPRuIMA==",
    "path": "/js/i18n/hi.js"
  },
  "@/js/i18n/hi.min.js": {
    "hashes": {
      "sha256": "EUoJhxnf6Xg7KzzhvhApYDKTwgKy3HoPjvBPNcuaUSs=",
      "sha512": "i4e+7jzu3QUqlIzdSDz0HeH1S1ZIpgqB71+s9K4qzN67NOIMLPzSU/Q3vgtKR9Rgb8TIJPEfLhQf5fKxZHoG7A=="
    },
    "integrity": "sha256-EUoJhxnf6Xg7KzzhvhApYDKTwgKy3HoPjvBPNcuaUSs= sha512-i4e+7jzu3QUqlIzdSDz0HeH1S1ZIpgqB71+s9K4qzN67NOIMLPzSU/Q3vgtKR9Rgb8TIJPEfLhQf5fKxZHoG7A==",
    "path": "/js/i18n/hi.min.js"
  },
  "@/js/i18n/hu.js": {
    "hashes": {
      "sha256": "6+XmCdDTeImjVQIewDUCoChA/ButbT067fk3sA2D5+w=",
      "sha512": "2/6vWLG1ziRDp+m78BqOcOQtMAUWatWWdYZG+W6XE8FxFsvyd1YSM6bswx/PJgZ42DZRYmxk1aP7DgFoXlhPLA=="
    },
    "integrity": "sha256-6+XmCdDTeImjVQIewDUCoChA/ButbT067fk3sA2D5+w= sha512-2/6vWLG1ziRDp+m78BqOcOQtMAUWatWWdYZG+W6XE8FxFsvyd1YSM6bswx/PJgZ42DZRYmxk1aP7DgFoXlhPLA==",
    "path": "/js/i18n/hu.js"
  },
  "@/js/i18n/hu.min.js": {
    "hashes": {
      "sha256": "huuIRDEqYggr7TG3dkIZ7T/jgDg+3FpFAsfYzU3qiWc=",
      "sha512": "iX9DRvr8JWDOWjoiOmco7gyO58NWcdaLvjoinVBSMDkZPHVRaWHj4XXGk1vbnZ7W/wTDeqG32SBGO/VSgKV4pw=="
    },
    "integrity": "sha256-huuIRDEqYggr7TG3dkIZ7T/jgDg+3FpFAsfYzU3qiWc= sha512-iX9DRvr8JWDOWjoiOmco7gyO58NWcdaLvjoinVBSMDkZPHVRaWHj4XXGk1vbnZ7W/wTDeqG32SBGO/VSgKV4pw==",
    "path": "/js/i18n/hu.min.js"
  },
  "@/js/i18n/hy.js": {
    "hashes": {
      "sha256": "2ZdotTUb0yHZXVN8luYWxuM2U5OVWCHdj7E0ZQ+pj7M=",
      "sha512": "942tPnRUKeZbsUZS1N+p7dX1CCULeAdOxUPnGe+CO9YtjCINx5fzAPJ4OL+uY954mXUUh9yeNJj1tnF3gmiTZA=="
    },
    "integrity": "sha256-2ZdotTUb0yHZXVN8luYWxuM2U5OVWCHdj7E0ZQ+pj7M= sha512-942tPnRUKeZbsUZS1N+p7dX1CCULeAdOxUPnGe+CO9YtjCINx5fzAPJ4OL+uY954mXUUh9yeNJj1tnF3gmiTZA==",
    "path": "/js/i18n/hy.js"
  },
  "@/js/i18n/hy.min.js": {
    "hashes": {
      "sha256": "3LV+TBqtdVNSSPWdW+RNHleyMQnDTcVxCwpDut5y0pA=",
      "sha512": "HQYUw0Sv4d2syc4JnlEGDkUkh6vf0+8ds8GeKesGM4D/D0kl6lXnCzeUk07mGsmWKTqtNgOwz31m4Uxiz8HyrQ=="
    },
    "integrity": "sha256-3LV+TBqtdVNSSPWdW+RNHleyMQnDTcVxCwpDut5y0pA= sha512-HQYUw0Sv4d2syc4JnlEGDkUkh6vf0+8ds8GeKesGM4D/D0kl6lXnCzeUk07mGsmWKTqtNgOwz31m4Uxiz8HyrQ==",
    "path": "/js/i18n/hy.min.js"
  },
  "@/js/i18n/id.js": {
    "hashes": {
      "sha256": "KfrBexmolfOtu2ycbEPJX+Y15n9bOcid4H1IiYjhwec=",
      "sha512": "7FsU6X7NkC1WehFRL/hVB08ZXozsnxc+QzxLFu+7HOeCtMfV6Md+hMYNCFJkvgRLMW+J7/Tz3ShLIlwx3ehIGg=="
    },
    "integrity": "sha256-KfrBexmolfOtu2ycbEPJX+Y15n9bOcid4H1IiYjhwec= sha512-7FsU6X7NkC1WehFRL/hVB08ZXozsnxc+QzxLFu+7HOeCtMfV6Md+hMYNCFJkvgRLMW+J7/Tz3ShLIlwx3ehIGg==",
    "path": "/js/i18n/id.js"
  },
  "@/js/i18n/id.min.js": {
    "hashes": {
      "sha256": "KhC9OXer+WSWD9TFXmBBgtnkGO+RNdMo9MAxV9hG89A=",
      "sha512": "Ymzpv8NYa8KguoOgP6RM8aAEYM7N7nzRD2h50zViRGua5D2aFngTmvN7ud4vsgbhKNIybSpRmztGym6tZnKDyQ=="
    },
    "integrity": "sha256-KhC9OXer+WSWD9TFXmBBgtnkGO+RNdMo9MAxV9hG89A= sha512-Ymzpv8NYa8KguoOgP6RM8aAEYM7N7nzRD2h50zViRGua5D2aFngTmvN7ud4vsgbhKNIybSpRmztGym6tZnKDyQ==",
    "path": "/js/i18n/id.min.js"
  },
  "@/js/i18n/is.js": {
    "hashes": {
      "sha256": "BjyIc1RXOb4UEJjXw6hzInzlOXI5EyMqlj7X4jfyOPg=",
      "sha512": "ge8c376MywI/Jlkm6d+Wjfei8TJ2PP+20xobTNoWjda3wig/b8ATNwQCsaxtcXicLmQ/L4Pjtcl/e+jDI8jDCQ=="
    },
    "integrity": "sha256-BjyIc1RXOb4UEJjXw6hzInzlOXI5EyMqlj7X4jfyOPg= sha512-ge8c376MywI/Jlkm6d+Wjfei8TJ2PP+20xobTNoWjda3wig/b8ATNwQCsaxtcXicLmQ/L4Pjtcl/e+jDI8jDCQ==",
    "path": "/js/i18n/is.js"
  },
  "@/js/i18n/is.min.js": {
    "hashes": {
      "sha256": "9OI3HdfNk94iDmt4X2m4R//cMlg0PSGviy9RPI5mmq0=",
      "sha512": "RwIYqAWUNTTrJCWDTIPxyV41So3RtOBj+VcxFT3dQO5pDGjH9jMmofeqXiLw0WdgZL35hZTifQbZCX8AP0ZasA=="
    },
    "integrity": "sha256-9OI3HdfNk94iDmt4X2m4R//cMlg0PSGviy9RPI5mmq0= sha512-RwIYqAWUNTTrJCWDTIPxyV41So3RtOBj+VcxFT3dQO5pDGjH9jMmofeqXiLw0WdgZL35hZTifQbZCX8AP0ZasA==",
    "path": "/js/i18n/is.min.js"
  },
  "@/js/i18n/it.js": {
    "hashes": {
      "sha256": "3AamOTFxDIyVrtvIcVsuB+PXAjfwkbdM55PNVKKyJNQ=",
      "sha512": "RaVAIx6Gn7MQgFazABKPLDTTAF6lz0vZDn3iWfyrA/BpIjAOa0gfDhVgx/h6qz0GjzvUbWX058DEoe0ul/hDyg=="
    },
    "integrity": "sha256-3AamOTFxDIyVrtvIcVsuB+PXAjfwkbdM55PNVKKyJNQ= sha512-RaVAIx6Gn7MQgFazABKPLDTTAF6lz0vZDn3iWfyrA/BpIjAOa0gfDhVgx/h6qz0GjzvUbWX058DEoe0ul/hDyg==",
    "path": "/js/i18n/it.js"
  },
  "@/js/i18n/it.min.js": {
    "hashes": {
      "sha256": "rLGr/Cfd2d1qk+L4U5k8330CEdwmf8RKFQHVKIKzS2o=",
      "sha512": "Rje4D6sQLtbjD6nTbtWydncCWpPupPbKVnr0tCon9bTsSV99Kub1MH20vBVPy+ljtk6zmQgxMjxQKaREoPq0Jw=="
    },
    "integrity": "sha256-rLGr/Cfd2d1qk+L4U5k8330CEdwmf8RKFQHVKIKzS2o= sha512-Rje4D6sQLtbjD6nTbtWydncCWpPupPbKVnr0tCon9bTsSV99Kub1MH20vBVPy+ljtk6zmQgxMjxQKaREoPq0Jw==",
    "path": "/js/i18n/it.min.js"
  },
  "@/js/i18n/iu.js": {
    "hashes": {
      "sha256": "f75MvlPOkiERveR2b46fiy2UgwzsEjMPsCKK19uHYjw=",
      "sha512": "leWyXWmWJO1Znt4mqdKbG2/YVkSXVupYzx4Ao0DTmE2JAh63HlZeAjax1KtYoLcJ/edGAHKQd8zCdPfkxTi9aw=="
    },
    "integrity": "sha256-f75MvlPOkiERveR2b46fiy2UgwzsEjMPsCKK19uHYjw= sha512-leWyXWmWJO1Znt4mqdKbG2/YVkSXVupYzx4Ao0DTmE2JAh63HlZeAjax1KtYoLcJ/edGAHKQd8zCdPfkxTi9aw==",
    "path": "/js/i18n/iu.js"
  },
  "@/js/i18n/iu.min.js": {
    "hashes": {
      "sha256": "x83wlnbY9RwwbE0nkUgdCeNQxVNdpEbqjj59I0iV/i4=",
      "sha512": "eUlq+aPK3uqJM57DW+HiSw9tgFEz1qDNoyUNC2z4Z7a0/TU7QeHxeKTNxl5tTQDJ3QdEe90P1ESPZZVEx1Cpag=="
    },
    "integrity": "sha256-x83wlnbY9RwwbE0nkUgdCeNQxVNdpEbqjj59I0iV/i4= sha512-eUlq+aPK3uqJM57DW+HiSw9tgFEz1qDNoyUNC2z4Z7a0/TU7QeHxeKTNxl5tTQDJ3QdEe90P1ESPZZVEx1Cpag==",
    "path": "/js/i18n/iu.min.js"
  },
  "@/js/i18n/ja.js": {
    "hashes": {
      "sha256": "FWc5mswkeW8P/P3s9YPVRH6XUJNu8rPvE/UcixrmefU=",
      "sha512": "iCJCGGLbX800h/vw6keHIZngiUFEoueD75NWGP4AAKRmmYKSIad+hCNdacjPbKaFAoihH2B6DroX4NlfHNR98Q=="
    },
    "integrity": "sha256-FWc5mswkeW8P/P3s9YPVRH6XUJNu8rPvE/UcixrmefU= sha512-iCJCGGLbX800h/vw6keHIZngiUFEoueD75NWGP4AAKRmmYKSIad+hCNdacjPbKaFAoihH2B6DroX4NlfHNR98Q==",
    "path": "/js/i18n/ja.js"
  },
  "@/js/i18n/ja.min.js": {
    "hashes": {
      "sha256": "4Lq9DNsLRIhfAAgcyZGRhakPZ/yTJRVJjvBklJyH5Q0=",
      "sha512": "wFnAbkdKv0O+aSKABr7XgVcP+neu+7Er4LT2wNolsIyCA0qHc2Wmi9ztZRPSh+Esa5GQXhKx7AG5l1BglOZarA=="
    },
    "integrity": "sha256-4Lq9DNsLRIhfAAgcyZGRhakPZ/yTJRVJjvBklJyH5Q0= sha512-wFnAbkdKv0O+aSKABr7XgVcP+neu+7Er4LT2wNolsIyCA0qHc2Wmi9ztZRPSh+Esa5GQXhKx7AG5l1BglOZarA==",
    "path": "/js/i18n/ja.min.js"
  },
  "@/js/i18n/ko.js": {
    "hashes": {
      "sha256": "aurgs9E1dsQ1Th52fpXPeL44o3bV8IA/JskhKm1ekjg=",
      "sha512": "OGVtocpMYfJDnyUL58+4qnJ4SylTV4CVgSaTzdotRZWwkfwRM4sOaER0h6RtYJx2j9bIX7l3XshBNlWqOe0Jbw=="
    },
    "integrity": "sha256-aurgs9E1dsQ1Th52fpXPeL44o3bV8IA/JskhKm1ekjg= sha512-OGVtocpMYfJDnyUL58+4qnJ4SylTV4CVgSaTzdotRZWwkfwRM4sOaER0h6RtYJx2j9bIX7l3XshBNlWqOe0Jbw==",
    "path": "/js/i18n/ko.js"
  },
  "@/js/i18n/ko.min.js": {
    "hashes": {
      "sha256": "BdWTrzoA0sI+3arTqvpJbXM8z7VOtGV7sLcIMYe13+U=",
      "sha512": "Cu9Jv72OR5JTc6cPpxnbgyPGN7dVVbtob4stuYtF0kp25xIaNbgVykvqrXqweqDKm7+7Sc0YHS3hBb5VVvwu+Q=="
    },
    "integrity": "sha256-BdWTrzoA0sI+3arTqvpJbXM8z7VOtGV7sLcIMYe13+U= sha512-Cu9Jv72OR5JTc6cPpxnbgyPGN7dVVbtob4stuYtF0kp25xIaNbgVykvqrXqweqDKm7+7Sc0YHS3hBb5VVvwu+Q==",
    "path": "/js/i18n/ko.min.js"
  },
  "@/js/i18n/lt.js": {
    "hashes": {
      "sha256": "xvy83zvuDK9qvC8K3MZGJc/uPqcdQJ5MUqCE9dMS/6U=",
      "sha512": "do3C0Udr548nJX097TdaDPPm6s47un3PmyoOC8lEJ2kiiZAzeW+V+Bw/NbwR2RAgLwKtEs2eWzCo09qTyCKWhw=="
    },
    "integrity": "sha256-xvy83zvuDK9qvC8K3MZGJc/uPqcdQJ5MUqCE9dMS/6U= sha512-do3C0Udr548nJX097TdaDPPm6s47un3PmyoOC8lEJ2kiiZAzeW+V+Bw/NbwR2RAgLwKtEs2eWzCo09qTyCKWhw==",
    "path": "/js/i18n/lt.js"
  },
  "@/js/i18n/lt.min.js": {
    "hashes": {
      "sha256": "hFu40zwlbpKk+nZQRt42Q6qFzIdION0HUnpgunqqBKU=",
      "sha512": "y7vPVfgGzcWuvejFrP4fa8bqvywNGmlLyeG4ZZfpI3dSqCuL9Y0tUGS89YhVnyHdpdVWe1YxEPOTO3FHsfcrBw=="
    },
    "integrity": "sha256-hFu40zwlbpKk+nZQRt42Q6qFzIdION0HUnpgunqqBKU= sha512-y7vPVfgGzcWuvejFrP4fa8bqvywNGmlLyeG4ZZfpI3dSqCuL9Y0tUGS89YhVnyHdpdVWe1YxEPOTO3FHsfcrBw==",
    "path": "/js/i18n/lt.min.js"
  },
  "@/js/i18n/lv.js": {
    "hashes": {
      "sha256": "rY2n+/4XHt3zx9unEVti5CKwqBIlaa1YZx34d9ihPyY=",
      "sha512": "jTlOMg51TiefsjXdDicPpTOPhEA5D7Q4BLmU39YWhQciS5xnmLg0ENovX5tNekJuPrgDMdgDkfUOX+qJ+xaFvQ=="
    },
    "integrity": "sha256-rY2n+/4XHt3zx9unEVti5CKwqBIlaa1YZx34d9ihPyY= sha512-jTlOMg51TiefsjXdDicPpTOPhEA5D7Q4BLmU39YWhQciS5xnmLg0ENovX5tNekJuPrgDMdgDkfUOX+qJ+xaFvQ==",
    "path": "/js/i18n/lv.js"
  },
  "@/js/i18n/lv.min.js": {
    "hashes": {
      "sha256": "r2h2QrrJBVb9qAYQiDsIp9wkNid7Qg21R8OIubWLQ+c=",
      "sha512": "DSfTyUGl6tifApdsz27D1228dLnlf/OCJWaJwyUsxxPJIriLRy5FnlBCtv6F4b3ssqIHIw4DmgNVKuFbPx4DVw=="
    },
    "integrity": "sha256-r2h2QrrJBVb9qAYQiDsIp9wkNid7Qg21R8OIubWLQ+c= sha512-DSfTyUGl6tifApdsz27D1228dLnlf/OCJWaJwyUsxxPJIriLRy5FnlBCtv6F4b3ssqIHIw4DmgNVKuFbPx4DVw==",
    "path": "/js/i18n/lv.min.js"
  },
  "@/js/i18n/nl.js": {
    "hashes": {
      "sha256": "ve831iSbRdrevKVKhvlgMXdu7X0XmSGh01fcIjngSAY=",
      "sha512": "y0vPmnlWpSU3IFKlmh+F6AYs19387zukP1FIcuXWXp7i2K9/3VR3yRIMBqmYJOsf7I+n4UbauRky8WhSsGXb8g=="
    },
    "integrity": "sha256-ve831iSbRdrevKVKhvlgMXdu7X0XmSGh01fcIjngSAY= sha512-y0vPmnlWpSU3IFKlmh+F6AYs19387zukP1FIcuXWXp7i2K9/3VR3yRIMBqmYJOsf7I+n4UbauRky8WhSsGXb8g==",
    "path": "/js/i18n/nl.js"
  },
  "@/js/i18n/nl.min.js": {
    "hashes": {
      "sha256": "3+1t/jvzLiWxvvI5tbEuYWIwRPqWXt6dSMVA4HxX6bc=",
      "sha512": "vez/SQKoW1387xIYR8Kz8tUHf3+THYfSdEvABc3Wt+8m/SKb5nUj3HyHEHyCYJ274oqNEQVmDYQo9prV0LLAvQ=="
    },
    "integrity": "sha256-3+1t/jvzLiWxvvI5tbEuYWIwRPqWXt6dSMVA4HxX6bc= sha512-vez/SQKoW1387xIYR8Kz8tUHf3+THYfSdEvABc3Wt+8m/SKb5nUj3HyHEHyCYJ274oqNEQVmDYQo9prV0LLAvQ==",
    "path": "/js/i18n/nl.min.js"
  },
  "@/js/i18n/pl.js": {
    "hashes": {
      "sha256": "fOn92xxWIPuB1s73eOpjjCzZmCP5WozvvrTJR1vBdp0=",
      "sha512": "bc1QlEg4uuMJ5oZjY6JeCSnfJtxA2u6DCE8CtfNyv7Dup95M3B3bwmsh1tyKS72kVilkPV1bw7UUHbx8FKce9A=="
    },
    "integrity": "sha256-fOn92xxWIPuB1s73eOpjjCzZmCP5WozvvrTJR1vBdp0= sha512-bc1QlEg4uuMJ5oZjY6JeCSnfJtxA2u6DCE8CtfNyv7Dup95M3B3bwmsh1tyKS72kVilkPV1bw7UUHbx8FKce9A==",
    "path": "/js/i18n/pl.js"
  },
  "@/js/i18n/pl.min.js": {
    "hashes": {
      "sha256": "4wm8KsGs+DQyllTIPfo0DTh8N9LMJBgHQnc+DhuYZlg=",
      "sha512": "4zOUVTQtxGzkpveQV9p56sJU1Mfvt2Abc65BX7nYYxEmPVk3yNP7VP5sxgj+UN1uq+YjpwqrBJ9SVyCXMMbYYg=="
    },
    "integrity": "sha256-4wm8KsGs+DQyllTIPfo0DTh8N9LMJBgHQnc+DhuYZlg= sha512-4zOUVTQtxGzkpveQV9p56sJU1Mfvt2Abc65BX7nYYxEmPVk3yNP7VP5sxgj+UN1uq+YjpwqrBJ9SVyCXMMbYYg==",
    "path": "/js/i18n/pl.min.js"
  },
  "@/js/i18n/pt-BR.js": {
    "hashes": {
      "sha256": "kij5e5qh18UGz5dCf5j0R9enyUTDc1cmpbXZa2FWArA=",
      "sha512": "YYm0ZCIpKYpIk/qnlYg0TZLEA3aAGqjjEiuRjfrKgX2FZTLj0o8XFgJ+j/Fdu1/jgRXDTDPE8cF/NfFw4wNBWg=="
    },
    "integrity": "sha256-kij5e5qh18UGz5dCf5j0R9enyUTDc1cmpbXZa2FWArA= sha512-YYm0ZCIpKYpIk/qnlYg0TZLEA3aAGqjjEiuRjfrKgX2FZTLj0o8XFgJ+j/Fdu1/jgRXDTDPE8cF/NfFw4wNBWg==",
    "path": "/js/i18n/pt-BR.js"
  },
  "@/js/i18n/pt-BR.min.js": {
    "hashes": {
      "sha256": "EtZ6iTinLaVyWjQzO/LFfjG5uwXz1/3iotDfueJnHhI=",
      "sha512": "+NDzBhuR/B3Rv38JN0ydt/LI6BHbK8tYzRKPCF9Q+8ChILCLTzWkaAClJ+fsbBjjbsqtmmQ3vPr4ZPpDd18uTQ=="
    },
    "integrity": "sha256-EtZ6iTinLaVyWjQzO/LFfjG5uwXz1/3iotDfueJnHhI= sha512-+NDzBhuR/B3Rv38JN0ydt/LI6BHbK8tYzRKPCF9Q+8ChILCLTzWkaAClJ+fsbBjjbsqtmmQ3vPr4ZPpDd18uTQ==",
    "path": "/js/i18n/pt-BR.min.js"
  },
  "@/js/i18n/pt.js": {
    "hashes": {
      "sha256": "9LSI/w7Fy3i2xd0UA9pKti7pQBVRRPD4FuhIFo7NbLs=",
      "sha512": "iyJy4slLgoiLkZBC8hEiOgSU4G23WR6MVa4DTmVDPaODFcnMymR99tPFssMot/GKCh3LCZPUwlAm3i2/ysi1Iw=="
    },
    "integrity": "sha256-9LSI/w7Fy3i2xd0UA9pKti7pQBVRRPD4FuhIFo7NbLs= sha512-iyJy4slLgoiLkZBC8hEiOgSU4G23WR6MVa4DTmVDPaODFcnMymR99tPFssMot/GKCh3LCZPUwlAm3i2/ysi1Iw==",
    "path": "/js/i18n/pt.js"
  },
  "@/js/i18n/pt.min.js": {
    "hashes": {
      "sha256": "U6fcw8Ll5NdYTbr6d0SP4NVzN0ts67xMaK+yJfQx9rI=",
      "sha512": "D/6mA4E6jHtY+perQNa/26dp1PfjvlXUXA/aQknDwYqck9i3mz6LgeyXSq0tzSIzgH7JI6bNpO6ZkZAIzcuHJw=="
    },
    "integrity": "sha256-U6fcw8Ll5NdYTbr6d0SP4NVzN0ts67xMaK+yJfQx9rI= sha512-D/6mA4E6jHtY+perQNa/26dp1PfjvlXUXA/aQknDwYqck9i3mz6LgeyXSq0tzSIzgH7JI6bNpO6ZkZAIzcuHJw==",
    "path": "/js/i18n/pt.min.js"
  },
  "@/js/i18n/ru.js": {
    "hashes": {
      "sha256": "bLFTQP4/sFBXSUgWTT58hN+SiWcHTKi23SYshw/yj0w=",
      "sha512": "MkkSjeNbPMRoP1BnCVFWEQzUbiGvvCdvjS5OSqYVZICAFfDSGQXiQ3ne8DrhNIoFAoGHrsaqBSDPwlFXhsXo/w=="
    },
    "integrity": "sha256-bLFTQP4/sFBXSUgWTT58hN+SiWcHTKi23SYshw/yj0w= sha512-MkkSjeNbPMRoP1BnCVFWEQzUbiGvvCdvjS5OSqYVZICAFfDSGQXiQ3ne8DrhNIoFAoGHrsaqBSDPwlFXhsXo/w==",
    "path": "/js/i18n/ru.js"
  },
  "@/js/i18n/ru.min.js": {
    "hashes": {
      "sha256": "Ym+WTRIgo3R7oLfVYV3k3+oj3/B4O2/3wYLUYRY7TsQ=",
      "sha512": "NTKGkckxz7HQkyrKuXzjdlrnpOb/JdfZ69ctLY1Szig7ODxkDf8ZjcRLRLktllhjjcWLDy3ixr10+lEK/dzEgg=="
    },
    "integrity": "sha256-Ym+WTRIgo3R7oLfVYV3k3+oj3/B4O2/3wYLUYRY7TsQ= sha512-NTKGkckxz7HQkyrKuXzjdlrnpOb/JdfZ69ctLY1Szig7ODxkDf8ZjcRLRLktllhjjcWLDy3ixr10+lEK/dzEgg==",
    "path": "/js/i18n/ru.min.js"
  },
  "@/js/i18n/sk.js": {
    "hashes": {
      "sha256": "4r5gJL+7jQsAy60TVjonjCeGPcp8XKpp2oYMZOVVypI=",
      "sha512": "0nMHDCrJlW0wd6hev6zBHDqNJ3w3j0kpeWuLR93eM0Vcr+RErKA++ZdTWqHVO8+ZNPNlVQNU4SIfplLxIKA5zg=="
    },
    "integrity": "sha256-4r5gJL+7jQsAy60TVjonjCeGPcp8XKpp2oYMZOVVypI= sha512-0nMHDCrJlW0wd6hev6zBHDqNJ3w3j0kpeWuLR93eM0Vcr+RErKA++ZdTWqHVO8+ZNPNlVQNU4SIfplLxIKA5zg==",
    "path": "/js/i18n/sk.js"
  },
  "@/js/i18n/sk.min.js": {
    "hashes": {
      "sha256": "8VWD/bTz1UAH1KUKhp18YQ/F031ipq7v6LNLfscSDdI=",
      "sha512": "NIFJ3r6aV8awo5zhnuEH+BLbqXXZDzXCbyr86YrO27OLcxoc71OZ3XbFslmMDMyHKeYf2uYSOuilMCmKp1LDhg=="
    },
    "integrity": "sha256-8VWD/bTz1UAH1KUKhp18YQ/F031ipq7v6LNLfscSDdI= sha512-NIFJ3r6aV8awo5zhnuEH+BLbqXXZDzXCbyr86YrO27OLcxoc71OZ3XbFslmMDMyHKeYf2uYSOuilMCmKp1LDhg==",
    "path": "/js/i18n/sk.min.js"
  },
  "@/js/i18n/sq.js": {
    "hashes": {
      "sha256": "NFe4+lqKBcjT12dXrZOLJe3w6rrvHEH/BOxpoyK6FTc=",
      "sha512": "8UuB/67eEHlhXmJ2acoYbIdZMQflqh12dvkk8b/eKf34wKXVHsfXn+rv+aBcRjZFZZSXWShiIgT0Q+YUAvj8LA=="
    },
    "integrity": "sha256-NFe4+lqKBcjT12dXrZOLJe3w6rrvHEH/BOxpoyK6FTc= sha512-8UuB/67eEHlhXmJ2acoYbIdZMQflqh12dvkk8b/eKf34wKXVHsfXn+rv+aBcRjZFZZSXWShiIgT0Q+YUAvj8LA==",
    "path": "/js/i18n/sq.js"
  },
  "@/js/i18n/sq.min.js": {
    "hashes": {
      "sha256": "lo39rRNWSAI05zkkpptubJx6cuFS7lut8vDWjJP+1hA=",
      "sha512": "FvcYj4ATnt8CrYmOn0F7kAA9jVAKo8/FkYhfZfBdP+ie2LNv5Lcmdnoy9zcbl4A4c68HQntGPGGXuvd1B1VOKA=="
    },
    "integrity": "sha256-lo39rRNWSAI05zkkpptubJx6cuFS7lut8vDWjJP+1hA= sha512-FvcYj4ATnt8CrYmOn0F7kAA9jVAKo8/FkYhfZfBdP+ie2LNv5Lcmdnoy9zcbl4A4c68HQntGPGGXuvd1B1VOKA==",
    "path": "/js/i18n/sq.min.js"
  },
  "@/js/i18n/th.js": {
    "hashes": {
      "sha256": "Vb2YK0yJkms5LBb5oVpwQ8kfmvrOeFZIGJuNw9k8tpY=",
      "sha512": "rv+9dW/ZuIBl/O7fpTzmW6rzS5xO4x3rgjmre6CIFfbZ47THEMr8zojB0fsxjLcN6DJ7v3QFnWM7DexX56I9rg=="
    },
    "integrity": "sha256-Vb2YK0yJkms5LBb5oVpwQ8kfmvrOeFZIGJuNw9k8tpY= sha512-rv+9dW/ZuIBl/O7fpTzmW6rzS5xO4x3rgjmre6CIFfbZ47THEMr8zojB0fsxjLcN6DJ7v3QFnWM7DexX56I9rg==",
    "path": "/js/i18n/th.js"
  },
  "@/js/i18n/th.min.js": {
    "hashes": {
      "sha256": "uZtZyX4HzOOj2LHL0wXSKxeWABiL5CF7xADIZViRqVE=",
      "sha512": "KT+ciLrD1kzb051sWGwnODSBsc5DvfaUmjpAclGjVViAIlMfDrwWlkj+Ly+es80ZoBA1R4CYSR2K8ygqWOPjag=="
    },
    "integrity": "sha256-uZtZyX4HzOOj2LHL0wXSKxeWABiL5CF7xADIZViRqVE= sha512-KT+ciLrD1kzb051sWGwnODSBsc5DvfaUmjpAclGjVViAIlMfDrwWlkj+Ly+es80ZoBA1R4CYSR2K8ygqWOPjag==",
    "path": "/js/i18n/th.min.js"
  },
  "@/js/i18n/tr.js": {
    "hashes": {
      "sha256": "8quS6D28u6K9kb+UazAuqH7JthCXDDbVLHh5T2LioUI=",
      "sha512": "+Uzfv34eKvmBTMa0iZ19Xc/EEZ2eqyX8Pp1mZnNvUltVmlZOV2dlAKzBPcR3dh3atVYK9D1DvwsWB8t+s/g65Q=="
    },
    "integrity": "sha256-8quS6D28u6K9kb+UazAuqH7JthCXDDbVLHh5T2LioUI= sha512-+Uzfv34eKvmBTMa0iZ19Xc/EEZ2eqyX8Pp1mZnNvUltVmlZOV2dlAKzBPcR3dh3atVYK9D1DvwsWB8t+s/g65Q==",
    "path": "/js/i18n/tr.js"
  },
  "@/js/i18n/tr.min.js": {
    "hashes": {
      "sha256": "4H9o23xwDJXKxKG1+ZSDWhPDjj+EnqfzS/Mq+RLdwS0=",
      "sha512": "WKcQ1qwdFVi1RNcTCAOkuLGYpTgqZflUzLWuXGOZWpEXf7OatAqRYh3oD4juay4W78CV26/zKMKT9nQMOFYRzA=="
    },
    "integrity": "sha256-4H9o23xwDJXKxKG1+ZSDWhPDjj+EnqfzS/Mq+RLdwS0= sha512-WKcQ1qwdFVi1RNcTCAOkuLGYpTgqZflUzLWuXGOZWpEXf7OatAqRYh3oD4juay4W78CV26/zKMKT9nQMOFYRzA==",
    "path": "/js/i18n/tr.min.js"
  },
  "@/js/i18n/uk.js": {
    "hashes": {
      "sha256": "RmpRNvHy5AmRmJi606qDl/WApZN5zfhSVToFwRjGN04=",
      "sha512": "ik/0bTuaMZPXuqT06tJJIz+5GH7QxWGI5+U7K3vXYhTSvwUoc+eIE1SSTfd5ShDs+Nt86cQgWW6lAPCN+AEwRQ=="
    },
    "integrity": "sha256-RmpRNvHy5AmRmJi606qDl/WApZN5zfhSVToFwRjGN04= sha512-ik/0bTuaMZPXuqT06tJJIz+5GH7QxWGI5+U7K3vXYhTSvwUoc+eIE1SSTfd5ShDs+Nt86cQgWW6lAPCN+AEwRQ==",
    "path": "/js/i18n/uk.js"
  },
  "@/js/i18n/uk.min.js": {
    "hashes": {
      "sha256": "/xdxarPLt+yHvU3XHrO0uNzleNz8wdlnlrBlxQCPEwk=",
      "sha512": "Ol+9blxpQtTZRIyuBGHIBaEbV3Mf/ew1vL5pluX2E00IeWKr0Tzcigw45ph4TxzdtoHvCmeDU3OZ206s/6GZ7Q=="
    },
    "integrity": "sha256-/xdxarPLt+yHvU3XHrO0uNzleNz8wdlnlrBlxQCPEwk= sha512-Ol+9blxpQtTZRIyuBGHIBaEbV3Mf/ew1vL5pluX2E00IeWKr0Tzcigw45ph4TxzdtoHvCmeDU3OZ206s/6GZ7Q==",
    "path": "/js/i18n/uk.min.js"
  },
  "@/js/i18n/vi.js": {
    "hashes": {
      "sha256": "jEFHZJfriTNWX9jqplJambGi+UJwRBFC8oKIri3RBd4=",
      "sha512": "NExZ6FbhrdPHlX/eWEOTWtiNaOmUBcz2JEG9FCz89Yn83Pj/JJ2i0oCLqiA8RJZo7KfIPHYd/muhm7DeN5L1KA=="
    },
    "integrity": "sha256-jEFHZJfriTNWX9jqplJambGi+UJwRBFC8oKIri3RBd4= sha512-NExZ6FbhrdPHlX/eWEOTWtiNaOmUBcz2JEG9FCz89Yn83Pj/JJ2i0oCLqiA8RJZo7KfIPHYd/muhm7DeN5L1KA==",
    "path": "/js/i18n/vi.js"
  },
  "@/js/i18n/vi.min.js": {
    "hashes": {
      "sha256": "Gqhre58ZDbohcRHkDA8tOsvn+w2t+fo+S7xIn9tBCIw=",
      "sha512": "9kOFldjRDeW64MOb/EPrQPNnSO4Pb6llrRqtOPvjY1Og2Xd1Ts5kSMfLDbQRdOtu2SZoLTBn+EQqN2+E/gllGA=="
    },
    "integrity": "sha256-Gqhre58ZDbohcRHkDA8tOsvn+w2t+fo+S7xIn9tBCIw= sha512-9kOFldjRDeW64MOb/EPrQPNnSO4Pb6llrRqtOPvjY1Og2Xd1Ts5kSMfLDbQRdOtu2SZoLTBn+EQqN2+E/gllGA==",
    "path": "/js/i18n/vi.min.js"
  },
  "@/js/i18n/zh-Hans.js": {
    "hashes": {
      "sha256": "dYMxIFLTZswW8Y2lJs6ORfQ+rK2ZNteuZX5TkJmTZxw=",
      "sha512": "N8Z6vqk7uhvUHyfTkk4EtKr3FHBhabTEFRxLKrd4dT55fr3rTTx897gAXFvF0mWuv4FmgUiXGF66B+QQ7uOSjA=="
    },
    "integrity": "sha256-dYMxIFLTZswW8Y2lJs6ORfQ+rK2ZNteuZX5TkJmTZxw= sha512-N8Z6vqk7uhvUHyfTkk4EtKr3FHBhabTEFRxLKrd4dT55fr3rTTx897gAXFvF0mWuv4FmgUiXGF66B+QQ7uOSjA==",
    "path": "/js/i18n/zh-Hans.js"
  },
  "@/js/i18n/zh-Hans.min.js": {
    "hashes": {
      "sha256": "2XbsJ8Lpm0dbLvdxzcSaGf5oeZUV8ODbVDxA9fkmc8o=",
      "sha512": "LHl1NpfdBTcQ0su823+0G/yZJ6CLsiFALud6dvUoeE1zVzAqS0aCvhSg8h6uZLsMBSJ4mJXlF2Li9D6ckrRV9w=="
    },
    "integrity": "sha256-2XbsJ8Lpm0dbLvdxzcSaGf5oeZUV8ODbVDxA9fkmc8o= sha512-LHl1NpfdBTcQ0su823+0G/yZJ6CLsiFALud6dvUoeE1zVzAqS0aCvhSg8h6uZLsMBSJ4mJXlF2Li9D6ckrRV9w==",
    "path": "/js/i18n/zh-Hans.min.js"
  },
  "@/js/i18n/zh.js": {
    "hashes": {
      "sha256": "riZD8CCT9yuK36RdouL29mPKjpdcG06a7wYz/pwUeLw=",
      "sha512": "YaqvKNjaGaFsKwpIktrY5qdqSilZyZzIkpKJqlDIc33UPYYPIzUFMCgvd/1P729KVCyy38Nt41wW1vKj4N9EZg=="
    },
    "integrity": "sha256-riZD8CCT9yuK36RdouL29mPKjpdcG06a7wYz/pwUeLw= sha512-YaqvKNjaGaFsKwpIktrY5qdqSilZyZzIkpKJqlDIc33UPYYPIzUFMCgvd/1P729KVCyy38Nt41wW1vKj4N9EZg==",
    "path": "/js/i18n/zh.js"
  },
  "@/js/i18n/zh.min.js": {
    "hashes": {
      "sha256": "4AU7R7bLnNqg3p0uVDK/eP/aV3ma8ErvWOgpb6AydHk=",
      "sha512": "HCw84Cn1Au7/QBVaz3KTrV358GubGv/YbEkL9yKCjE7YmxKoIvuWvvS/7PtYiuyRwubLiU81vATtDTZ4/5plsQ=="
    },
    "integrity": "sha256-4AU7R7bLnNqg3p0uVDK/eP/aV3ma8ErvWOgpb6AydHk= sha512-HCw84Cn1Au7/QBVaz3KTrV358GubGv/YbEkL9yKCjE7YmxKoIvuWvvS/7PtYiuyRwubLiU81vATtDTZ4/5plsQ==",
    "path": "/js/i18n/zh.min.js"
  },
  "@/js/ie8-wet-boew.js": {
    "hashes": {
      "sha256": "QlKwV/wa6ryRCCYrk5j50Xx726D9PsUa7O1oSOIvn7Q=",
      "sha512": "0UhrbgQ9sXrZFOehcnfuverGdoFocsWztpcMUlKxoJlSPWJgLedr6tAOyK7F+iZCQwOrhnbwWv8rT1n6BWPwbQ=="
    },
    "integrity": "sha256-QlKwV/wa6ryRCCYrk5j50Xx726D9PsUa7O1oSOIvn7Q= sha512-0UhrbgQ9sXrZFOehcnfuverGdoFocsWztpcMUlKxoJlSPWJgLedr6tAOyK7F+iZCQwOrhnbwWv8rT1n6BWPwbQ==",
    "path": "/js/ie8-wet-boew.js"
  },
  "@/js/ie8-wet-boew.min.js": {
    "hashes": {
      "sha256": "LhiYACUPSFX+OG4GJ6uvFsxS4ojEYDvDOLTJCDpf1e0=",
      "sha512": "QQ3wPuZbi1l99mMx1UtJAmCkqiOEioCFids6CWgapDHYL6PVznV42GX9dVEKQTIJkTqaH/hdZN6BFu5f+9zbQQ=="
    },
    "integrity": "sha256-LhiYACUPSFX+OG4GJ6uvFsxS4ojEYDvDOLTJCDpf1e0= sha512-QQ3wPuZbi1l99mMx1UtJAmCkqiOEioCFids6CWgapDHYL6PVznV42GX9dVEKQTIJkTqaH/hdZN6BFu5f+9zbQQ==",
    "path": "/js/ie8-wet-boew.min.js"
  },
  "@/js/ie8-wet-boew2.js": {
    "hashes": {
      "sha256": "92vv6I0CiVfg7hW1XZunGY48nogQEkeJxdhLUrppNfc=",
      "sha512": "VmMx5BAiFSqmVI61a9zmqKM9QaLiLZwbPERTHUr8oiGyJJQCejts2Y/xKK4Yqf7tO66TPZVOohFzAOvLN5Yi3Q=="
    },
    "integrity": "sha256-92vv6I0CiVfg7hW1XZunGY48nogQEkeJxdhLUrppNfc= sha512-VmMx5BAiFSqmVI61a9zmqKM9QaLiLZwbPERTHUr8oiGyJJQCejts2Y/xKK4Yqf7tO66TPZVOohFzAOvLN5Yi3Q==",
    "path": "/js/ie8-wet-boew2.js"
  },
  "@/js/ie8-wet-boew2.min.js": {
    "hashes": {
      "sha256": "LhiYACUPSFX+OG4GJ6uvFsxS4ojEYDvDOLTJCDpf1e0=",
      "sha512": "QQ3wPuZbi1l99mMx1UtJAmCkqiOEioCFids6CWgapDHYL6PVznV42GX9dVEKQTIJkTqaH/hdZN6BFu5f+9zbQQ=="
    },
    "integrity": "sha256-LhiYACUPSFX+OG4GJ6uvFsxS4ojEYDvDOLTJCDpf1e0= sha512-QQ3wPuZbi1l99mMx1UtJAmCkqiOEioCFids6CWgapDHYL6PVznV42GX9dVEKQTIJkTqaH/hdZN6BFu5f+9zbQQ==",
    "path": "/js/ie8-wet-boew2.min.js"
  },
  "@/js/jquery/2.2.4/jquery.js": {
    "hashes": {
      "sha256": "iT6Q9iMJYuQiMWNd9lDyBUStIq/8PuOW33aOqmvFpqI=",
      "sha512": "OKuL2kpi8zfeXcqSXnGbL6tKc9JxWmppJY4mOSn1EsngRb7fx1N5+7wOTGqu2bI5OAYL3Og7/Beg7EsWG2OBKA=="
    },
    "integrity": "sha256-iT6Q9iMJYuQiMWNd9lDyBUStIq/8PuOW33aOqmvFpqI= sha512-OKuL2kpi8zfeXcqSXnGbL6tKc9JxWmppJY4mOSn1EsngRb7fx1N5+7wOTGqu2bI5OAYL3Og7/Beg7EsWG2OBKA==",
    "path": "/js/jquery/2.2.4/jquery.js"
  },
  "@/js/jquery/2.2.4/jquery.min.js": {
    "hashes": {
      "sha256": "BbhdlvQf/xTY9gja0Dq3HiwQF8LaCRTXxZKRutelT44=",
      "sha512": "DUC8yqWf7ez3JD1jszxCWSVB0DMP78eOyBpMa5aJki1bIRARykviOuImIczkxlj1KhVSyS16w2FSQetkD4UU2w=="
    },
    "integrity": "sha256-BbhdlvQf/xTY9gja0Dq3HiwQF8LaCRTXxZKRutelT44= sha512-DUC8yqWf7ez3JD1jszxCWSVB0DMP78eOyBpMa5aJki1bIRARykviOuImIczkxlj1KhVSyS16w2FSQetkD4UU2w==",
    "path": "/js/jquery/2.2.4/jquery.min.js"
  },
  "@/js/MathJax/mml-chtml.js": {
    "hashes": {
      "sha256": "kowaCzd7eMmd7w/5eNPgYGCrxPx9d7R+U97qGuaMXIc=",
      "sha512": "ahi3HkYPLQqwTJ6Sq4rMlSTW0gJM4ljigfssVIChi3FMTJkIzLp5stagHUzWmVF98vWVh3fZ9VdIkzlZL8nIog=="
    },
    "integrity": "sha256-kowaCzd7eMmd7w/5eNPgYGCrxPx9d7R+U97qGuaMXIc= sha512-ahi3HkYPLQqwTJ6Sq4rMlSTW0gJM4ljigfssVIChi3FMTJkIzLp5stagHUzWmVF98vWVh3fZ9VdIkzlZL8nIog==",
    "path": "/js/MathJax/mml-chtml.js"
  },
  "@/js/polyfills/datalist_dynamic.js": {
    "hashes": {
      "sha256": "1JickU7HR+j3+jKCwYP6yKJxSZ2SancC69EE4nJLmOk=",
      "sha512": "2poTQD5Awle1NOP5YXZXIrxLk5D7YrI/aeB0e2lFz8cO2ICKVmTPIFP7YhG92zOgIu34kKXSVaitPdLLS1U5xw=="
    },
    "integrity": "sha256-1JickU7HR+j3+jKCwYP6yKJxSZ2SancC69EE4nJLmOk= sha512-2poTQD5Awle1NOP5YXZXIrxLk5D7YrI/aeB0e2lFz8cO2ICKVmTPIFP7YhG92zOgIu34kKXSVaitPdLLS1U5xw==",
    "path": "/js/polyfills/datalist_dynamic.js"
  },
  "@/js/polyfills/datalist_dynamic.min.js": {
    "hashes": {
      "sha256": "gqoqw70SoayzOFVjTAhP5A5DvVL7hGNPcngz41Val/A=",
      "sha512": "krQyKMZp1/5pkOTC1ne8CfYFQDr1dEUlF9NTOZ7ScimSQKp27zpuC6sT/j6yQPakNBakrjcCEjas9NZKSnZslQ=="
    },
    "integrity": "sha256-gqoqw70SoayzOFVjTAhP5A5DvVL7hGNPcngz41Val/A= sha512-krQyKMZp1/5pkOTC1ne8CfYFQDr1dEUlF9NTOZ7ScimSQKp27zpuC6sT/j6yQPakNBakrjcCEjas9NZKSnZslQ==",
    "path": "/js/polyfills/datalist_dynamic.min.js"
  },
  "@/js/polyfills/datalist.js": {
    "hashes": {
      "sha256": "GyJOOKV+DD4Q61WTPMhOPQGFl7dPwX72wqKnn9oC+CQ=",
      "sha512": "yI7IsShREsDk+8oTjRB/xefudh2XZE21oMI7HP5y72+sVyqVsoYHb7TOjnPS4pVoKcH+Bd//RXVtY4lBPE7S0A=="
    },
    "integrity": "sha256-GyJOOKV+DD4Q61WTPMhOPQGFl7dPwX72wqKnn9oC+CQ= sha512-yI7IsShREsDk+8oTjRB/xefudh2XZE21oMI7HP5y72+sVyqVsoYHb7TOjnPS4pVoKcH+Bd//RXVtY4lBPE7S0A==",
    "path": "/js/polyfills/datalist.js"
  },
  "@/js/polyfills/datalist.min.js": {
    "hashes": {
      "sha256": "UXZDArLGD2YA4yNVvYO+XKHVyz4W6te0ZNy76gTgGrY=",
      "sha512": "kg5epz6nIXuCY0DlAGmzsHrTCfEFk3iJTTFuRjDknb3ODBQ0y+106PvaOiNZW55wU0u1zmgqu8kOsAXNjQWe8w=="
    },
    "integrity": "sha256-UXZDArLGD2YA4yNVvYO+XKHVyz4W6te0ZNy76gTgGrY= sha512-kg5epz6nIXuCY0DlAGmzsHrTCfEFk3iJTTFuRjDknb3ODBQ0y+106PvaOiNZW55wU0u1zmgqu8kOsAXNjQWe8w==",
    "path": "/js/polyfills/datalist.min.js"
  },
  "@/js/polyfills/datepicker.js": {
    "hashes": {
      "sha256": "dJmAiwHZIbsBBH2lqDiEc9qT0biLtbOJMvqljxY35+s=",
      "sha512": "yXs6lJMuMs/N4qBA6tgnyy/8UHvcqUKmnXqdyZzWwNOwq4U0rgLAmlnxDwrTEfS6igY3n8/xI0ae1N18EgVUFg=="
    },
    "integrity": "sha256-dJmAiwHZIbsBBH2lqDiEc9qT0biLtbOJMvqljxY35+s= sha512-yXs6lJMuMs/N4qBA6tgnyy/8UHvcqUKmnXqdyZzWwNOwq4U0rgLAmlnxDwrTEfS6igY3n8/xI0ae1N18EgVUFg==",
    "path": "/js/polyfills/datepicker.js"
  },
  "@/js/polyfills/datepicker.min.js": {
    "hashes": {
      "sha256": "NNzP9XQ4fblgfJovej9mCE8RXmg0TWHSSQvhzrLj6Ak=",
      "sha512": "un0jvcSy8wUEP6/eUJ4dj5X9Y298g/zvdm82J2LIYZlvEqBdbt70Bm+RKOEF4X1nkhnJM48gUf9CJAV6vVKA7w=="
    },
    "integrity": "sha256-NNzP9XQ4fblgfJovej9mCE8RXmg0TWHSSQvhzrLj6Ak= sha512-un0jvcSy8wUEP6/eUJ4dj5X9Y298g/zvdm82J2LIYZlvEqBdbt70Bm+RKOEF4X1nkhnJM48gUf9CJAV6vVKA7w==",
    "path": "/js/polyfills/datepicker.min.js"
  },
  "@/js/polyfills/details.js": {
    "hashes": {
      "sha256": "VbtaGy6nm0rUix1ESDXZBOuruFoYPLWcQEVvJyHVQ7s=",
      "sha512": "GVbgXweQbBKB6pt4znNSk265dv7N1QQ0lOYq3QELrEauWSVaIrRC+qcTXrqoHVr8GQuoVtA5uh0FL3hKxCDT9Q=="
    },
    "integrity": "sha256-VbtaGy6nm0rUix1ESDXZBOuruFoYPLWcQEVvJyHVQ7s= sha512-GVbgXweQbBKB6pt4znNSk265dv7N1QQ0lOYq3QELrEauWSVaIrRC+qcTXrqoHVr8GQuoVtA5uh0FL3hKxCDT9Q==",
    "path": "/js/polyfills/details.js"
  },
  "@/js/polyfills/details.min.js": {
    "hashes": {
      "sha256": "uRBEuyB8k1ZsZs780J4pOBS99C7UkEza/7cJux98srs=",
      "sha512": "DMhGcNhoUIM7q7EiFQDqpb9eaiNc3N58+SAc8nqMEqD+Hy6pPbWSnK0Dt6HqGUNfVhPPXRvA+ag3k4OgYCimVg=="
    },
    "integrity": "sha256-uRBEuyB8k1ZsZs780J4pOBS99C7UkEza/7cJux98srs= sha512-DMhGcNhoUIM7q7EiFQDqpb9eaiNc3N58+SAc8nqMEqD+Hy6pPbWSnK0Dt6HqGUNfVhPPXRvA+ag3k4OgYCimVg==",
    "path": "/js/polyfills/details.min.js"
  },
  "@/js/polyfills/jawsariafixes.js": {
    "hashes": {
      "sha256": "Aye3vQN5MdkmWa3F1ZUxFZKtzLw3f+kmpJ4iXmGRN+U=",
      "sha512": "kqjvHmCO7M0KLbhb5sQRWZnEwMaYZB+bn5FxFTASQFr4iQhl6A/oUBNTFbYwsysh1Ze/d2xXeCLojSgy7tzf5g=="
    },
    "integrity": "sha256-Aye3vQN5MdkmWa3F1ZUxFZKtzLw3f+kmpJ4iXmGRN+U= sha512-kqjvHmCO7M0KLbhb5sQRWZnEwMaYZB+bn5FxFTASQFr4iQhl6A/oUBNTFbYwsysh1Ze/d2xXeCLojSgy7tzf5g==",
    "path": "/js/polyfills/jawsariafixes.js"
  },
  "@/js/polyfills/jawsariafixes.min.js": {
    "hashes": {
      "sha256": "/qdziuMn0gfVkXTU2o4nB/fBh8Ob6BhvL0mf//X+aLY=",
      "sha512": "/CFmw/7QM+4qCBHc5RfGrG4DEDR1L5vMu/C3cUve+bA/7eG3r9l+/mVKy9DgVtn4E9R0Nhyb0X3A4cmQbKcn6w=="
    },
    "integrity": "sha256-/qdziuMn0gfVkXTU2o4nB/fBh8Ob6BhvL0mf//X+aLY= sha512-/CFmw/7QM+4qCBHc5RfGrG4DEDR1L5vMu/C3cUve+bA/7eG3r9l+/mVKy9DgVtn4E9R0Nhyb0X3A4cmQbKcn6w==",
    "path": "/js/polyfills/jawsariafixes.min.js"
  },
  "@/js/polyfills/meter.js": {
    "hashes": {
      "sha256": "PsJtsc1C/z6mi4hlC83OUg9Dw//I3t26gfxEn85+v9s=",
      "sha512": "D3W2VmkVx0fSlsjTqD1En/DdgLsvXTImp8q4GPZ/Dtps6laY5JeN68zHll9uxJ2EOnygh+q8DyK+cVTH2fe+5A=="
    },
    "integrity": "sha256-PsJtsc1C/z6mi4hlC83OUg9Dw//I3t26gfxEn85+v9s= sha512-D3W2VmkVx0fSlsjTqD1En/DdgLsvXTImp8q4GPZ/Dtps6laY5JeN68zHll9uxJ2EOnygh+q8DyK+cVTH2fe+5A==",
    "path": "/js/polyfills/meter.js"
  },
  "@/js/polyfills/meter.min.js": {
    "hashes": {
      "sha256": "2XUZIC7zTHiWyUyBQDVVkBPJ7dBo86y0npc3ATMB2ys=",
      "sha512": "g9ZtsJVwjS1CzlDZ0udg+TxujQ0GZuzVaJaT1boaO2RdMkrSrEHf37macaAwe2E1nqfIevQNaqRN5fGTCgRoGw=="
    },
    "integrity": "sha256-2XUZIC7zTHiWyUyBQDVVkBPJ7dBo86y0npc3ATMB2ys= sha512-g9ZtsJVwjS1CzlDZ0udg+TxujQ0GZuzVaJaT1boaO2RdMkrSrEHf37macaAwe2E1nqfIevQNaqRN5fGTCgRoGw==",
    "path": "/js/polyfills/meter.min.js"
  },
  "@/js/polyfills/mobile.js": {
    "hashes": {
      "sha256": "jif02hD3oz2hlCFxgIWNxU/Gz5soxYIbmtAooS5gAGA=",
      "sha512": "+RCHsTy0XsBO6mFNOvzTNai9YnWWIY5UqxGnkxBw9MCsW0Dx5xVhtmSbzjgWsrohLyrqbNe9Kqgstbgv8wInQQ=="
    },
    "integrity": "sha256-jif02hD3oz2hlCFxgIWNxU/Gz5soxYIbmtAooS5gAGA= sha512-+RCHsTy0XsBO6mFNOvzTNai9YnWWIY5UqxGnkxBw9MCsW0Dx5xVhtmSbzjgWsrohLyrqbNe9Kqgstbgv8wInQQ==",
    "path": "/js/polyfills/mobile.js"
  },
  "@/js/polyfills/mobile.min.js": {
    "hashes": {
      "sha256": "jEH/0OpiAbUpTmkmoVBnqBDnBhOrRj0s5SbSqcI+KFY=",
      "sha512": "LRzGQey5PhnGhHpeGYxV2vzExGEvtH2NA3oJ14c1rWtqGqHRkkENmS63fBuM9TzA68A6Gbj6LaVKJu9nOE1tPA=="
    },
    "integrity": "sha256-jEH/0OpiAbUpTmkmoVBnqBDnBhOrRj0s5SbSqcI+KFY= sha512-LRzGQey5PhnGhHpeGYxV2vzExGEvtH2NA3oJ14c1rWtqGqHRkkENmS63fBuM9TzA68A6Gbj6LaVKJu9nOE1tPA==",
    "path": "/js/polyfills/mobile.min.js"
  },
  "@/js/polyfills/progress.js": {
    "hashes": {
      "sha256": "Svcjp/YUwOqMM7M0H6BcEeV+L23C5PHHaREFAHgTKy0=",
      "sha512": "sQFBM5zVEfAXzm7UAlrSbTpp7CixOAS4AGSaI//Na3AUeCn0gSpOECf0MZKzoRtDm78tmrvbOkRAGea1BCByiw=="
    },
    "integrity": "sha256-Svcjp/YUwOqMM7M0H6BcEeV+L23C5PHHaREFAHgTKy0= sha512-sQFBM5zVEfAXzm7UAlrSbTpp7CixOAS4AGSaI//Na3AUeCn0gSpOECf0MZKzoRtDm78tmrvbOkRAGea1BCByiw==",
    "path": "/js/polyfills/progress.js"
  },
  "@/js/polyfills/progress.min.js": {
    "hashes": {
      "sha256": "4KLfMOEpDrhO3IhmMG6hgFxi7Dlc9aeGT9tOa1eWXZ8=",
      "sha512": "lsrHJmJtWhCv2uvDlLyNbRapFGMXbFfkZiygYXHyVWieEa+x3mqdXhK334D6ap7teTX54fYcSVLmT7HltJ2++Q=="
    },
    "integrity": "sha256-4KLfMOEpDrhO3IhmMG6hgFxi7Dlc9aeGT9tOa1eWXZ8= sha512-lsrHJmJtWhCv2uvDlLyNbRapFGMXbFfkZiygYXHyVWieEa+x3mqdXhK334D6ap7teTX54fYcSVLmT7HltJ2++Q==",
    "path": "/js/polyfills/progress.min.js"
  },
  "@/js/polyfills/slider_wrapper.js": {
    "hashes": {
      "sha256": "X4PaEd7STg3sO/AHzAtX6Lktha0IeIR+pxl64Oyz7TQ=",
      "sha512": "66GDW50TZDo23Xb/4S93hrfyRH1Q06YEzWbTdVCsbKvJI5xWt3RjjMvjhczWES2ung/oEKpHT1DACGtkhygd8A=="
    },
    "integrity": "sha256-X4PaEd7STg3sO/AHzAtX6Lktha0IeIR+pxl64Oyz7TQ= sha512-66GDW50TZDo23Xb/4S93hrfyRH1Q06YEzWbTdVCsbKvJI5xWt3RjjMvjhczWES2ung/oEKpHT1DACGtkhygd8A==",
    "path": "/js/polyfills/slider_wrapper.js"
  },
  "@/js/polyfills/slider_wrapper.min.js": {
    "hashes": {
      "sha256": "4vvhO0MyeUq2piFGSkOv1Be1Yk6yKI0LYiU6AQ6tRog=",
      "sha512": "7XpEQdEKPIeMK/IahZTjSeKT+JUqlky5US8iSirGq05l08ZVJzxzJVMUozW/UTWZnbhf9XbnUvaEg7Q8EQ0WQQ=="
    },
    "integrity": "sha256-4vvhO0MyeUq2piFGSkOv1Be1Yk6yKI0LYiU6AQ6tRog= sha512-7XpEQdEKPIeMK/IahZTjSeKT+JUqlky5US8iSirGq05l08ZVJzxzJVMUozW/UTWZnbhf9XbnUvaEg7Q8EQ0WQQ==",
    "path": "/js/polyfills/slider_wrapper.min.js"
  },
  "@/js/polyfills/slider.js": {
    "hashes": {
      "sha256": "gsUT5b0d3zYziAeQgjoAbDxmsBMSEHl7MJtGKF1bCMk=",
      "sha512": "viq+vfliLYfbR2ZVBVGNnG50XBYixRiM/7eEixUDj1q2jLNNaWfk1lMvqyrsSYbLzvaGm9B2u4/n2+v2g4Ix4g=="
    },
    "integrity": "sha256-gsUT5b0d3zYziAeQgjoAbDxmsBMSEHl7MJtGKF1bCMk= sha512-viq+vfliLYfbR2ZVBVGNnG50XBYixRiM/7eEixUDj1q2jLNNaWfk1lMvqyrsSYbLzvaGm9B2u4/n2+v2g4Ix4g==",
    "path": "/js/polyfills/slider.js"
  },
  "@/js/polyfills/slider.min.js": {
    "hashes": {
      "sha256": "0f1qA6W69GU7ab9sSA4jbu8jm5KhZMKyN926SXyoFik=",
      "sha512": "h5eIwroga/hJgz2TTRmKgM9fR2OmsVGDvDKUwUtRoCLNcnixagdNk7jaAhQbAhJ9y7q2RsJdHLVVi71zA55wfQ=="
    },
    "integrity": "sha256-0f1qA6W69GU7ab9sSA4jbu8jm5KhZMKyN926SXyoFik= sha512-h5eIwroga/hJgz2TTRmKgM9fR2OmsVGDvDKUwUtRoCLNcnixagdNk7jaAhQbAhJ9y7q2RsJdHLVVi71zA55wfQ==",
    "path": "/js/polyfills/slider.min.js"
  },
  "@/js/polyfills/svg.js": {
    "hashes": {
      "sha256": "SOa9FqnUyYxYUCnvQxR3iWkoqyiql6SE11bzhf2k9OI=",
      "sha512": "/9QUaQgSpK1+yDheej8UKJ2EKVKeuH6O96Vx9HZJgznnZckp2I3O/0ZN9CYQrsZFd8k1xVOmxHg6FF4P91E7Dw=="
    },
    "integrity": "sha256-SOa9FqnUyYxYUCnvQxR3iWkoqyiql6SE11bzhf2k9OI= sha512-/9QUaQgSpK1+yDheej8UKJ2EKVKeuH6O96Vx9HZJgznnZckp2I3O/0ZN9CYQrsZFd8k1xVOmxHg6FF4P91E7Dw==",
    "path": "/js/polyfills/svg.js"
  },
  "@/js/polyfills/svg.min.js": {
    "hashes": {
      "sha256": "ATBeoCVxTMNahL5bnBT/GQfCP6bFIQ76C55qlut4bAk=",
      "sha512": "AGq6I0jUblIxlmRKsiDC+VWT8dz1Fk9oZlY1EjyQ7Sy6P16wdqaYZi1+uLUCTqtjpUF3nvu0cHL2uS9Mfo46HQ=="
    },
    "integrity": "sha256-ATBeoCVxTMNahL5bnBT/GQfCP6bFIQ76C55qlut4bAk= sha512-AGq6I0jUblIxlmRKsiDC+VWT8dz1Fk9oZlY1EjyQ7Sy6P16wdqaYZi1+uLUCTqtjpUF3nvu0cHL2uS9Mfo46HQ==",
    "path": "/js/polyfills/svg.min.js"
  },
  "@/js/polyfills/test.js": {
    "hashes": {
      "sha256": "QyGPcXgnmpfleJikD2WbOw4jO7F+tVm6u+3hpea42A4=",
      "sha512": "65bhzUrD13XtiAbQ+oyIDE0q9p5VhAswVga4l3I58mDV8IbC/E82ItRcco7E0N63t3tftEYyN+i2fcUS30Rb9Q=="
    },
    "integrity": "sha256-QyGPcXgnmpfleJikD2WbOw4jO7F+tVm6u+3hpea42A4= sha512-65bhzUrD13XtiAbQ+oyIDE0q9p5VhAswVga4l3I58mDV8IbC/E82ItRcco7E0N63t3tftEYyN+i2fcUS30Rb9Q==",
    "path": "/js/polyfills/test.js"
  },
  "@/js/polyfills/test.min.js": {
    "hashes": {
      "sha256": "KM7E7M9lm87u6wFgVtRUGIpY9iE7FXkfCZLWZlpTFic=",
      "sha512": "7B2+Atp4rEShb14+T/MzEdW6+AczDbO3w8XjFdDnQYBdFaMANnOykrgTz4jlqpGdd6uM98TupWpz3e1lomC43w=="
    },
    "integrity": "sha256-KM7E7M9lm87u6wFgVtRUGIpY9iE7FXkfCZLWZlpTFic= sha512-7B2+Atp4rEShb14+T/MzEdW6+AczDbO3w8XjFdDnQYBdFaMANnOykrgTz4jlqpGdd6uM98TupWpz3e1lomC43w==",
    "path": "/js/polyfills/test.min.js"
  },
  "@/js/wet-boew.js": {
    "hashes": {
      "sha256": "dvHsii/mtvSLW7GtD1erYn+U2NUXD9KOZ0xKvx0+fF8=",
      "sha512": "SX6NzWyYYbjdHbGAi+06av6VmHUxsDrneY+8PUDNKbpExdkmRON0U+SyvPCCkF4mmTguyDvCKZRaVNV7xFYnZg=="
    },
    "integrity": "sha256-dvHsii/mtvSLW7GtD1erYn+U2NUXD9KOZ0xKvx0+fF8= sha512-SX6NzWyYYbjdHbGAi+06av6VmHUxsDrneY+8PUDNKbpExdkmRON0U+SyvPCCkF4mmTguyDvCKZRaVNV7xFYnZg==",
    "path": "/js/wet-boew.js"
  },
  "@/js/wet-boew.min.js": {
    "hashes": {
      "sha256": "QQPUMsfHXNRmy9Qtx5UWgSzDSXXgP8914SJmGLDHmIc=",
      "sha512": "QRCMpwGOBQfb502VFf+NnbkmDnceaYWZj2pzGtG2d4qUlZKRRcs7XqtpeJLYFEZuqzxqWezkH3nbDWjD/sFI6g=="
    },
    "integrity": "sha256-QQPUMsfHXNRmy9Qtx5UWgSzDSXXgP8914SJmGLDHmIc= sha512-QRCMpwGOBQfb502VFf+NnbkmDnceaYWZj2pzGtG2d4qUlZKRRcs7XqtpeJLYFEZuqzxqWezkH3nbDWjD/sFI6g==",
    "path": "/js/wet-boew.min.js"
  }
}