<powerpagecomponent powerpagecomponentid="34af9799-5a9a-ee11-be37-0022483c04c3">
  <content>{
  "contentdisposition": 756150000,
  "enabletracking": false,
  "excludefromsearch": false,
  "hiddenfromsitemap": false,
  "parentpageid": "05da0c96-5a9a-ee11-be37-0022483d081a",
  "partialurl": "theme.min.js",
  "publishingstateid": "e007803a-e299-ee11-be37-0022483c04c3"
}</content>
  <filecontent mimetype="application/octet-stream">theme.min.js</filecontent>
  <iscustomizable>1</iscustomizable>
  <name>theme.min.js</name>
  <powerpagecomponenttype>3</powerpagecomponenttype>
  <powerpagesiteid>
    <powerpagesiteid>27ad7a40-e299-ee11-be37-0022483c04c3</powerpagesiteid>
  </powerpagesiteid>
  <statecode>0</statecode>
  <statuscode>1</statuscode>
</powerpagecomponent>