<powerpagecomponent powerpagecomponentid="06c6ad77-5a9a-ee11-be37-0022483d081a">
  <content>{
  "contentdisposition": 756150000,
  "enabletracking": false,
  "excludefromsearch": false,
  "hiddenfromsitemap": false,
  "parentpageid": "01c6ad77-5a9a-ee11-be37-0022483d081a",
  "partialurl": "2-wetplugin-gcweb2.html",
  "publishingstateid": "e007803a-e299-ee11-be37-0022483c04c3"
}</content>
  <filecontent mimetype="application/octet-stream">2-wetplugin-gcweb2.html</filecontent>
  <iscustomizable>1</iscustomizable>
  <name>2-wetplugin-gcweb2.html</name>
  <powerpagecomponenttype>3</powerpagecomponenttype>
  <powerpagesiteid>
    <powerpagesiteid>27ad7a40-e299-ee11-be37-0022483c04c3</powerpagesiteid>
  </powerpagesiteid>
  <statecode>0</statecode>
  <statuscode>1</statuscode>
</powerpagecomponent>