<powerpagecomponent powerpagecomponentid="0433b0ab-5a9a-ee11-be37-0022483c04c3">
  <content>{
  "contentdisposition": 756150000,
  "enabletracking": false,
  "excludefromsearch": false,
  "hiddenfromsitemap": false,
  "parentpageid": "05c77da6-5a9a-ee11-be37-000d3aff3da3",
  "partialurl": "zoom-minus-mini.png",
  "publishingstateid": "e007803a-e299-ee11-be37-0022483c04c3"
}</content>
  <filecontent mimetype="application/octet-stream">zoom-minus-mini.png</filecontent>
  <iscustomizable>1</iscustomizable>
  <name>zoom-minus-mini.png</name>
  <powerpagecomponenttype>3</powerpagecomponenttype>
  <powerpagesiteid>
    <powerpagesiteid>27ad7a40-e299-ee11-be37-0022483c04c3</powerpagesiteid>
  </powerpagesiteid>
  <statecode>0</statecode>
  <statuscode>1</statuscode>
</powerpagecomponent>