{
  "properties": {
    "connectionReferences": {
      "shared_commondataserviceforapps": {
        "runtimeSource": "embedded",
        "connection": {
          "connectionReferenceLogicalName": "clds_sharedcommondataserviceforapps_a0b9a"
        },
        "api": {
          "name": "shared_commondataserviceforapps"
        }
      }
    },
    "definition": {
      "$schema": "https://schema.management.azure.com/providers/Microsoft.Logic/schemas/2016-06-01/workflowdefinition.json#",
      "contentVersion": "1.0.0.0",
      "parameters": {
        "$connections": {
          "defaultValue": {},
          "type": "Object"
        },
        "$authentication": {
          "defaultValue": {},
          "type": "SecureObject"
        }
      },
      "triggers": {
        "manual": {
          "metadata": {
            "operationMetadataId": "2e2bafd1-5142-48ec-a921-cef8a70335c1"
          },
          "type": "Request",
          "kind": "Http",
          "inputs": {
            "schema": {
              "type": "object",
              "properties": {
                "name": {
                  "type": "string"
                },
                "filecontent": {
                  "type": "string"
                },
                "powerpagecomponentid": {
                  "type": "string"
                }
              }
            },
            "method": "POST",
            "triggerAuthenticationType": "All"
          }
        }
      },
      "actions": {
        "Upload_a_file_or_an_image": {
          "runAfter": {},
          "metadata": {
            "operationMetadataId": "1bad5a05-4369-404e-bc57-295b7017e6b4"
          },
          "type": "OpenApiConnection",
          "inputs": {
            "host": {
              "connectionName": "shared_commondataserviceforapps",
              "operationId": "UpdateEntityFileImageFieldContent",
              "apiId": "/providers/Microsoft.PowerApps/apis/shared_commondataserviceforapps"
            },
            "parameters": {
              "entityName": "powerpagecomponents",
              "recordId": "@triggerBody()?['powerpagecomponentid']",
              "fileImageFieldName": "filecontent",
              "item": "@base64ToBinary(triggerBody()?['filecontent'])",
              "x-ms-file-name": "@triggerBody()?['name']"
            },
            "authentication": "@parameters('$authentication')"
          }
        },
        "Response": {
          "runAfter": {
            "Upload_a_file_or_an_image": [
              "Succeeded"
            ]
          },
          "metadata": {
            "operationMetadataId": "4fc2f4ea-69cd-4a37-b161-d50059043373"
          },
          "type": "Response",
          "kind": "Http",
          "inputs": {
            "statusCode": 200,
            "schema": {
              "message": "file created"
            }
          }
        }
      }
    },
    "templateName": ""
  },
  "schemaVersion": "1.0.0.0"
}