<powerpagecomponent powerpagecomponentid="656ef9f2-1c36-465a-9f10-0f97dd7b137d">
  <content>{
  "appendquerystring": false,
  "associatecurrentportaluser": false,
  "attachfile": false,
  "attachfileallowmultiple": false,
  "attachfilerequired": false,
  "attachfilerestrictaccept": false,
  "autogeneratesteps": false,
  "captcharequired": true,
  "entityname": "contact",
  "entitypermissionsenabled": true,
  "entitysourcetype": 756150001,
  "forceallfieldsrequired": false,
  "formname": "Portal Contact (Enhanced)",
  "geolocation_displaymap": false,
  "geolocation_enabled": false,
  "geolocation_maptype": 756150000,
  "hideformonsuccess": true,
  "mode": 100000001,
  "onsuccess": 756150000,
  "populatereferenceentitylookupfield": false,
  "portaluserlookupattributeisactivityparty": false,
  "recommendedfieldsrequired": false,
  "recordidquerystringparametername": "id",
  "recordsourceallowcreateonnull": false,
  "redirecturlappendentityidquerystring": false,
  "referenceentityshowreadonlyform": false,
  "referencequerystringisprimarykey": true,
  "renderwebresourcesinline": false,
  "setentityreference": false,
  "showcaptchaforauthenticatedusers": false,
  "showownerfields": false,
  "showunsupportedfields": false,
  "tooltipenabled": false,
  "validationsummarylinksenabled": true,
  "tabname": "general"
}</content>
  <iscustomizable>1</iscustomizable>
  <name>Portal Contact</name>
  <powerpagecomponenttype>15</powerpagecomponenttype>
  <powerpagesiteid>
    <powerpagesiteid>27ad7a40-e299-ee11-be37-0022483c04c3</powerpagesiteid>
  </powerpagesiteid>
  <statecode>0</statecode>
  <statuscode>1</statuscode>
</powerpagecomponent>