{
  "locale": "en-US",
  "card": {
    "backgroundColor": "#FFA500",
    "issuedBy": "Microsoft",
    "textColor": "#000000",
    "title": "Verifiable Credential Expert",
    "logo": {
      "description": "Default VC logo",
      "uri": "https://didcustomerplayground.blob.core.windows.net/public/VerifiedCredentialExpert_icon.png"
    },
    "description": "Use your verified credential to prove to anyone that you know all about verifiable credentials."
  },
  "consent": {
    "title": "Do you want to get your Verified Credential?",
    "instructions": "Sign in with your account to get your card."
  },
  "claims": [
    {
      "claim": "vc.credentialSubject.firstName",
      "label": "Name",
      "type": "String"
    },
    {
      "claim": "vc.credentialSubject.lastName",
      "label": "Surname",
      "type": "String"
    }
  ]
}

