<powerpagecomponent powerpagecomponentid="5bf597df-8c99-ee11-be37-0022483c04c3">
  <content>{
  "display_name": "Account/Signin/Terms And Conditions Button Text",
  "type": 756150000,
  "value": "Continue"
}</content>
  <iscustomizable>1</iscustomizable>
  <name>Account/Signin/TermsAndConditionsButtonText</name>
  <powerpagecomponenttype>7</powerpagecomponenttype>
  <powerpagesiteid>
    <powerpagesiteid>27ad7a40-e299-ee11-be37-0022483c04c3</powerpagesiteid>
  </powerpagesiteid>
  <powerpagesitelanguageid>
    <powerpagesitelanguageid>2ead7a40-e299-ee11-be37-0022483c04c3</powerpagesitelanguageid>
  </powerpagesitelanguageid>
  <statecode>0</statecode>
  <statuscode>1</statuscode>
</powerpagecomponent>