<powerpagecomponent powerpagecomponentid="13ad7a40-e299-ee11-be37-0022483c04c3">
  <content>{
  "anonymoususersrole": false,
  "authenticatedusersrole": true
}</content>
  <iscustomizable>1</iscustomizable>
  <name>Authenticated Users</name>
  <powerpagecomponenttype>11</powerpagecomponenttype>
  <powerpagesiteid>
    <powerpagesiteid>27ad7a40-e299-ee11-be37-0022483c04c3</powerpagesiteid>
  </powerpagesiteid>
  <statecode>0</statecode>
  <statuscode>1</statuscode>
</powerpagecomponent>